{"efVersion":"0.11.7","efModuleName":["Control","Comonad","Traced"],"efExports":[{"ReExportRef":[{"start":[1,1],"name":"/home/stpl/Desktop/purs/MainRebuilt/bower_components/purescript-transformers/src/Control/Comonad/Traced.purs","end":[29,23]},["Control","Comonad","Traced","Trans"],{"TypeRef":[{"start":[1,1],"name":"/home/stpl/Desktop/purs/MainRebuilt/bower_components/purescript-transformers/src/Control/Comonad/Traced.purs","end":[29,23]},"TracedT",["TracedT"]]}]},{"ReExportRef":[{"start":[1,1],"name":"/home/stpl/Desktop/purs/MainRebuilt/bower_components/purescript-transformers/src/Control/Comonad/Traced.purs","end":[29,23]},["Control","Comonad","Traced","Class"],{"TypeClassRef":[{"start":[1,1],"name":"/home/stpl/Desktop/purs/MainRebuilt/bower_components/purescript-transformers/src/Control/Comonad/Traced.purs","end":[29,23]},"ComonadTraced"]}]},{"ReExportRef":[{"start":[1,1],"name":"/home/stpl/Desktop/purs/MainRebuilt/bower_components/purescript-transformers/src/Control/Comonad/Traced.purs","end":[29,23]},["Control","Comonad","Traced","Class"],{"ValueRef":[{"start":[1,1],"name":"/home/stpl/Desktop/purs/MainRebuilt/bower_components/purescript-transformers/src/Control/Comonad/Traced.purs","end":[29,23]},{"Ident":"censor"}]}]},{"ReExportRef":[{"start":[1,1],"name":"/home/stpl/Desktop/purs/MainRebuilt/bower_components/purescript-transformers/src/Control/Comonad/Traced.purs","end":[29,23]},["Control","Comonad","Traced","Class"],{"ValueRef":[{"start":[1,1],"name":"/home/stpl/Desktop/purs/MainRebuilt/bower_components/purescript-transformers/src/Control/Comonad/Traced.purs","end":[29,23]},{"Ident":"listen"}]}]},{"ReExportRef":[{"start":[1,1],"name":"/home/stpl/Desktop/purs/MainRebuilt/bower_components/purescript-transformers/src/Control/Comonad/Traced.purs","end":[29,23]},["Control","Comonad","Traced","Class"],{"ValueRef":[{"start":[1,1],"name":"/home/stpl/Desktop/purs/MainRebuilt/bower_components/purescript-transformers/src/Control/Comonad/Traced.purs","end":[29,23]},{"Ident":"listens"}]}]},{"ReExportRef":[{"start":[1,1],"name":"/home/stpl/Desktop/purs/MainRebuilt/bower_components/purescript-transformers/src/Control/Comonad/Traced.purs","end":[29,23]},["Control","Comonad","Traced","Trans"],{"ValueRef":[{"start":[1,1],"name":"/home/stpl/Desktop/purs/MainRebuilt/bower_components/purescript-transformers/src/Control/Comonad/Traced.purs","end":[29,23]},{"Ident":"runTracedT"}]}]},{"ReExportRef":[{"start":[1,1],"name":"/home/stpl/Desktop/purs/MainRebuilt/bower_components/purescript-transformers/src/Control/Comonad/Traced.purs","end":[29,23]},["Control","Comonad","Traced","Class"],{"ValueRef":[{"start":[1,1],"name":"/home/stpl/Desktop/purs/MainRebuilt/bower_components/purescript-transformers/src/Control/Comonad/Traced.purs","end":[29,23]},{"Ident":"track"}]}]},{"ReExportRef":[{"start":[1,1],"name":"/home/stpl/Desktop/purs/MainRebuilt/bower_components/purescript-transformers/src/Control/Comonad/Traced.purs","end":[29,23]},["Control","Comonad","Traced","Class"],{"ValueRef":[{"start":[1,1],"name":"/home/stpl/Desktop/purs/MainRebuilt/bower_components/purescript-transformers/src/Control/Comonad/Traced.purs","end":[29,23]},{"Ident":"tracks"}]}]},{"TypeRef":[{"start":[1,1],"name":"/home/stpl/Desktop/purs/MainRebuilt/bower_components/purescript-transformers/src/Control/Comonad/Traced.purs","end":[29,23]},"Traced",[]]},{"ValueRef":[{"start":[1,1],"name":"/home/stpl/Desktop/purs/MainRebuilt/bower_components/purescript-transformers/src/Control/Comonad/Traced.purs","end":[29,23]},{"Ident":"runTraced"}]},{"ValueRef":[{"start":[1,1],"name":"/home/stpl/Desktop/purs/MainRebuilt/bower_components/purescript-transformers/src/Control/Comonad/Traced.purs","end":[29,23]},{"Ident":"traced"}]},{"ModuleRef":[{"start":[7,5],"name":"/home/stpl/Desktop/purs/MainRebuilt/bower_components/purescript-transformers/src/Control/Comonad/Traced.purs","end":[7,40]},["Control","Comonad","Traced","Class"]]},{"ModuleRef":[{"start":[8,5],"name":"/home/stpl/Desktop/purs/MainRebuilt/bower_components/purescript-transformers/src/Control/Comonad/Traced.purs","end":[8,40]},["Control","Comonad","Traced","Trans"]]}],"efImports":[{"eiModule":["Prim"],"eiImportType":{"Implicit":[]},"eiImportedAs":["Prim"]},{"eiModule":["Prim"],"eiImportType":{"Implicit":[]},"eiImportedAs":null},{"eiModule":["Prelude"],"eiImportType":{"Implicit":[]},"eiImportedAs":null},{"eiModule":["Control","Comonad","Traced","Class"],"eiImportType":{"Explicit":[{"TypeClassRef":[{"start":[13,38],"name":"/home/stpl/Desktop/purs/MainRebuilt/bower_components/purescript-transformers/src/Control/Comonad/Traced.purs","end":[13,57]},"ComonadTraced"]},{"ValueRef":[{"start":[13,59],"name":"/home/stpl/Desktop/purs/MainRebuilt/bower_components/purescript-transformers/src/Control/Comonad/Traced.purs","end":[13,65]},{"Ident":"censor"}]},{"ValueRef":[{"start":[13,67],"name":"/home/stpl/Desktop/purs/MainRebuilt/bower_components/purescript-transformers/src/Control/Comonad/Traced.purs","end":[13,73]},{"Ident":"listen"}]},{"ValueRef":[{"start":[13,75],"name":"/home/stpl/Desktop/purs/MainRebuilt/bower_components/purescript-transformers/src/Control/Comonad/Traced.purs","end":[13,82]},{"Ident":"listens"}]},{"ValueRef":[{"start":[13,84],"name":"/home/stpl/Desktop/purs/MainRebuilt/bower_components/purescript-transformers/src/Control/Comonad/Traced.purs","end":[13,89]},{"Ident":"track"}]},{"ValueRef":[{"start":[13,91],"name":"/home/stpl/Desktop/purs/MainRebuilt/bower_components/purescript-transformers/src/Control/Comonad/Traced.purs","end":[13,97]},{"Ident":"tracks"}]}]},"eiImportedAs":null},{"eiModule":["Control","Comonad","Traced","Trans"],"eiImportType":{"Explicit":[{"TypeRef":[{"start":[14,38],"name":"/home/stpl/Desktop/purs/MainRebuilt/bower_components/purescript-transformers/src/Control/Comonad/Traced.purs","end":[14,49]},"TracedT",null]},{"ValueRef":[{"start":[14,51],"name":"/home/stpl/Desktop/purs/MainRebuilt/bower_components/purescript-transformers/src/Control/Comonad/Traced.purs","end":[14,61]},{"Ident":"runTracedT"}]}]},"eiImportedAs":null},{"eiModule":["Data","Identity"],"eiImportType":{"Explicit":[{"TypeRef":[{"start":[16,23],"name":"/home/stpl/Desktop/purs/MainRebuilt/bower_components/purescript-transformers/src/Control/Comonad/Traced.purs","end":[16,35]},"Identity",null]}]},"eiImportedAs":null},{"eiModule":["Data","Newtype"],"eiImportType":{"Explicit":[{"ValueRef":[{"start":[17,22],"name":"/home/stpl/Desktop/purs/MainRebuilt/bower_components/purescript-transformers/src/Control/Comonad/Traced.purs","end":[17,28]},{"Ident":"unwrap"}]}]},"eiImportedAs":null}],"efFixities":[],"efTypeFixities":[],"efDeclarations":[{"EDType":{"edTypeName":"Traced","edTypeKind":{"tag":"FunKind","contents":[{"tag":"NamedKind","contents":[["Prim"],"Type"]},{"tag":"FunKind","contents":[{"tag":"NamedKind","contents":[["Prim"],"Type"]},{"tag":"NamedKind","contents":[["Prim"],"Type"]}]}]},"edTypeDeclarationKind":"TypeSynonym"}},{"EDTypeSynonym":{"edTypeSynonymName":"Traced","edTypeSynonymArguments":[["m",{"tag":"NamedKind","contents":[["Prim"],"Type"]}]],"edTypeSynonymType":{"tag":"TypeApp","contents":[{"tag":"TypeApp","contents":[{"tag":"TypeConstructor","contents":[["Control","Comonad","Traced","Trans"],"TracedT"]},{"tag":"TypeVar","contents":"m"}]},{"tag":"TypeConstructor","contents":[["Data","Identity"],"Identity"]}]}}},{"EDValue":{"edValueName":{"Ident":"runTraced"},"edValueType":{"tag":"ForAll","contents":["a",{"tag":"ForAll","contents":["m",{"tag":"TypeApp","contents":[{"tag":"TypeApp","contents":[{"tag":"TypeConstructor","contents":[["Prim"],"Function"]},{"tag":"TypeApp","contents":[{"tag":"TypeApp","contents":[{"tag":"TypeApp","contents":[{"tag":"TypeConstructor","contents":[["Control","Comonad","Traced","Trans"],"TracedT"]},{"tag":"TypeVar","contents":"m"}]},{"tag":"TypeConstructor","contents":[["Data","Identity"],"Identity"]}]},{"tag":"TypeVar","contents":"a"}]}]},{"tag":"TypeApp","contents":[{"tag":"TypeApp","contents":[{"tag":"TypeConstructor","contents":[["Prim"],"Function"]},{"tag":"TypeVar","contents":"m"}]},{"tag":"TypeVar","contents":"a"}]}]},8]},9]}}},{"EDValue":{"edValueName":{"Ident":"traced"},"edValueType":{"tag":"ForAll","contents":["a",{"tag":"ForAll","contents":["m",{"tag":"TypeApp","contents":[{"tag":"TypeApp","contents":[{"tag":"TypeConstructor","contents":[["Prim"],"Function"]},{"tag":"TypeApp","contents":[{"tag":"TypeApp","contents":[{"tag":"TypeConstructor","contents":[["Prim"],"Function"]},{"tag":"TypeVar","contents":"m"}]},{"tag":"TypeVar","contents":"a"}]}]},{"tag":"TypeApp","contents":[{"tag":"TypeApp","contents":[{"tag":"TypeApp","contents":[{"tag":"TypeConstructor","contents":[["Control","Comonad","Traced","Trans"],"TracedT"]},{"tag":"TypeVar","contents":"m"}]},{"tag":"TypeConstructor","contents":[["Data","Identity"],"Identity"]}]},{"tag":"TypeVar","contents":"a"}]}]},0]},1]}}}],"efSourceSpan":{"start":[1,1],"name":"/home/stpl/Desktop/purs/MainRebuilt/bower_components/purescript-transformers/src/Control/Comonad/Traced.purs","end":[29,23]}}