{"efVersion":"0.11.7","efModuleName":["Control","Monad","Eff","Ref"],"efExports":[{"TypeRef":[{"start":[1,1],"name":"/home/stpl/Desktop/purs/Main-Project/bower_components/purescript-refs/src/Control/Monad/Eff/Ref.purs","end":[35,75]},"REF",[]]},{"TypeRef":[{"start":[1,1],"name":"/home/stpl/Desktop/purs/Main-Project/bower_components/purescript-refs/src/Control/Monad/Eff/Ref.purs","end":[35,75]},"Ref",[]]},{"ValueRef":[{"start":[1,1],"name":"/home/stpl/Desktop/purs/Main-Project/bower_components/purescript-refs/src/Control/Monad/Eff/Ref.purs","end":[35,75]},{"Ident":"newRef"}]},{"ValueRef":[{"start":[1,1],"name":"/home/stpl/Desktop/purs/Main-Project/bower_components/purescript-refs/src/Control/Monad/Eff/Ref.purs","end":[35,75]},{"Ident":"readRef"}]},{"ValueRef":[{"start":[1,1],"name":"/home/stpl/Desktop/purs/Main-Project/bower_components/purescript-refs/src/Control/Monad/Eff/Ref.purs","end":[35,75]},{"Ident":"modifyRef'"}]},{"ValueRef":[{"start":[1,1],"name":"/home/stpl/Desktop/purs/Main-Project/bower_components/purescript-refs/src/Control/Monad/Eff/Ref.purs","end":[35,75]},{"Ident":"modifyRef"}]},{"ValueRef":[{"start":[1,1],"name":"/home/stpl/Desktop/purs/Main-Project/bower_components/purescript-refs/src/Control/Monad/Eff/Ref.purs","end":[35,75]},{"Ident":"writeRef"}]}],"efImports":[{"eiModule":["Prim"],"eiImportType":{"Implicit":[]},"eiImportedAs":["Prim"]},{"eiModule":["Prim"],"eiImportType":{"Implicit":[]},"eiImportedAs":null},{"eiModule":["Prelude"],"eiImportType":{"Explicit":[{"TypeRef":[{"start":[9,17],"name":"/home/stpl/Desktop/purs/Main-Project/bower_components/purescript-refs/src/Control/Monad/Eff/Ref.purs","end":[9,21]},"Unit",[]]},{"ValueRef":[{"start":[9,23],"name":"/home/stpl/Desktop/purs/Main-Project/bower_components/purescript-refs/src/Control/Monad/Eff/Ref.purs","end":[9,27]},{"Ident":"unit"}]}]},"eiImportedAs":null},{"eiModule":["Control","Monad","Eff"],"eiImportType":{"Explicit":[{"TypeRef":[{"start":[10,27],"name":"/home/stpl/Desktop/purs/Main-Project/bower_components/purescript-refs/src/Control/Monad/Eff/Ref.purs","end":[10,30]},"Eff",[]]},{"KindRef":[{"start":[10,32],"name":"/home/stpl/Desktop/purs/Main-Project/bower_components/purescript-refs/src/Control/Monad/Eff/Ref.purs","end":[10,43]},"Effect"]}]},"eiImportedAs":null}],"efFixities":[],"efTypeFixities":[],"efDeclarations":[{"EDType":{"edTypeName":"REF","edTypeKind":{"tag":"NamedKind","contents":[["Control","Monad","Eff"],"Effect"]},"edTypeDeclarationKind":"ExternData"}},{"EDType":{"edTypeName":"Ref","edTypeKind":{"tag":"FunKind","contents":[{"tag":"NamedKind","contents":[["Prim"],"Type"]},{"tag":"NamedKind","contents":[["Prim"],"Type"]}]},"edTypeDeclarationKind":"ExternData"}},{"EDValue":{"edValueName":{"Ident":"newRef"},"edValueType":{"tag":"ForAll","contents":["r",{"tag":"ForAll","contents":["s",{"tag":"TypeApp","contents":[{"tag":"TypeApp","contents":[{"tag":"TypeConstructor","contents":[["Prim"],"Function"]},{"tag":"TypeVar","contents":"s"}]},{"tag":"TypeApp","contents":[{"tag":"TypeApp","contents":[{"tag":"TypeConstructor","contents":[["Control","Monad","Eff"],"Eff"]},{"tag":"RCons","contents":["ref",{"tag":"TypeConstructor","contents":[["Control","Monad","Eff","Ref"],"REF"]},{"tag":"TypeVar","contents":"r"}]}]},{"tag":"TypeApp","contents":[{"tag":"TypeConstructor","contents":[["Control","Monad","Eff","Ref"],"Ref"]},{"tag":"TypeVar","contents":"s"}]}]}]},null]},null]}}},{"EDValue":{"edValueName":{"Ident":"readRef"},"edValueType":{"tag":"ForAll","contents":["r",{"tag":"ForAll","contents":["s",{"tag":"TypeApp","contents":[{"tag":"TypeApp","contents":[{"tag":"TypeConstructor","contents":[["Prim"],"Function"]},{"tag":"TypeApp","contents":[{"tag":"TypeConstructor","contents":[["Control","Monad","Eff","Ref"],"Ref"]},{"tag":"TypeVar","contents":"s"}]}]},{"tag":"TypeApp","contents":[{"tag":"TypeApp","contents":[{"tag":"TypeConstructor","contents":[["Control","Monad","Eff"],"Eff"]},{"tag":"RCons","contents":["ref",{"tag":"TypeConstructor","contents":[["Control","Monad","Eff","Ref"],"REF"]},{"tag":"TypeVar","contents":"r"}]}]},{"tag":"TypeVar","contents":"s"}]}]},null]},null]}}},{"EDValue":{"edValueName":{"Ident":"modifyRef'"},"edValueType":{"tag":"ForAll","contents":["r",{"tag":"ForAll","contents":["b",{"tag":"ForAll","contents":["s",{"tag":"TypeApp","contents":[{"tag":"TypeApp","contents":[{"tag":"TypeConstructor","contents":[["Prim"],"Function"]},{"tag":"TypeApp","contents":[{"tag":"TypeConstructor","contents":[["Control","Monad","Eff","Ref"],"Ref"]},{"tag":"TypeVar","contents":"s"}]}]},{"tag":"TypeApp","contents":[{"tag":"TypeApp","contents":[{"tag":"TypeConstructor","contents":[["Prim"],"Function"]},{"tag":"TypeApp","contents":[{"tag":"TypeApp","contents":[{"tag":"TypeConstructor","contents":[["Prim"],"Function"]},{"tag":"TypeVar","contents":"s"}]},{"tag":"TypeApp","contents":[{"tag":"TypeConstructor","contents":[["Prim"],"Record"]},{"tag":"RCons","contents":["state",{"tag":"TypeVar","contents":"s"},{"tag":"RCons","contents":["value",{"tag":"TypeVar","contents":"b"},{"tag":"REmpty"}]}]}]}]}]},{"tag":"TypeApp","contents":[{"tag":"TypeApp","contents":[{"tag":"TypeConstructor","contents":[["Control","Monad","Eff"],"Eff"]},{"tag":"RCons","contents":["ref",{"tag":"TypeConstructor","contents":[["Control","Monad","Eff","Ref"],"REF"]},{"tag":"TypeVar","contents":"r"}]}]},{"tag":"TypeVar","contents":"b"}]}]}]},null]},null]},null]}}},{"EDValue":{"edValueName":{"Ident":"modifyRef"},"edValueType":{"tag":"ForAll","contents":["r",{"tag":"ForAll","contents":["s",{"tag":"TypeApp","contents":[{"tag":"TypeApp","contents":[{"tag":"TypeConstructor","contents":[["Prim"],"Function"]},{"tag":"TypeApp","contents":[{"tag":"TypeConstructor","contents":[["Control","Monad","Eff","Ref"],"Ref"]},{"tag":"TypeVar","contents":"s"}]}]},{"tag":"TypeApp","contents":[{"tag":"TypeApp","contents":[{"tag":"TypeConstructor","contents":[["Prim"],"Function"]},{"tag":"TypeApp","contents":[{"tag":"TypeApp","contents":[{"tag":"TypeConstructor","contents":[["Prim"],"Function"]},{"tag":"TypeVar","contents":"s"}]},{"tag":"TypeVar","contents":"s"}]}]},{"tag":"TypeApp","contents":[{"tag":"TypeApp","contents":[{"tag":"TypeConstructor","contents":[["Control","Monad","Eff"],"Eff"]},{"tag":"RCons","contents":["ref",{"tag":"TypeConstructor","contents":[["Control","Monad","Eff","Ref"],"REF"]},{"tag":"TypeVar","contents":"r"}]}]},{"tag":"TypeConstructor","contents":[["Data","Unit"],"Unit"]}]}]}]},0]},1]}}},{"EDValue":{"edValueName":{"Ident":"writeRef"},"edValueType":{"tag":"ForAll","contents":["r",{"tag":"ForAll","contents":["s",{"tag":"TypeApp","contents":[{"tag":"TypeApp","contents":[{"tag":"TypeConstructor","contents":[["Prim"],"Function"]},{"tag":"TypeApp","contents":[{"tag":"TypeConstructor","contents":[["Control","Monad","Eff","Ref"],"Ref"]},{"tag":"TypeVar","contents":"s"}]}]},{"tag":"TypeApp","contents":[{"tag":"TypeApp","contents":[{"tag":"TypeConstructor","contents":[["Prim"],"Function"]},{"tag":"TypeVar","contents":"s"}]},{"tag":"TypeApp","contents":[{"tag":"TypeApp","contents":[{"tag":"TypeConstructor","contents":[["Control","Monad","Eff"],"Eff"]},{"tag":"RCons","contents":["ref",{"tag":"TypeConstructor","contents":[["Control","Monad","Eff","Ref"],"REF"]},{"tag":"TypeVar","contents":"r"}]}]},{"tag":"TypeConstructor","contents":[["Data","Unit"],"Unit"]}]}]}]},null]},null]}}}],"efSourceSpan":{"start":[1,1],"name":"/home/stpl/Desktop/purs/Main-Project/bower_components/purescript-refs/src/Control/Monad/Eff/Ref.purs","end":[35,75]}}