{"efVersion":"0.11.7","efModuleName":["FFI","Util"],"efExports":[{"ValueRef":[{"start":[1,1],"name":"/home/stpl/Desktop/purs/MainRebuilt/bower_components/purescript-ffi-utils/src/FFI/Util.purs","end":[147,21]},{"Ident":"typeof"}]},{"ValueRef":[{"start":[1,1],"name":"/home/stpl/Desktop/purs/MainRebuilt/bower_components/purescript-ffi-utils/src/FFI/Util.purs","end":[147,21]},{"Ident":"instanceof"}]},{"ValueRef":[{"start":[1,1],"name":"/home/stpl/Desktop/purs/MainRebuilt/bower_components/purescript-ffi-utils/src/FFI/Util.purs","end":[147,21]},{"Ident":"stringify"}]},{"ValueRef":[{"start":[1,1],"name":"/home/stpl/Desktop/purs/MainRebuilt/bower_components/purescript-ffi-utils/src/FFI/Util.purs","end":[147,21]},{"Ident":"require"}]},{"ValueRef":[{"start":[1,1],"name":"/home/stpl/Desktop/purs/MainRebuilt/bower_components/purescript-ffi-utils/src/FFI/Util.purs","end":[147,21]},{"Ident":"parseOptions"}]},{"ValueRef":[{"start":[1,1],"name":"/home/stpl/Desktop/purs/MainRebuilt/bower_components/purescript-ffi-utils/src/FFI/Util.purs","end":[147,21]},{"Ident":"isNullOrUndefined"}]},{"ValueRef":[{"start":[1,1],"name":"/home/stpl/Desktop/purs/MainRebuilt/bower_components/purescript-ffi-utils/src/FFI/Util.purs","end":[147,21]},{"Ident":"property"}]},{"ValueRef":[{"start":[1,1],"name":"/home/stpl/Desktop/purs/MainRebuilt/bower_components/purescript-ffi-utils/src/FFI/Util.purs","end":[147,21]},{"Ident":"propertyPath"}]},{"ValueRef":[{"start":[1,1],"name":"/home/stpl/Desktop/purs/MainRebuilt/bower_components/purescript-ffi-utils/src/FFI/Util.purs","end":[147,21]},{"Ident":"property'"}]},{"ValueRef":[{"start":[1,1],"name":"/home/stpl/Desktop/purs/MainRebuilt/bower_components/purescript-ffi-utils/src/FFI/Util.purs","end":[147,21]},{"Ident":"propertyPath'"}]},{"ValueRef":[{"start":[1,1],"name":"/home/stpl/Desktop/purs/MainRebuilt/bower_components/purescript-ffi-utils/src/FFI/Util.purs","end":[147,21]},{"Ident":"setProperty"}]},{"ValueRef":[{"start":[1,1],"name":"/home/stpl/Desktop/purs/MainRebuilt/bower_components/purescript-ffi-utils/src/FFI/Util.purs","end":[147,21]},{"Ident":"setPropertyPath"}]},{"ValueRef":[{"start":[1,1],"name":"/home/stpl/Desktop/purs/MainRebuilt/bower_components/purescript-ffi-utils/src/FFI/Util.purs","end":[147,21]},{"Ident":"new"}]},{"ValueRef":[{"start":[1,1],"name":"/home/stpl/Desktop/purs/MainRebuilt/bower_components/purescript-ffi-utils/src/FFI/Util.purs","end":[147,21]},{"Ident":"new0"}]},{"ValueRef":[{"start":[1,1],"name":"/home/stpl/Desktop/purs/MainRebuilt/bower_components/purescript-ffi-utils/src/FFI/Util.purs","end":[147,21]},{"Ident":"new1"}]},{"ValueRef":[{"start":[1,1],"name":"/home/stpl/Desktop/purs/MainRebuilt/bower_components/purescript-ffi-utils/src/FFI/Util.purs","end":[147,21]},{"Ident":"new2"}]},{"ValueRef":[{"start":[1,1],"name":"/home/stpl/Desktop/purs/MainRebuilt/bower_components/purescript-ffi-utils/src/FFI/Util.purs","end":[147,21]},{"Ident":"new3"}]},{"ValueRef":[{"start":[1,1],"name":"/home/stpl/Desktop/purs/MainRebuilt/bower_components/purescript-ffi-utils/src/FFI/Util.purs","end":[147,21]},{"Ident":"new4"}]},{"ValueRef":[{"start":[1,1],"name":"/home/stpl/Desktop/purs/MainRebuilt/bower_components/purescript-ffi-utils/src/FFI/Util.purs","end":[147,21]},{"Ident":"new5"}]},{"ValueRef":[{"start":[1,1],"name":"/home/stpl/Desktop/purs/MainRebuilt/bower_components/purescript-ffi-utils/src/FFI/Util.purs","end":[147,21]},{"Ident":"new6"}]},{"ValueRef":[{"start":[1,1],"name":"/home/stpl/Desktop/purs/MainRebuilt/bower_components/purescript-ffi-utils/src/FFI/Util.purs","end":[147,21]},{"Ident":"new7"}]},{"ValueRef":[{"start":[1,1],"name":"/home/stpl/Desktop/purs/MainRebuilt/bower_components/purescript-ffi-utils/src/FFI/Util.purs","end":[147,21]},{"Ident":"newEff0"}]},{"ValueRef":[{"start":[1,1],"name":"/home/stpl/Desktop/purs/MainRebuilt/bower_components/purescript-ffi-utils/src/FFI/Util.purs","end":[147,21]},{"Ident":"newEff1"}]},{"ValueRef":[{"start":[1,1],"name":"/home/stpl/Desktop/purs/MainRebuilt/bower_components/purescript-ffi-utils/src/FFI/Util.purs","end":[147,21]},{"Ident":"newEff2"}]},{"ValueRef":[{"start":[1,1],"name":"/home/stpl/Desktop/purs/MainRebuilt/bower_components/purescript-ffi-utils/src/FFI/Util.purs","end":[147,21]},{"Ident":"newEff3"}]},{"ValueRef":[{"start":[1,1],"name":"/home/stpl/Desktop/purs/MainRebuilt/bower_components/purescript-ffi-utils/src/FFI/Util.purs","end":[147,21]},{"Ident":"newEff4"}]},{"ValueRef":[{"start":[1,1],"name":"/home/stpl/Desktop/purs/MainRebuilt/bower_components/purescript-ffi-utils/src/FFI/Util.purs","end":[147,21]},{"Ident":"newEff5"}]},{"ValueRef":[{"start":[1,1],"name":"/home/stpl/Desktop/purs/MainRebuilt/bower_components/purescript-ffi-utils/src/FFI/Util.purs","end":[147,21]},{"Ident":"newEff6"}]},{"ValueRef":[{"start":[1,1],"name":"/home/stpl/Desktop/purs/MainRebuilt/bower_components/purescript-ffi-utils/src/FFI/Util.purs","end":[147,21]},{"Ident":"newEff7"}]},{"ValueRef":[{"start":[1,1],"name":"/home/stpl/Desktop/purs/MainRebuilt/bower_components/purescript-ffi-utils/src/FFI/Util.purs","end":[147,21]},{"Ident":"window"}]},{"ValueRef":[{"start":[1,1],"name":"/home/stpl/Desktop/purs/MainRebuilt/bower_components/purescript-ffi-utils/src/FFI/Util.purs","end":[147,21]},{"Ident":"global"}]},{"TypeRef":[{"start":[1,1],"name":"/home/stpl/Desktop/purs/MainRebuilt/bower_components/purescript-ffi-utils/src/FFI/Util.purs","end":[147,21]},"Window",[]]},{"TypeRef":[{"start":[1,1],"name":"/home/stpl/Desktop/purs/MainRebuilt/bower_components/purescript-ffi-utils/src/FFI/Util.purs","end":[147,21]},"Global",[]]}],"efImports":[{"eiModule":["Prim"],"eiImportType":{"Implicit":[]},"eiImportedAs":["Prim"]},{"eiModule":["Prim"],"eiImportType":{"Implicit":[]},"eiImportedAs":null},{"eiModule":["Prelude"],"eiImportType":{"Explicit":[{"ValueRef":[{"start":[37,17],"name":"/home/stpl/Desktop/purs/MainRebuilt/bower_components/purescript-ffi-utils/src/FFI/Util.purs","end":[37,21]},{"Ident":"pure"}]},{"ValueRef":[{"start":[37,23],"name":"/home/stpl/Desktop/purs/MainRebuilt/bower_components/purescript-ffi-utils/src/FFI/Util.purs","end":[37,27]},{"Ident":"unit"}]},{"TypeRef":[{"start":[37,29],"name":"/home/stpl/Desktop/purs/MainRebuilt/bower_components/purescript-ffi-utils/src/FFI/Util.purs","end":[37,33]},"Unit",[]]}]},"eiImportedAs":null},{"eiModule":["Data","Maybe"],"eiImportType":{"Explicit":[{"TypeRef":[{"start":[38,20],"name":"/home/stpl/Desktop/purs/MainRebuilt/bower_components/purescript-ffi-utils/src/FFI/Util.purs","end":[38,34]},"Maybe",["Nothing"]]}]},"eiImportedAs":null},{"eiModule":["Data","Function","Uncurried"],"eiImportType":{"Explicit":[{"TypeRef":[{"start":[39,34],"name":"/home/stpl/Desktop/purs/MainRebuilt/bower_components/purescript-ffi-utils/src/FFI/Util.purs","end":[39,37]},"Fn2",[]]},{"TypeRef":[{"start":[39,39],"name":"/home/stpl/Desktop/purs/MainRebuilt/bower_components/purescript-ffi-utils/src/FFI/Util.purs","end":[39,42]},"Fn3",[]]},{"TypeRef":[{"start":[39,44],"name":"/home/stpl/Desktop/purs/MainRebuilt/bower_components/purescript-ffi-utils/src/FFI/Util.purs","end":[39,47]},"Fn4",[]]},{"TypeRef":[{"start":[39,49],"name":"/home/stpl/Desktop/purs/MainRebuilt/bower_components/purescript-ffi-utils/src/FFI/Util.purs","end":[39,52]},"Fn5",[]]},{"TypeRef":[{"start":[39,54],"name":"/home/stpl/Desktop/purs/MainRebuilt/bower_components/purescript-ffi-utils/src/FFI/Util.purs","end":[39,57]},"Fn6",[]]},{"TypeRef":[{"start":[39,59],"name":"/home/stpl/Desktop/purs/MainRebuilt/bower_components/purescript-ffi-utils/src/FFI/Util.purs","end":[39,62]},"Fn7",[]]},{"TypeRef":[{"start":[39,64],"name":"/home/stpl/Desktop/purs/MainRebuilt/bower_components/purescript-ffi-utils/src/FFI/Util.purs","end":[39,67]},"Fn8",[]]},{"ValueRef":[{"start":[40,34],"name":"/home/stpl/Desktop/purs/MainRebuilt/bower_components/purescript-ffi-utils/src/FFI/Util.purs","end":[40,40]},{"Ident":"runFn2"}]},{"ValueRef":[{"start":[40,42],"name":"/home/stpl/Desktop/purs/MainRebuilt/bower_components/purescript-ffi-utils/src/FFI/Util.purs","end":[40,48]},{"Ident":"runFn3"}]},{"ValueRef":[{"start":[40,50],"name":"/home/stpl/Desktop/purs/MainRebuilt/bower_components/purescript-ffi-utils/src/FFI/Util.purs","end":[40,56]},{"Ident":"runFn4"}]},{"ValueRef":[{"start":[40,58],"name":"/home/stpl/Desktop/purs/MainRebuilt/bower_components/purescript-ffi-utils/src/FFI/Util.purs","end":[40,64]},{"Ident":"runFn5"}]},{"ValueRef":[{"start":[40,66],"name":"/home/stpl/Desktop/purs/MainRebuilt/bower_components/purescript-ffi-utils/src/FFI/Util.purs","end":[40,72]},{"Ident":"runFn6"}]},{"ValueRef":[{"start":[40,74],"name":"/home/stpl/Desktop/purs/MainRebuilt/bower_components/purescript-ffi-utils/src/FFI/Util.purs","end":[40,80]},{"Ident":"runFn7"}]},{"ValueRef":[{"start":[40,82],"name":"/home/stpl/Desktop/purs/MainRebuilt/bower_components/purescript-ffi-utils/src/FFI/Util.purs","end":[40,88]},{"Ident":"runFn8"}]}]},"eiImportedAs":null},{"eiModule":["Control","Monad","Eff","Uncurried"],"eiImportType":{"Explicit":[{"TypeRef":[{"start":[41,38],"name":"/home/stpl/Desktop/purs/MainRebuilt/bower_components/purescript-ffi-utils/src/FFI/Util.purs","end":[41,44]},"EffFn1",[]]},{"TypeRef":[{"start":[41,46],"name":"/home/stpl/Desktop/purs/MainRebuilt/bower_components/purescript-ffi-utils/src/FFI/Util.purs","end":[41,52]},"EffFn2",[]]},{"TypeRef":[{"start":[41,54],"name":"/home/stpl/Desktop/purs/MainRebuilt/bower_components/purescript-ffi-utils/src/FFI/Util.purs","end":[41,60]},"EffFn3",[]]},{"TypeRef":[{"start":[41,62],"name":"/home/stpl/Desktop/purs/MainRebuilt/bower_components/purescript-ffi-utils/src/FFI/Util.purs","end":[41,68]},"EffFn4",[]]},{"TypeRef":[{"start":[41,70],"name":"/home/stpl/Desktop/purs/MainRebuilt/bower_components/purescript-ffi-utils/src/FFI/Util.purs","end":[41,76]},"EffFn5",[]]},{"TypeRef":[{"start":[41,78],"name":"/home/stpl/Desktop/purs/MainRebuilt/bower_components/purescript-ffi-utils/src/FFI/Util.purs","end":[41,84]},"EffFn6",[]]},{"TypeRef":[{"start":[41,86],"name":"/home/stpl/Desktop/purs/MainRebuilt/bower_components/purescript-ffi-utils/src/FFI/Util.purs","end":[41,92]},"EffFn7",[]]},{"TypeRef":[{"start":[41,94],"name":"/home/stpl/Desktop/purs/MainRebuilt/bower_components/purescript-ffi-utils/src/FFI/Util.purs","end":[41,100]},"EffFn8",[]]},{"ValueRef":[{"start":[42,38],"name":"/home/stpl/Desktop/purs/MainRebuilt/bower_components/purescript-ffi-utils/src/FFI/Util.purs","end":[42,47]},{"Ident":"runEffFn1"}]},{"ValueRef":[{"start":[42,49],"name":"/home/stpl/Desktop/purs/MainRebuilt/bower_components/purescript-ffi-utils/src/FFI/Util.purs","end":[42,58]},{"Ident":"runEffFn2"}]},{"ValueRef":[{"start":[42,60],"name":"/home/stpl/Desktop/purs/MainRebuilt/bower_components/purescript-ffi-utils/src/FFI/Util.purs","end":[42,69]},{"Ident":"runEffFn3"}]},{"ValueRef":[{"start":[42,71],"name":"/home/stpl/Desktop/purs/MainRebuilt/bower_components/purescript-ffi-utils/src/FFI/Util.purs","end":[42,80]},{"Ident":"runEffFn4"}]},{"ValueRef":[{"start":[42,82],"name":"/home/stpl/Desktop/purs/MainRebuilt/bower_components/purescript-ffi-utils/src/FFI/Util.purs","end":[42,91]},{"Ident":"runEffFn5"}]},{"ValueRef":[{"start":[42,93],"name":"/home/stpl/Desktop/purs/MainRebuilt/bower_components/purescript-ffi-utils/src/FFI/Util.purs","end":[42,102]},{"Ident":"runEffFn6"}]},{"ValueRef":[{"start":[42,104],"name":"/home/stpl/Desktop/purs/MainRebuilt/bower_components/purescript-ffi-utils/src/FFI/Util.purs","end":[42,113]},{"Ident":"runEffFn7"}]},{"ValueRef":[{"start":[42,115],"name":"/home/stpl/Desktop/purs/MainRebuilt/bower_components/purescript-ffi-utils/src/FFI/Util.purs","end":[42,124]},{"Ident":"runEffFn8"}]}]},"eiImportedAs":null},{"eiModule":["Control","Monad","Eff"],"eiImportType":{"Explicit":[{"TypeRef":[{"start":[43,27],"name":"/home/stpl/Desktop/purs/MainRebuilt/bower_components/purescript-ffi-utils/src/FFI/Util.purs","end":[43,30]},"Eff",[]]}]},"eiImportedAs":null}],"efFixities":[],"efTypeFixities":[],"efDeclarations":[{"EDValue":{"edValueName":{"Ident":"typeof"},"edValueType":{"tag":"ForAll","contents":["a",{"tag":"TypeApp","contents":[{"tag":"TypeApp","contents":[{"tag":"TypeConstructor","contents":[["Prim"],"Function"]},{"tag":"TypeVar","contents":"a"}]},{"tag":"TypeConstructor","contents":[["Prim"],"String"]}]},null]}}},{"EDValue":{"edValueName":{"Ident":"instanceof"},"edValueType":{"tag":"ForAll","contents":["b",{"tag":"ForAll","contents":["a",{"tag":"TypeApp","contents":[{"tag":"TypeApp","contents":[{"tag":"TypeConstructor","contents":[["Prim"],"Function"]},{"tag":"TypeVar","contents":"a"}]},{"tag":"TypeApp","contents":[{"tag":"TypeApp","contents":[{"tag":"TypeConstructor","contents":[["Prim"],"Function"]},{"tag":"TypeVar","contents":"b"}]},{"tag":"TypeConstructor","contents":[["Prim"],"Boolean"]}]}]},null]},null]}}},{"EDValue":{"edValueName":{"Ident":"stringify"},"edValueType":{"tag":"ForAll","contents":["r",{"tag":"TypeApp","contents":[{"tag":"TypeApp","contents":[{"tag":"TypeConstructor","contents":[["Prim"],"Function"]},{"tag":"TypeConstructor","contents":[["Prim"],"Boolean"]}]},{"tag":"TypeApp","contents":[{"tag":"TypeApp","contents":[{"tag":"TypeConstructor","contents":[["Prim"],"Function"]},{"tag":"TypeApp","contents":[{"tag":"TypeConstructor","contents":[["Prim"],"Record"]},{"tag":"TypeVar","contents":"r"}]}]},{"tag":"TypeConstructor","contents":[["Prim"],"String"]}]}]},null]}}},{"EDValue":{"edValueName":{"Ident":"require"},"edValueType":{"tag":"ForAll","contents":["a",{"tag":"TypeApp","contents":[{"tag":"TypeApp","contents":[{"tag":"TypeConstructor","contents":[["Prim"],"Function"]},{"tag":"TypeConstructor","contents":[["Prim"],"String"]}]},{"tag":"TypeVar","contents":"a"}]},null]}}},{"EDValue":{"edValueName":{"Ident":"parseOptions"},"edValueType":{"tag":"ForAll","contents":["r2",{"tag":"ForAll","contents":["r1",{"tag":"TypeApp","contents":[{"tag":"TypeApp","contents":[{"tag":"TypeConstructor","contents":[["Prim"],"Function"]},{"tag":"TypeApp","contents":[{"tag":"TypeConstructor","contents":[["Prim"],"Record"]},{"tag":"TypeVar","contents":"r1"}]}]},{"tag":"TypeApp","contents":[{"tag":"TypeConstructor","contents":[["Prim"],"Record"]},{"tag":"TypeVar","contents":"r2"}]}]},0]},1]}}},{"EDValue":{"edValueName":{"Ident":"isNullOrUndefined"},"edValueType":{"tag":"ForAll","contents":["a",{"tag":"TypeApp","contents":[{"tag":"TypeApp","contents":[{"tag":"TypeConstructor","contents":[["Prim"],"Function"]},{"tag":"TypeVar","contents":"a"}]},{"tag":"TypeConstructor","contents":[["Prim"],"Boolean"]}]},null]}}},{"EDValue":{"edValueName":{"Ident":"property"},"edValueType":{"tag":"ForAll","contents":["b",{"tag":"ForAll","contents":["a",{"tag":"TypeApp","contents":[{"tag":"TypeApp","contents":[{"tag":"TypeConstructor","contents":[["Prim"],"Function"]},{"tag":"TypeVar","contents":"a"}]},{"tag":"TypeApp","contents":[{"tag":"TypeApp","contents":[{"tag":"TypeConstructor","contents":[["Prim"],"Function"]},{"tag":"TypeConstructor","contents":[["Prim"],"String"]}]},{"tag":"TypeVar","contents":"b"}]}]},null]},null]}}},{"EDValue":{"edValueName":{"Ident":"propertyPath"},"edValueType":{"tag":"ForAll","contents":["b",{"tag":"ForAll","contents":["a",{"tag":"TypeApp","contents":[{"tag":"TypeApp","contents":[{"tag":"TypeConstructor","contents":[["Prim"],"Function"]},{"tag":"TypeVar","contents":"a"}]},{"tag":"TypeApp","contents":[{"tag":"TypeApp","contents":[{"tag":"TypeConstructor","contents":[["Prim"],"Function"]},{"tag":"TypeApp","contents":[{"tag":"TypeConstructor","contents":[["Prim"],"Array"]},{"tag":"TypeConstructor","contents":[["Prim"],"String"]}]}]},{"tag":"TypeVar","contents":"b"}]}]},null]},null]}}},{"EDValue":{"edValueName":{"Ident":"property'"},"edValueType":{"tag":"ForAll","contents":["a",{"tag":"TypeApp","contents":[{"tag":"TypeApp","contents":[{"tag":"TypeConstructor","contents":[["Prim"],"Function"]},{"tag":"TypeConstructor","contents":[["Prim"],"String"]}]},{"tag":"TypeVar","contents":"a"}]},null]}}},{"EDValue":{"edValueName":{"Ident":"propertyPath'"},"edValueType":{"tag":"ForAll","contents":["a",{"tag":"TypeApp","contents":[{"tag":"TypeApp","contents":[{"tag":"TypeConstructor","contents":[["Prim"],"Function"]},{"tag":"TypeApp","contents":[{"tag":"TypeConstructor","contents":[["Prim"],"Array"]},{"tag":"TypeConstructor","contents":[["Prim"],"String"]}]}]},{"tag":"TypeVar","contents":"a"}]},null]}}},{"EDValue":{"edValueName":{"Ident":"setProperty"},"edValueType":{"tag":"ForAll","contents":["b",{"tag":"ForAll","contents":["a",{"tag":"TypeApp","contents":[{"tag":"TypeApp","contents":[{"tag":"TypeConstructor","contents":[["Prim"],"Function"]},{"tag":"TypeVar","contents":"a"}]},{"tag":"TypeApp","contents":[{"tag":"TypeApp","contents":[{"tag":"TypeConstructor","contents":[["Prim"],"Function"]},{"tag":"TypeConstructor","contents":[["Prim"],"String"]}]},{"tag":"TypeApp","contents":[{"tag":"TypeApp","contents":[{"tag":"TypeConstructor","contents":[["Prim"],"Function"]},{"tag":"TypeVar","contents":"b"}]},{"tag":"TypeConstructor","contents":[["Data","Unit"],"Unit"]}]}]}]},null]},null]}}},{"EDValue":{"edValueName":{"Ident":"setPropertyPath"},"edValueType":{"tag":"ForAll","contents":["b",{"tag":"ForAll","contents":["a",{"tag":"TypeApp","contents":[{"tag":"TypeApp","contents":[{"tag":"TypeConstructor","contents":[["Prim"],"Function"]},{"tag":"TypeVar","contents":"a"}]},{"tag":"TypeApp","contents":[{"tag":"TypeApp","contents":[{"tag":"TypeConstructor","contents":[["Prim"],"Function"]},{"tag":"TypeApp","contents":[{"tag":"TypeConstructor","contents":[["Prim"],"Array"]},{"tag":"TypeConstructor","contents":[["Prim"],"String"]}]}]},{"tag":"TypeApp","contents":[{"tag":"TypeApp","contents":[{"tag":"TypeConstructor","contents":[["Prim"],"Function"]},{"tag":"TypeVar","contents":"b"}]},{"tag":"TypeConstructor","contents":[["Data","Unit"],"Unit"]}]}]}]},null]},null]}}},{"EDValue":{"edValueName":{"Ident":"new"},"edValueType":{"tag":"ForAll","contents":["b",{"tag":"ForAll","contents":["a",{"tag":"TypeApp","contents":[{"tag":"TypeApp","contents":[{"tag":"TypeConstructor","contents":[["Prim"],"Function"]},{"tag":"TypeVar","contents":"a"}]},{"tag":"TypeVar","contents":"b"}]},null]},null]}}},{"EDValue":{"edValueName":{"Ident":"new0"},"edValueType":{"tag":"ForAll","contents":["b",{"tag":"ForAll","contents":["o",{"tag":"TypeApp","contents":[{"tag":"TypeApp","contents":[{"tag":"TypeConstructor","contents":[["Prim"],"Function"]},{"tag":"TypeVar","contents":"o"}]},{"tag":"TypeVar","contents":"b"}]},388]},389]}}},{"EDValue":{"edValueName":{"Ident":"new1"},"edValueType":{"tag":"ForAll","contents":["b",{"tag":"ForAll","contents":["a1",{"tag":"ForAll","contents":["o",{"tag":"TypeApp","contents":[{"tag":"TypeApp","contents":[{"tag":"TypeConstructor","contents":[["Prim"],"Function"]},{"tag":"TypeVar","contents":"o"}]},{"tag":"TypeApp","contents":[{"tag":"TypeApp","contents":[{"tag":"TypeConstructor","contents":[["Prim"],"Function"]},{"tag":"TypeVar","contents":"a1"}]},{"tag":"TypeVar","contents":"b"}]}]},376]},377]},378]}}},{"EDValue":{"edValueName":{"Ident":"new2"},"edValueType":{"tag":"ForAll","contents":["b",{"tag":"ForAll","contents":["a2",{"tag":"ForAll","contents":["a1",{"tag":"ForAll","contents":["o",{"tag":"TypeApp","contents":[{"tag":"TypeApp","contents":[{"tag":"TypeConstructor","contents":[["Prim"],"Function"]},{"tag":"TypeVar","contents":"o"}]},{"tag":"TypeApp","contents":[{"tag":"TypeApp","contents":[{"tag":"TypeConstructor","contents":[["Prim"],"Function"]},{"tag":"TypeVar","contents":"a1"}]},{"tag":"TypeApp","contents":[{"tag":"TypeApp","contents":[{"tag":"TypeConstructor","contents":[["Prim"],"Function"]},{"tag":"TypeVar","contents":"a2"}]},{"tag":"TypeVar","contents":"b"}]}]}]},360]},361]},362]},363]}}},{"EDValue":{"edValueName":{"Ident":"new3"},"edValueType":{"tag":"ForAll","contents":["b",{"tag":"ForAll","contents":["a3",{"tag":"ForAll","contents":["a2",{"tag":"ForAll","contents":["a1",{"tag":"ForAll","contents":["o",{"tag":"TypeApp","contents":[{"tag":"TypeApp","contents":[{"tag":"TypeConstructor","contents":[["Prim"],"Function"]},{"tag":"TypeVar","contents":"o"}]},{"tag":"TypeApp","contents":[{"tag":"TypeApp","contents":[{"tag":"TypeConstructor","contents":[["Prim"],"Function"]},{"tag":"TypeVar","contents":"a1"}]},{"tag":"TypeApp","contents":[{"tag":"TypeApp","contents":[{"tag":"TypeConstructor","contents":[["Prim"],"Function"]},{"tag":"TypeVar","contents":"a2"}]},{"tag":"TypeApp","contents":[{"tag":"TypeApp","contents":[{"tag":"TypeConstructor","contents":[["Prim"],"Function"]},{"tag":"TypeVar","contents":"a3"}]},{"tag":"TypeVar","contents":"b"}]}]}]}]},340]},341]},342]},343]},344]}}},{"EDValue":{"edValueName":{"Ident":"new4"},"edValueType":{"tag":"ForAll","contents":["b",{"tag":"ForAll","contents":["a4",{"tag":"ForAll","contents":["a3",{"tag":"ForAll","contents":["a2",{"tag":"ForAll","contents":["a1",{"tag":"ForAll","contents":["o",{"tag":"TypeApp","contents":[{"tag":"TypeApp","contents":[{"tag":"TypeConstructor","contents":[["Prim"],"Function"]},{"tag":"TypeVar","contents":"o"}]},{"tag":"TypeApp","contents":[{"tag":"TypeApp","contents":[{"tag":"TypeConstructor","contents":[["Prim"],"Function"]},{"tag":"TypeVar","contents":"a1"}]},{"tag":"TypeApp","contents":[{"tag":"TypeApp","contents":[{"tag":"TypeConstructor","contents":[["Prim"],"Function"]},{"tag":"TypeVar","contents":"a2"}]},{"tag":"TypeApp","contents":[{"tag":"TypeApp","contents":[{"tag":"TypeConstructor","contents":[["Prim"],"Function"]},{"tag":"TypeVar","contents":"a3"}]},{"tag":"TypeApp","contents":[{"tag":"TypeApp","contents":[{"tag":"TypeConstructor","contents":[["Prim"],"Function"]},{"tag":"TypeVar","contents":"a4"}]},{"tag":"TypeVar","contents":"b"}]}]}]}]}]},316]},317]},318]},319]},320]},321]}}},{"EDValue":{"edValueName":{"Ident":"new5"},"edValueType":{"tag":"ForAll","contents":["b",{"tag":"ForAll","contents":["a5",{"tag":"ForAll","contents":["a4",{"tag":"ForAll","contents":["a3",{"tag":"ForAll","contents":["a2",{"tag":"ForAll","contents":["a1",{"tag":"ForAll","contents":["o",{"tag":"TypeApp","contents":[{"tag":"TypeApp","contents":[{"tag":"TypeConstructor","contents":[["Prim"],"Function"]},{"tag":"TypeVar","contents":"o"}]},{"tag":"TypeApp","contents":[{"tag":"TypeApp","contents":[{"tag":"TypeConstructor","contents":[["Prim"],"Function"]},{"tag":"TypeVar","contents":"a1"}]},{"tag":"TypeApp","contents":[{"tag":"TypeApp","contents":[{"tag":"TypeConstructor","contents":[["Prim"],"Function"]},{"tag":"TypeVar","contents":"a2"}]},{"tag":"TypeApp","contents":[{"tag":"TypeApp","contents":[{"tag":"TypeConstructor","contents":[["Prim"],"Function"]},{"tag":"TypeVar","contents":"a3"}]},{"tag":"TypeApp","contents":[{"tag":"TypeApp","contents":[{"tag":"TypeConstructor","contents":[["Prim"],"Function"]},{"tag":"TypeVar","contents":"a4"}]},{"tag":"TypeApp","contents":[{"tag":"TypeApp","contents":[{"tag":"TypeConstructor","contents":[["Prim"],"Function"]},{"tag":"TypeVar","contents":"a5"}]},{"tag":"TypeVar","contents":"b"}]}]}]}]}]}]},288]},289]},290]},291]},292]},293]},294]}}},{"EDValue":{"edValueName":{"Ident":"new6"},"edValueType":{"tag":"ForAll","contents":["b",{"tag":"ForAll","contents":["a6",{"tag":"ForAll","contents":["a5",{"tag":"ForAll","contents":["a4",{"tag":"ForAll","contents":["a3",{"tag":"ForAll","contents":["a2",{"tag":"ForAll","contents":["a1",{"tag":"ForAll","contents":["o",{"tag":"TypeApp","contents":[{"tag":"TypeApp","contents":[{"tag":"TypeConstructor","contents":[["Prim"],"Function"]},{"tag":"TypeVar","contents":"o"}]},{"tag":"TypeApp","contents":[{"tag":"TypeApp","contents":[{"tag":"TypeConstructor","contents":[["Prim"],"Function"]},{"tag":"TypeVar","contents":"a1"}]},{"tag":"TypeApp","contents":[{"tag":"TypeApp","contents":[{"tag":"TypeConstructor","contents":[["Prim"],"Function"]},{"tag":"TypeVar","contents":"a2"}]},{"tag":"TypeApp","contents":[{"tag":"TypeApp","contents":[{"tag":"TypeConstructor","contents":[["Prim"],"Function"]},{"tag":"TypeVar","contents":"a3"}]},{"tag":"TypeApp","contents":[{"tag":"TypeApp","contents":[{"tag":"TypeConstructor","contents":[["Prim"],"Function"]},{"tag":"TypeVar","contents":"a4"}]},{"tag":"TypeApp","contents":[{"tag":"TypeApp","contents":[{"tag":"TypeConstructor","contents":[["Prim"],"Function"]},{"tag":"TypeVar","contents":"a5"}]},{"tag":"TypeApp","contents":[{"tag":"TypeApp","contents":[{"tag":"TypeConstructor","contents":[["Prim"],"Function"]},{"tag":"TypeVar","contents":"a6"}]},{"tag":"TypeVar","contents":"b"}]}]}]}]}]}]}]},256]},257]},258]},259]},260]},261]},262]},263]}}},{"EDValue":{"edValueName":{"Ident":"new7"},"edValueType":{"tag":"ForAll","contents":["b",{"tag":"ForAll","contents":["a7",{"tag":"ForAll","contents":["a6",{"tag":"ForAll","contents":["a5",{"tag":"ForAll","contents":["a4",{"tag":"ForAll","contents":["a3",{"tag":"ForAll","contents":["a2",{"tag":"ForAll","contents":["a1",{"tag":"ForAll","contents":["o",{"tag":"TypeApp","contents":[{"tag":"TypeApp","contents":[{"tag":"TypeConstructor","contents":[["Prim"],"Function"]},{"tag":"TypeVar","contents":"o"}]},{"tag":"TypeApp","contents":[{"tag":"TypeApp","contents":[{"tag":"TypeConstructor","contents":[["Prim"],"Function"]},{"tag":"TypeVar","contents":"a1"}]},{"tag":"TypeApp","contents":[{"tag":"TypeApp","contents":[{"tag":"TypeConstructor","contents":[["Prim"],"Function"]},{"tag":"TypeVar","contents":"a2"}]},{"tag":"TypeApp","contents":[{"tag":"TypeApp","contents":[{"tag":"TypeConstructor","contents":[["Prim"],"Function"]},{"tag":"TypeVar","contents":"a3"}]},{"tag":"TypeApp","contents":[{"tag":"TypeApp","contents":[{"tag":"TypeConstructor","contents":[["Prim"],"Function"]},{"tag":"TypeVar","contents":"a4"}]},{"tag":"TypeApp","contents":[{"tag":"TypeApp","contents":[{"tag":"TypeConstructor","contents":[["Prim"],"Function"]},{"tag":"TypeVar","contents":"a5"}]},{"tag":"TypeApp","contents":[{"tag":"TypeApp","contents":[{"tag":"TypeConstructor","contents":[["Prim"],"Function"]},{"tag":"TypeVar","contents":"a6"}]},{"tag":"TypeApp","contents":[{"tag":"TypeApp","contents":[{"tag":"TypeConstructor","contents":[["Prim"],"Function"]},{"tag":"TypeVar","contents":"a7"}]},{"tag":"TypeVar","contents":"b"}]}]}]}]}]}]}]}]},220]},221]},222]},223]},224]},225]},226]},227]},228]}}},{"EDValue":{"edValueName":{"Ident":"newEff0"},"edValueType":{"tag":"ForAll","contents":["b",{"tag":"ForAll","contents":["eff",{"tag":"ForAll","contents":["o",{"tag":"TypeApp","contents":[{"tag":"TypeApp","contents":[{"tag":"TypeConstructor","contents":[["Prim"],"Function"]},{"tag":"TypeVar","contents":"o"}]},{"tag":"TypeApp","contents":[{"tag":"TypeApp","contents":[{"tag":"TypeConstructor","contents":[["Control","Monad","Eff"],"Eff"]},{"tag":"TypeVar","contents":"eff"}]},{"tag":"TypeVar","contents":"b"}]}]},208]},209]},210]}}},{"EDValue":{"edValueName":{"Ident":"newEff1"},"edValueType":{"tag":"ForAll","contents":["b",{"tag":"ForAll","contents":["eff",{"tag":"ForAll","contents":["a1",{"tag":"ForAll","contents":["o",{"tag":"TypeApp","contents":[{"tag":"TypeApp","contents":[{"tag":"TypeConstructor","contents":[["Prim"],"Function"]},{"tag":"TypeVar","contents":"o"}]},{"tag":"TypeApp","contents":[{"tag":"TypeApp","contents":[{"tag":"TypeConstructor","contents":[["Prim"],"Function"]},{"tag":"TypeVar","contents":"a1"}]},{"tag":"TypeApp","contents":[{"tag":"TypeApp","contents":[{"tag":"TypeConstructor","contents":[["Control","Monad","Eff"],"Eff"]},{"tag":"TypeVar","contents":"eff"}]},{"tag":"TypeVar","contents":"b"}]}]}]},192]},193]},194]},195]}}},{"EDValue":{"edValueName":{"Ident":"newEff2"},"edValueType":{"tag":"ForAll","contents":["b",{"tag":"ForAll","contents":["eff",{"tag":"ForAll","contents":["a2",{"tag":"ForAll","contents":["a1",{"tag":"ForAll","contents":["o",{"tag":"TypeApp","contents":[{"tag":"TypeApp","contents":[{"tag":"TypeConstructor","contents":[["Prim"],"Function"]},{"tag":"TypeVar","contents":"o"}]},{"tag":"TypeApp","contents":[{"tag":"TypeApp","contents":[{"tag":"TypeConstructor","contents":[["Prim"],"Function"]},{"tag":"TypeVar","contents":"a1"}]},{"tag":"TypeApp","contents":[{"tag":"TypeApp","contents":[{"tag":"TypeConstructor","contents":[["Prim"],"Function"]},{"tag":"TypeVar","contents":"a2"}]},{"tag":"TypeApp","contents":[{"tag":"TypeApp","contents":[{"tag":"TypeConstructor","contents":[["Control","Monad","Eff"],"Eff"]},{"tag":"TypeVar","contents":"eff"}]},{"tag":"TypeVar","contents":"b"}]}]}]}]},172]},173]},174]},175]},176]}}},{"EDValue":{"edValueName":{"Ident":"newEff3"},"edValueType":{"tag":"ForAll","contents":["b",{"tag":"ForAll","contents":["eff",{"tag":"ForAll","contents":["a3",{"tag":"ForAll","contents":["a2",{"tag":"ForAll","contents":["a1",{"tag":"ForAll","contents":["o",{"tag":"TypeApp","contents":[{"tag":"TypeApp","contents":[{"tag":"TypeConstructor","contents":[["Prim"],"Function"]},{"tag":"TypeVar","contents":"o"}]},{"tag":"TypeApp","contents":[{"tag":"TypeApp","contents":[{"tag":"TypeConstructor","contents":[["Prim"],"Function"]},{"tag":"TypeVar","contents":"a1"}]},{"tag":"TypeApp","contents":[{"tag":"TypeApp","contents":[{"tag":"TypeConstructor","contents":[["Prim"],"Function"]},{"tag":"TypeVar","contents":"a2"}]},{"tag":"TypeApp","contents":[{"tag":"TypeApp","contents":[{"tag":"TypeConstructor","contents":[["Prim"],"Function"]},{"tag":"TypeVar","contents":"a3"}]},{"tag":"TypeApp","contents":[{"tag":"TypeApp","contents":[{"tag":"TypeConstructor","contents":[["Control","Monad","Eff"],"Eff"]},{"tag":"TypeVar","contents":"eff"}]},{"tag":"TypeVar","contents":"b"}]}]}]}]}]},148]},149]},150]},151]},152]},153]}}},{"EDValue":{"edValueName":{"Ident":"newEff4"},"edValueType":{"tag":"ForAll","contents":["b",{"tag":"ForAll","contents":["eff",{"tag":"ForAll","contents":["a4",{"tag":"ForAll","contents":["a3",{"tag":"ForAll","contents":["a2",{"tag":"ForAll","contents":["a1",{"tag":"ForAll","contents":["o",{"tag":"TypeApp","contents":[{"tag":"TypeApp","contents":[{"tag":"TypeConstructor","contents":[["Prim"],"Function"]},{"tag":"TypeVar","contents":"o"}]},{"tag":"TypeApp","contents":[{"tag":"TypeApp","contents":[{"tag":"TypeConstructor","contents":[["Prim"],"Function"]},{"tag":"TypeVar","contents":"a1"}]},{"tag":"TypeApp","contents":[{"tag":"TypeApp","contents":[{"tag":"TypeConstructor","contents":[["Prim"],"Function"]},{"tag":"TypeVar","contents":"a2"}]},{"tag":"TypeApp","contents":[{"tag":"TypeApp","contents":[{"tag":"TypeConstructor","contents":[["Prim"],"Function"]},{"tag":"TypeVar","contents":"a3"}]},{"tag":"TypeApp","contents":[{"tag":"TypeApp","contents":[{"tag":"TypeConstructor","contents":[["Prim"],"Function"]},{"tag":"TypeVar","contents":"a4"}]},{"tag":"TypeApp","contents":[{"tag":"TypeApp","contents":[{"tag":"TypeConstructor","contents":[["Control","Monad","Eff"],"Eff"]},{"tag":"TypeVar","contents":"eff"}]},{"tag":"TypeVar","contents":"b"}]}]}]}]}]}]},120]},121]},122]},123]},124]},125]},126]}}},{"EDValue":{"edValueName":{"Ident":"newEff5"},"edValueType":{"tag":"ForAll","contents":["b",{"tag":"ForAll","contents":["eff",{"tag":"ForAll","contents":["a5",{"tag":"ForAll","contents":["a4",{"tag":"ForAll","contents":["a3",{"tag":"ForAll","contents":["a2",{"tag":"ForAll","contents":["a1",{"tag":"ForAll","contents":["o",{"tag":"TypeApp","contents":[{"tag":"TypeApp","contents":[{"tag":"TypeConstructor","contents":[["Prim"],"Function"]},{"tag":"TypeVar","contents":"o"}]},{"tag":"TypeApp","contents":[{"tag":"TypeApp","contents":[{"tag":"TypeConstructor","contents":[["Prim"],"Function"]},{"tag":"TypeVar","contents":"a1"}]},{"tag":"TypeApp","contents":[{"tag":"TypeApp","contents":[{"tag":"TypeConstructor","contents":[["Prim"],"Function"]},{"tag":"TypeVar","contents":"a2"}]},{"tag":"TypeApp","contents":[{"tag":"TypeApp","contents":[{"tag":"TypeConstructor","contents":[["Prim"],"Function"]},{"tag":"TypeVar","contents":"a3"}]},{"tag":"TypeApp","contents":[{"tag":"TypeApp","contents":[{"tag":"TypeConstructor","contents":[["Prim"],"Function"]},{"tag":"TypeVar","contents":"a4"}]},{"tag":"TypeApp","contents":[{"tag":"TypeApp","contents":[{"tag":"TypeConstructor","contents":[["Prim"],"Function"]},{"tag":"TypeVar","contents":"a5"}]},{"tag":"TypeApp","contents":[{"tag":"TypeApp","contents":[{"tag":"TypeConstructor","contents":[["Control","Monad","Eff"],"Eff"]},{"tag":"TypeVar","contents":"eff"}]},{"tag":"TypeVar","contents":"b"}]}]}]}]}]}]}]},88]},89]},90]},91]},92]},93]},94]},95]}}},{"EDValue":{"edValueName":{"Ident":"newEff6"},"edValueType":{"tag":"ForAll","contents":["b",{"tag":"ForAll","contents":["eff",{"tag":"ForAll","contents":["a6",{"tag":"ForAll","contents":["a5",{"tag":"ForAll","contents":["a4",{"tag":"ForAll","contents":["a3",{"tag":"ForAll","contents":["a2",{"tag":"ForAll","contents":["a1",{"tag":"ForAll","contents":["o",{"tag":"TypeApp","contents":[{"tag":"TypeApp","contents":[{"tag":"TypeConstructor","contents":[["Prim"],"Function"]},{"tag":"TypeVar","contents":"o"}]},{"tag":"TypeApp","contents":[{"tag":"TypeApp","contents":[{"tag":"TypeConstructor","contents":[["Prim"],"Function"]},{"tag":"TypeVar","contents":"a1"}]},{"tag":"TypeApp","contents":[{"tag":"TypeApp","contents":[{"tag":"TypeConstructor","contents":[["Prim"],"Function"]},{"tag":"TypeVar","contents":"a2"}]},{"tag":"TypeApp","contents":[{"tag":"TypeApp","contents":[{"tag":"TypeConstructor","contents":[["Prim"],"Function"]},{"tag":"TypeVar","contents":"a3"}]},{"tag":"TypeApp","contents":[{"tag":"TypeApp","contents":[{"tag":"TypeConstructor","contents":[["Prim"],"Function"]},{"tag":"TypeVar","contents":"a4"}]},{"tag":"TypeApp","contents":[{"tag":"TypeApp","contents":[{"tag":"TypeConstructor","contents":[["Prim"],"Function"]},{"tag":"TypeVar","contents":"a5"}]},{"tag":"TypeApp","contents":[{"tag":"TypeApp","contents":[{"tag":"TypeConstructor","contents":[["Prim"],"Function"]},{"tag":"TypeVar","contents":"a6"}]},{"tag":"TypeApp","contents":[{"tag":"TypeApp","contents":[{"tag":"TypeConstructor","contents":[["Control","Monad","Eff"],"Eff"]},{"tag":"TypeVar","contents":"eff"}]},{"tag":"TypeVar","contents":"b"}]}]}]}]}]}]}]}]},52]},53]},54]},55]},56]},57]},58]},59]},60]}}},{"EDValue":{"edValueName":{"Ident":"newEff7"},"edValueType":{"tag":"ForAll","contents":["b",{"tag":"ForAll","contents":["eff",{"tag":"ForAll","contents":["a7",{"tag":"ForAll","contents":["a6",{"tag":"ForAll","contents":["a5",{"tag":"ForAll","contents":["a4",{"tag":"ForAll","contents":["a3",{"tag":"ForAll","contents":["a2",{"tag":"ForAll","contents":["a1",{"tag":"ForAll","contents":["o",{"tag":"TypeApp","contents":[{"tag":"TypeApp","contents":[{"tag":"TypeConstructor","contents":[["Prim"],"Function"]},{"tag":"TypeVar","contents":"o"}]},{"tag":"TypeApp","contents":[{"tag":"TypeApp","contents":[{"tag":"TypeConstructor","contents":[["Prim"],"Function"]},{"tag":"TypeVar","contents":"a1"}]},{"tag":"TypeApp","contents":[{"tag":"TypeApp","contents":[{"tag":"TypeConstructor","contents":[["Prim"],"Function"]},{"tag":"TypeVar","contents":"a2"}]},{"tag":"TypeApp","contents":[{"tag":"TypeApp","contents":[{"tag":"TypeConstructor","contents":[["Prim"],"Function"]},{"tag":"TypeVar","contents":"a3"}]},{"tag":"TypeApp","contents":[{"tag":"TypeApp","contents":[{"tag":"TypeConstructor","contents":[["Prim"],"Function"]},{"tag":"TypeVar","contents":"a4"}]},{"tag":"TypeApp","contents":[{"tag":"TypeApp","contents":[{"tag":"TypeConstructor","contents":[["Prim"],"Function"]},{"tag":"TypeVar","contents":"a5"}]},{"tag":"TypeApp","contents":[{"tag":"TypeApp","contents":[{"tag":"TypeConstructor","contents":[["Prim"],"Function"]},{"tag":"TypeVar","contents":"a6"}]},{"tag":"TypeApp","contents":[{"tag":"TypeApp","contents":[{"tag":"TypeConstructor","contents":[["Prim"],"Function"]},{"tag":"TypeVar","contents":"a7"}]},{"tag":"TypeApp","contents":[{"tag":"TypeApp","contents":[{"tag":"TypeConstructor","contents":[["Control","Monad","Eff"],"Eff"]},{"tag":"TypeVar","contents":"eff"}]},{"tag":"TypeVar","contents":"b"}]}]}]}]}]}]}]}]}]},12]},13]},14]},15]},16]},17]},18]},19]},20]},21]}}},{"EDValue":{"edValueName":{"Ident":"window"},"edValueType":{"tag":"TypeApp","contents":[{"tag":"TypeApp","contents":[{"tag":"TypeConstructor","contents":[["Prim"],"Function"]},{"tag":"TypeConstructor","contents":[["Data","Unit"],"Unit"]}]},{"tag":"TypeConstructor","contents":[["FFI","Util"],"Window"]}]}}},{"EDValue":{"edValueName":{"Ident":"global"},"edValueType":{"tag":"TypeApp","contents":[{"tag":"TypeApp","contents":[{"tag":"TypeConstructor","contents":[["Prim"],"Function"]},{"tag":"TypeConstructor","contents":[["Data","Unit"],"Unit"]}]},{"tag":"TypeConstructor","contents":[["FFI","Util"],"Global"]}]}}},{"EDType":{"edTypeName":"Window","edTypeKind":{"tag":"NamedKind","contents":[["Prim"],"Type"]},"edTypeDeclarationKind":"ExternData"}},{"EDType":{"edTypeName":"Global","edTypeKind":{"tag":"NamedKind","contents":[["Prim"],"Type"]},"edTypeDeclarationKind":"ExternData"}}],"efSourceSpan":{"start":[1,1],"name":"/home/stpl/Desktop/purs/MainRebuilt/bower_components/purescript-ffi-utils/src/FFI/Util.purs","end":[147,21]}}