{"efVersion":"0.11.7","efModuleName":["Control","Monad","Aff","Unsafe"],"efExports":[{"ValueRef":[{"start":[1,1],"name":"/home/stpl/Desktop/purs/MainRebuilt/bower_components/purescript-aff/src/Control/Monad/Aff/Unsafe.purs","end":[9,19]},{"Ident":"unsafeCoerceAff"}]}],"efImports":[{"eiModule":["Prim"],"eiImportType":{"Implicit":[]},"eiImportedAs":["Prim"]},{"eiModule":["Prim"],"eiImportType":{"Implicit":[]},"eiImportedAs":null},{"eiModule":["Control","Monad","Aff"],"eiImportType":{"Explicit":[{"TypeRef":[{"start":[5,27],"name":"/home/stpl/Desktop/purs/MainRebuilt/bower_components/purescript-aff/src/Control/Monad/Aff/Unsafe.purs","end":[5,30]},"Aff",[]]}]},"eiImportedAs":null},{"eiModule":["Unsafe","Coerce"],"eiImportType":{"Explicit":[{"ValueRef":[{"start":[6,23],"name":"/home/stpl/Desktop/purs/MainRebuilt/bower_components/purescript-aff/src/Control/Monad/Aff/Unsafe.purs","end":[6,35]},{"Ident":"unsafeCoerce"}]}]},"eiImportedAs":null}],"efFixities":[],"efTypeFixities":[],"efDeclarations":[{"EDValue":{"edValueName":{"Ident":"unsafeCoerceAff"},"edValueType":{"tag":"ForAll","contents":["a",{"tag":"ForAll","contents":["eff2",{"tag":"ForAll","contents":["eff1",{"tag":"TypeApp","contents":[{"tag":"TypeApp","contents":[{"tag":"TypeConstructor","contents":[["Prim"],"Function"]},{"tag":"TypeApp","contents":[{"tag":"TypeApp","contents":[{"tag":"TypeConstructor","contents":[["Control","Monad","Aff"],"Aff"]},{"tag":"TypeVar","contents":"eff1"}]},{"tag":"TypeVar","contents":"a"}]}]},{"tag":"TypeApp","contents":[{"tag":"TypeApp","contents":[{"tag":"TypeConstructor","contents":[["Control","Monad","Aff"],"Aff"]},{"tag":"TypeVar","contents":"eff2"}]},{"tag":"TypeVar","contents":"a"}]}]},0]},1]},2]}}}],"efSourceSpan":{"start":[1,1],"name":"/home/stpl/Desktop/purs/MainRebuilt/bower_components/purescript-aff/src/Control/Monad/Aff/Unsafe.purs","end":[9,19]}}