{"efVersion":"0.11.7","efModuleName":["Data","Date","Component"],"efExports":[{"TypeRef":[{"start":[1,1],"name":"/home/stpl/Desktop/purs/MainRebuilt/bower_components/purescript-datetime/src/Data/Date/Component.purs","end":[196,17]},"Year",[]]},{"TypeRef":[{"start":[1,1],"name":"/home/stpl/Desktop/purs/MainRebuilt/bower_components/purescript-datetime/src/Data/Date/Component.purs","end":[196,17]},"Month",["January","February","March","April","May","June","July","August","September","October","November","December"]]},{"TypeRef":[{"start":[1,1],"name":"/home/stpl/Desktop/purs/MainRebuilt/bower_components/purescript-datetime/src/Data/Date/Component.purs","end":[196,17]},"Day",[]]},{"TypeRef":[{"start":[1,1],"name":"/home/stpl/Desktop/purs/MainRebuilt/bower_components/purescript-datetime/src/Data/Date/Component.purs","end":[196,17]},"Weekday",["Monday","Tuesday","Wednesday","Thursday","Friday","Saturday","Sunday"]]},{"TypeInstanceRef":[{"start":[0,0],"name":"<generated>","end":[0,0]},{"Ident":"eqYear"}]},{"TypeInstanceRef":[{"start":[0,0],"name":"<generated>","end":[0,0]},{"Ident":"ordYear"}]},{"TypeInstanceRef":[{"start":[0,0],"name":"<generated>","end":[0,0]},{"Ident":"genericYear"}]},{"TypeInstanceRef":[{"start":[0,0],"name":"<generated>","end":[0,0]},{"Ident":"boundedYear"}]},{"TypeInstanceRef":[{"start":[0,0],"name":"<generated>","end":[0,0]},{"Ident":"enumYear"}]},{"TypeInstanceRef":[{"start":[0,0],"name":"<generated>","end":[0,0]},{"Ident":"boundedEnumYear"}]},{"TypeInstanceRef":[{"start":[0,0],"name":"<generated>","end":[0,0]},{"Ident":"showYear"}]},{"TypeInstanceRef":[{"start":[0,0],"name":"<generated>","end":[0,0]},{"Ident":"eqMonth"}]},{"TypeInstanceRef":[{"start":[0,0],"name":"<generated>","end":[0,0]},{"Ident":"ordMonth"}]},{"TypeInstanceRef":[{"start":[0,0],"name":"<generated>","end":[0,0]},{"Ident":"genericMonth"}]},{"TypeInstanceRef":[{"start":[0,0],"name":"<generated>","end":[0,0]},{"Ident":"boundedMonth"}]},{"TypeInstanceRef":[{"start":[0,0],"name":"<generated>","end":[0,0]},{"Ident":"enumMonth"}]},{"TypeInstanceRef":[{"start":[0,0],"name":"<generated>","end":[0,0]},{"Ident":"boundedEnumMonth"}]},{"TypeInstanceRef":[{"start":[0,0],"name":"<generated>","end":[0,0]},{"Ident":"showMonth"}]},{"TypeInstanceRef":[{"start":[0,0],"name":"<generated>","end":[0,0]},{"Ident":"eqDay"}]},{"TypeInstanceRef":[{"start":[0,0],"name":"<generated>","end":[0,0]},{"Ident":"ordDay"}]},{"TypeInstanceRef":[{"start":[0,0],"name":"<generated>","end":[0,0]},{"Ident":"genericDay"}]},{"TypeInstanceRef":[{"start":[0,0],"name":"<generated>","end":[0,0]},{"Ident":"boundedDay"}]},{"TypeInstanceRef":[{"start":[0,0],"name":"<generated>","end":[0,0]},{"Ident":"enumDay"}]},{"TypeInstanceRef":[{"start":[0,0],"name":"<generated>","end":[0,0]},{"Ident":"boundedEnumDay"}]},{"TypeInstanceRef":[{"start":[0,0],"name":"<generated>","end":[0,0]},{"Ident":"showDay"}]},{"TypeInstanceRef":[{"start":[0,0],"name":"<generated>","end":[0,0]},{"Ident":"eqWeekday"}]},{"TypeInstanceRef":[{"start":[0,0],"name":"<generated>","end":[0,0]},{"Ident":"ordWeekday"}]},{"TypeInstanceRef":[{"start":[0,0],"name":"<generated>","end":[0,0]},{"Ident":"genericWeekday"}]},{"TypeInstanceRef":[{"start":[0,0],"name":"<generated>","end":[0,0]},{"Ident":"boundedWeekday"}]},{"TypeInstanceRef":[{"start":[0,0],"name":"<generated>","end":[0,0]},{"Ident":"enumWeekday"}]},{"TypeInstanceRef":[{"start":[0,0],"name":"<generated>","end":[0,0]},{"Ident":"boundedEnumWeekday"}]},{"TypeInstanceRef":[{"start":[0,0],"name":"<generated>","end":[0,0]},{"Ident":"showWeekday"}]}],"efImports":[{"eiModule":["Prim"],"eiImportType":{"Implicit":[]},"eiImportedAs":["Prim"]},{"eiModule":["Prim"],"eiImportType":{"Implicit":[]},"eiImportedAs":null},{"eiModule":["Prelude"],"eiImportType":{"Implicit":[]},"eiImportedAs":null},{"eiModule":["Data","Enum"],"eiImportType":{"Explicit":[{"TypeClassRef":[{"start":[10,19],"name":"/home/stpl/Desktop/purs/MainRebuilt/bower_components/purescript-datetime/src/Data/Date/Component.purs","end":[10,29]},"Enum"]},{"TypeClassRef":[{"start":[10,31],"name":"/home/stpl/Desktop/purs/MainRebuilt/bower_components/purescript-datetime/src/Data/Date/Component.purs","end":[10,48]},"BoundedEnum"]},{"ValueRef":[{"start":[10,50],"name":"/home/stpl/Desktop/purs/MainRebuilt/bower_components/purescript-datetime/src/Data/Date/Component.purs","end":[10,56]},{"Ident":"toEnum"}]},{"ValueRef":[{"start":[10,58],"name":"/home/stpl/Desktop/purs/MainRebuilt/bower_components/purescript-datetime/src/Data/Date/Component.purs","end":[10,66]},{"Ident":"fromEnum"}]},{"TypeRef":[{"start":[10,68],"name":"/home/stpl/Desktop/purs/MainRebuilt/bower_components/purescript-datetime/src/Data/Date/Component.purs","end":[10,83]},"Cardinality",null]}]},"eiImportedAs":null},{"eiModule":["Data","Generic"],"eiImportType":{"Explicit":[{"TypeClassRef":[{"start":[11,22],"name":"/home/stpl/Desktop/purs/MainRebuilt/bower_components/purescript-datetime/src/Data/Date/Component.purs","end":[11,35]},"Generic"]}]},"eiImportedAs":null},{"eiModule":["Data","Maybe"],"eiImportType":{"Explicit":[{"TypeRef":[{"start":[12,20],"name":"/home/stpl/Desktop/purs/MainRebuilt/bower_components/purescript-datetime/src/Data/Date/Component.purs","end":[12,29]},"Maybe",null]}]},"eiImportedAs":null}],"efFixities":[],"efTypeFixities":[],"efDeclarations":[{"EDType":{"edTypeName":"Year","edTypeKind":{"tag":"NamedKind","contents":[["Prim"],"Type"]},"edTypeDeclarationKind":{"DataType":{"args":[],"ctors":[["Year",[{"tag":"TypeConstructor","contents":[["Prim"],"Int"]}]]]}}}},{"EDType":{"edTypeName":"Month","edTypeKind":{"tag":"NamedKind","contents":[["Prim"],"Type"]},"edTypeDeclarationKind":{"DataType":{"args":[],"ctors":[["January",[]],["February",[]],["March",[]],["April",[]],["May",[]],["June",[]],["July",[]],["August",[]],["September",[]],["October",[]],["November",[]],["December",[]]]}}}},{"EDDataConstructor":{"edDataCtorName":"January","edDataCtorOrigin":"data","edDataCtorTypeCtor":"Month","edDataCtorType":{"tag":"TypeConstructor","contents":[["Data","Date","Component"],"Month"]},"edDataCtorFields":[]}},{"EDDataConstructor":{"edDataCtorName":"February","edDataCtorOrigin":"data","edDataCtorTypeCtor":"Month","edDataCtorType":{"tag":"TypeConstructor","contents":[["Data","Date","Component"],"Month"]},"edDataCtorFields":[]}},{"EDDataConstructor":{"edDataCtorName":"March","edDataCtorOrigin":"data","edDataCtorTypeCtor":"Month","edDataCtorType":{"tag":"TypeConstructor","contents":[["Data","Date","Component"],"Month"]},"edDataCtorFields":[]}},{"EDDataConstructor":{"edDataCtorName":"April","edDataCtorOrigin":"data","edDataCtorTypeCtor":"Month","edDataCtorType":{"tag":"TypeConstructor","contents":[["Data","Date","Component"],"Month"]},"edDataCtorFields":[]}},{"EDDataConstructor":{"edDataCtorName":"May","edDataCtorOrigin":"data","edDataCtorTypeCtor":"Month","edDataCtorType":{"tag":"TypeConstructor","contents":[["Data","Date","Component"],"Month"]},"edDataCtorFields":[]}},{"EDDataConstructor":{"edDataCtorName":"June","edDataCtorOrigin":"data","edDataCtorTypeCtor":"Month","edDataCtorType":{"tag":"TypeConstructor","contents":[["Data","Date","Component"],"Month"]},"edDataCtorFields":[]}},{"EDDataConstructor":{"edDataCtorName":"July","edDataCtorOrigin":"data","edDataCtorTypeCtor":"Month","edDataCtorType":{"tag":"TypeConstructor","contents":[["Data","Date","Component"],"Month"]},"edDataCtorFields":[]}},{"EDDataConstructor":{"edDataCtorName":"August","edDataCtorOrigin":"data","edDataCtorTypeCtor":"Month","edDataCtorType":{"tag":"TypeConstructor","contents":[["Data","Date","Component"],"Month"]},"edDataCtorFields":[]}},{"EDDataConstructor":{"edDataCtorName":"September","edDataCtorOrigin":"data","edDataCtorTypeCtor":"Month","edDataCtorType":{"tag":"TypeConstructor","contents":[["Data","Date","Component"],"Month"]},"edDataCtorFields":[]}},{"EDDataConstructor":{"edDataCtorName":"October","edDataCtorOrigin":"data","edDataCtorTypeCtor":"Month","edDataCtorType":{"tag":"TypeConstructor","contents":[["Data","Date","Component"],"Month"]},"edDataCtorFields":[]}},{"EDDataConstructor":{"edDataCtorName":"November","edDataCtorOrigin":"data","edDataCtorTypeCtor":"Month","edDataCtorType":{"tag":"TypeConstructor","contents":[["Data","Date","Component"],"Month"]},"edDataCtorFields":[]}},{"EDDataConstructor":{"edDataCtorName":"December","edDataCtorOrigin":"data","edDataCtorTypeCtor":"Month","edDataCtorType":{"tag":"TypeConstructor","contents":[["Data","Date","Component"],"Month"]},"edDataCtorFields":[]}},{"EDType":{"edTypeName":"Day","edTypeKind":{"tag":"NamedKind","contents":[["Prim"],"Type"]},"edTypeDeclarationKind":{"DataType":{"args":[],"ctors":[["Day",[{"tag":"TypeConstructor","contents":[["Prim"],"Int"]}]]]}}}},{"EDType":{"edTypeName":"Weekday","edTypeKind":{"tag":"NamedKind","contents":[["Prim"],"Type"]},"edTypeDeclarationKind":{"DataType":{"args":[],"ctors":[["Monday",[]],["Tuesday",[]],["Wednesday",[]],["Thursday",[]],["Friday",[]],["Saturday",[]],["Sunday",[]]]}}}},{"EDDataConstructor":{"edDataCtorName":"Monday","edDataCtorOrigin":"data","edDataCtorTypeCtor":"Weekday","edDataCtorType":{"tag":"TypeConstructor","contents":[["Data","Date","Component"],"Weekday"]},"edDataCtorFields":[]}},{"EDDataConstructor":{"edDataCtorName":"Tuesday","edDataCtorOrigin":"data","edDataCtorTypeCtor":"Weekday","edDataCtorType":{"tag":"TypeConstructor","contents":[["Data","Date","Component"],"Weekday"]},"edDataCtorFields":[]}},{"EDDataConstructor":{"edDataCtorName":"Wednesday","edDataCtorOrigin":"data","edDataCtorTypeCtor":"Weekday","edDataCtorType":{"tag":"TypeConstructor","contents":[["Data","Date","Component"],"Weekday"]},"edDataCtorFields":[]}},{"EDDataConstructor":{"edDataCtorName":"Thursday","edDataCtorOrigin":"data","edDataCtorTypeCtor":"Weekday","edDataCtorType":{"tag":"TypeConstructor","contents":[["Data","Date","Component"],"Weekday"]},"edDataCtorFields":[]}},{"EDDataConstructor":{"edDataCtorName":"Friday","edDataCtorOrigin":"data","edDataCtorTypeCtor":"Weekday","edDataCtorType":{"tag":"TypeConstructor","contents":[["Data","Date","Component"],"Weekday"]},"edDataCtorFields":[]}},{"EDDataConstructor":{"edDataCtorName":"Saturday","edDataCtorOrigin":"data","edDataCtorTypeCtor":"Weekday","edDataCtorType":{"tag":"TypeConstructor","contents":[["Data","Date","Component"],"Weekday"]},"edDataCtorFields":[]}},{"EDDataConstructor":{"edDataCtorName":"Sunday","edDataCtorOrigin":"data","edDataCtorTypeCtor":"Weekday","edDataCtorType":{"tag":"TypeConstructor","contents":[["Data","Date","Component"],"Weekday"]},"edDataCtorFields":[]}},{"EDInstance":{"edInstanceClassName":[["Data","Eq"],"Eq"],"edInstanceName":{"Ident":"eqYear"},"edInstanceTypes":[{"tag":"TypeConstructor","contents":[["Data","Date","Component"],"Year"]}],"edInstanceConstraints":[]}},{"EDInstance":{"edInstanceClassName":[["Data","Ord"],"Ord"],"edInstanceName":{"Ident":"ordYear"},"edInstanceTypes":[{"tag":"TypeConstructor","contents":[["Data","Date","Component"],"Year"]}],"edInstanceConstraints":[]}},{"EDInstance":{"edInstanceClassName":[["Data","Generic"],"Generic"],"edInstanceName":{"Ident":"genericYear"},"edInstanceTypes":[{"tag":"TypeConstructor","contents":[["Data","Date","Component"],"Year"]}],"edInstanceConstraints":[]}},{"EDInstance":{"edInstanceClassName":[["Data","Bounded"],"Bounded"],"edInstanceName":{"Ident":"boundedYear"},"edInstanceTypes":[{"tag":"TypeConstructor","contents":[["Data","Date","Component"],"Year"]}],"edInstanceConstraints":[]}},{"EDInstance":{"edInstanceClassName":[["Data","Enum"],"Enum"],"edInstanceName":{"Ident":"enumYear"},"edInstanceTypes":[{"tag":"TypeConstructor","contents":[["Data","Date","Component"],"Year"]}],"edInstanceConstraints":[]}},{"EDInstance":{"edInstanceClassName":[["Data","Enum"],"BoundedEnum"],"edInstanceName":{"Ident":"boundedEnumYear"},"edInstanceTypes":[{"tag":"TypeConstructor","contents":[["Data","Date","Component"],"Year"]}],"edInstanceConstraints":[]}},{"EDInstance":{"edInstanceClassName":[["Data","Show"],"Show"],"edInstanceName":{"Ident":"showYear"},"edInstanceTypes":[{"tag":"TypeConstructor","contents":[["Data","Date","Component"],"Year"]}],"edInstanceConstraints":[]}},{"EDInstance":{"edInstanceClassName":[["Data","Eq"],"Eq"],"edInstanceName":{"Ident":"eqMonth"},"edInstanceTypes":[{"tag":"TypeConstructor","contents":[["Data","Date","Component"],"Month"]}],"edInstanceConstraints":[]}},{"EDInstance":{"edInstanceClassName":[["Data","Ord"],"Ord"],"edInstanceName":{"Ident":"ordMonth"},"edInstanceTypes":[{"tag":"TypeConstructor","contents":[["Data","Date","Component"],"Month"]}],"edInstanceConstraints":[]}},{"EDInstance":{"edInstanceClassName":[["Data","Generic"],"Generic"],"edInstanceName":{"Ident":"genericMonth"},"edInstanceTypes":[{"tag":"TypeConstructor","contents":[["Data","Date","Component"],"Month"]}],"edInstanceConstraints":[]}},{"EDInstance":{"edInstanceClassName":[["Data","Bounded"],"Bounded"],"edInstanceName":{"Ident":"boundedMonth"},"edInstanceTypes":[{"tag":"TypeConstructor","contents":[["Data","Date","Component"],"Month"]}],"edInstanceConstraints":[]}},{"EDInstance":{"edInstanceClassName":[["Data","Enum"],"Enum"],"edInstanceName":{"Ident":"enumMonth"},"edInstanceTypes":[{"tag":"TypeConstructor","contents":[["Data","Date","Component"],"Month"]}],"edInstanceConstraints":[]}},{"EDInstance":{"edInstanceClassName":[["Data","Enum"],"BoundedEnum"],"edInstanceName":{"Ident":"boundedEnumMonth"},"edInstanceTypes":[{"tag":"TypeConstructor","contents":[["Data","Date","Component"],"Month"]}],"edInstanceConstraints":[]}},{"EDInstance":{"edInstanceClassName":[["Data","Show"],"Show"],"edInstanceName":{"Ident":"showMonth"},"edInstanceTypes":[{"tag":"TypeConstructor","contents":[["Data","Date","Component"],"Month"]}],"edInstanceConstraints":[]}},{"EDInstance":{"edInstanceClassName":[["Data","Eq"],"Eq"],"edInstanceName":{"Ident":"eqDay"},"edInstanceTypes":[{"tag":"TypeConstructor","contents":[["Data","Date","Component"],"Day"]}],"edInstanceConstraints":[]}},{"EDInstance":{"edInstanceClassName":[["Data","Ord"],"Ord"],"edInstanceName":{"Ident":"ordDay"},"edInstanceTypes":[{"tag":"TypeConstructor","contents":[["Data","Date","Component"],"Day"]}],"edInstanceConstraints":[]}},{"EDInstance":{"edInstanceClassName":[["Data","Generic"],"Generic"],"edInstanceName":{"Ident":"genericDay"},"edInstanceTypes":[{"tag":"TypeConstructor","contents":[["Data","Date","Component"],"Day"]}],"edInstanceConstraints":[]}},{"EDInstance":{"edInstanceClassName":[["Data","Bounded"],"Bounded"],"edInstanceName":{"Ident":"boundedDay"},"edInstanceTypes":[{"tag":"TypeConstructor","contents":[["Data","Date","Component"],"Day"]}],"edInstanceConstraints":[]}},{"EDInstance":{"edInstanceClassName":[["Data","Enum"],"Enum"],"edInstanceName":{"Ident":"enumDay"},"edInstanceTypes":[{"tag":"TypeConstructor","contents":[["Data","Date","Component"],"Day"]}],"edInstanceConstraints":[]}},{"EDInstance":{"edInstanceClassName":[["Data","Enum"],"BoundedEnum"],"edInstanceName":{"Ident":"boundedEnumDay"},"edInstanceTypes":[{"tag":"TypeConstructor","contents":[["Data","Date","Component"],"Day"]}],"edInstanceConstraints":[]}},{"EDInstance":{"edInstanceClassName":[["Data","Show"],"Show"],"edInstanceName":{"Ident":"showDay"},"edInstanceTypes":[{"tag":"TypeConstructor","contents":[["Data","Date","Component"],"Day"]}],"edInstanceConstraints":[]}},{"EDInstance":{"edInstanceClassName":[["Data","Eq"],"Eq"],"edInstanceName":{"Ident":"eqWeekday"},"edInstanceTypes":[{"tag":"TypeConstructor","contents":[["Data","Date","Component"],"Weekday"]}],"edInstanceConstraints":[]}},{"EDInstance":{"edInstanceClassName":[["Data","Ord"],"Ord"],"edInstanceName":{"Ident":"ordWeekday"},"edInstanceTypes":[{"tag":"TypeConstructor","contents":[["Data","Date","Component"],"Weekday"]}],"edInstanceConstraints":[]}},{"EDInstance":{"edInstanceClassName":[["Data","Generic"],"Generic"],"edInstanceName":{"Ident":"genericWeekday"},"edInstanceTypes":[{"tag":"TypeConstructor","contents":[["Data","Date","Component"],"Weekday"]}],"edInstanceConstraints":[]}},{"EDInstance":{"edInstanceClassName":[["Data","Bounded"],"Bounded"],"edInstanceName":{"Ident":"boundedWeekday"},"edInstanceTypes":[{"tag":"TypeConstructor","contents":[["Data","Date","Component"],"Weekday"]}],"edInstanceConstraints":[]}},{"EDInstance":{"edInstanceClassName":[["Data","Enum"],"Enum"],"edInstanceName":{"Ident":"enumWeekday"},"edInstanceTypes":[{"tag":"TypeConstructor","contents":[["Data","Date","Component"],"Weekday"]}],"edInstanceConstraints":[]}},{"EDInstance":{"edInstanceClassName":[["Data","Enum"],"BoundedEnum"],"edInstanceName":{"Ident":"boundedEnumWeekday"},"edInstanceTypes":[{"tag":"TypeConstructor","contents":[["Data","Date","Component"],"Weekday"]}],"edInstanceConstraints":[]}},{"EDInstance":{"edInstanceClassName":[["Data","Show"],"Show"],"edInstanceName":{"Ident":"showWeekday"},"edInstanceTypes":[{"tag":"TypeConstructor","contents":[["Data","Date","Component"],"Weekday"]}],"edInstanceConstraints":[]}}],"efSourceSpan":{"start":[1,1],"name":"/home/stpl/Desktop/purs/MainRebuilt/bower_components/purescript-datetime/src/Data/Date/Component.purs","end":[196,17]}}