{"efVersion":"0.11.7","efModuleName":["Main"],"efExports":[{"ValueRef":[{"start":[1,1],"name":"/home/stpl/Desktop/purs/MainRebuilt/src/Main.purs","end":[29,8]},{"Ident":"tim"}]},{"ValueRef":[{"start":[1,1],"name":"/home/stpl/Desktop/purs/MainRebuilt/src/Main.purs","end":[29,8]},{"Ident":"addEvents"}]},{"ValueRef":[{"start":[1,1],"name":"/home/stpl/Desktop/purs/MainRebuilt/src/Main.purs","end":[29,8]},{"Ident":"main"}]}],"efImports":[{"eiModule":["Prim"],"eiImportType":{"Implicit":[]},"eiImportedAs":["Prim"]},{"eiModule":["Prim"],"eiImportType":{"Implicit":[]},"eiImportedAs":null},{"eiModule":["Prelude"],"eiImportType":{"Implicit":[]},"eiImportedAs":null},{"eiModule":["Control","Monad","Eff"],"eiImportType":{"Explicit":[{"TypeRef":[{"start":[4,26],"name":"/home/stpl/Desktop/purs/MainRebuilt/src/Main.purs","end":[4,29]},"Eff",[]]}]},"eiImportedAs":null},{"eiModule":["Control","Monad","Eff","Console"],"eiImportType":{"Explicit":[{"TypeRef":[{"start":[5,35],"name":"/home/stpl/Desktop/purs/MainRebuilt/src/Main.purs","end":[5,42]},"CONSOLE",[]]},{"ValueRef":[{"start":[5,44],"name":"/home/stpl/Desktop/purs/MainRebuilt/src/Main.purs","end":[5,51]},{"Ident":"logShow"}]}]},"eiImportedAs":null},{"eiModule":["Graphics","Canvas"],"eiImportType":{"Implicit":[]},"eiImportedAs":null},{"eiModule":["Data","Maybe"],"eiImportType":{"Explicit":[{"TypeRef":[{"start":[7,19],"name":"/home/stpl/Desktop/purs/MainRebuilt/src/Main.purs","end":[7,30]},"Maybe",["Just"]]}]},"eiImportedAs":null},{"eiModule":["Partial","Unsafe"],"eiImportType":{"Explicit":[{"ValueRef":[{"start":[8,23],"name":"/home/stpl/Desktop/purs/MainRebuilt/src/Main.purs","end":[8,36]},{"Ident":"unsafePartial"}]}]},"eiImportedAs":null},{"eiModule":["Draw","Cube"],"eiImportType":{"Explicit":[{"ValueRef":[{"start":[11,19],"name":"/home/stpl/Desktop/purs/MainRebuilt/src/Main.purs","end":[11,23]},{"Ident":"draw"}]},{"ValueRef":[{"start":[11,24],"name":"/home/stpl/Desktop/purs/MainRebuilt/src/Main.purs","end":[11,32]},{"Ident":"cha_draw"}]}]},"eiImportedAs":null},{"eiModule":["Draw","Samples"],"eiImportType":{"Explicit":[{"ValueRef":[{"start":[12,21],"name":"/home/stpl/Desktop/purs/MainRebuilt/src/Main.purs","end":[12,30]},{"Ident":"draw_init"}]}]},"eiImportedAs":null},{"eiModule":["Draw","MouseIntegration"],"eiImportType":{"Implicit":[]},"eiImportedAs":null}],"efFixities":[],"efTypeFixities":[],"efDeclarations":[{"EDValue":{"edValueName":{"Ident":"tim"},"edValueType":{"tag":"TypeApp","contents":[{"tag":"TypeApp","contents":[{"tag":"TypeConstructor","contents":[["Prim"],"Function"]},{"tag":"TypeConstructor","contents":[["Graphics","Canvas"],"Context2D"]}]},{"tag":"ForAll","contents":["a",{"tag":"TypeApp","contents":[{"tag":"TypeApp","contents":[{"tag":"TypeConstructor","contents":[["Prim"],"Function"]},{"tag":"TypeApp","contents":[{"tag":"TypeApp","contents":[{"tag":"TypeConstructor","contents":[["Prim"],"Function"]},{"tag":"TypeConstructor","contents":[["Graphics","Canvas"],"Context2D"]}]},{"tag":"TypeApp","contents":[{"tag":"TypeApp","contents":[{"tag":"TypeConstructor","contents":[["Control","Monad","Eff"],"Eff"]},{"tag":"RCons","contents":["canvas",{"tag":"TypeConstructor","contents":[["Graphics","Canvas"],"CANVAS"]},{"tag":"TypeVar","contents":"a"}]}]},{"tag":"TypeConstructor","contents":[["Data","Unit"],"Unit"]}]}]}]},{"tag":"TypeConstructor","contents":[["Data","Unit"],"Unit"]}]},null]}]}}},{"EDValue":{"edValueName":{"Ident":"addEvents"},"edValueType":{"tag":"ForAll","contents":["a",{"tag":"TypeApp","contents":[{"tag":"TypeApp","contents":[{"tag":"TypeConstructor","contents":[["Prim"],"Function"]},{"tag":"TypeConstructor","contents":[["Graphics","Canvas"],"Context2D"]}]},{"tag":"TypeApp","contents":[{"tag":"TypeApp","contents":[{"tag":"TypeConstructor","contents":[["Prim"],"Function"]},{"tag":"TypeConstructor","contents":[["Prim"],"String"]}]},{"tag":"TypeApp","contents":[{"tag":"TypeApp","contents":[{"tag":"TypeConstructor","contents":[["Prim"],"Function"]},{"tag":"TypeApp","contents":[{"tag":"TypeApp","contents":[{"tag":"TypeConstructor","contents":[["Prim"],"Function"]},{"tag":"TypeConstructor","contents":[["Draw","MouseIntegration"],"Event"]}]},{"tag":"TypeApp","contents":[{"tag":"TypeApp","contents":[{"tag":"TypeConstructor","contents":[["Control","Monad","Eff"],"Eff"]},{"tag":"RCons","contents":["canvas",{"tag":"TypeConstructor","contents":[["Graphics","Canvas"],"CANVAS"]},{"tag":"TypeVar","contents":"a"}]}]},{"tag":"TypeConstructor","contents":[["Data","Unit"],"Unit"]}]}]}]},{"tag":"TypeApp","contents":[{"tag":"TypeApp","contents":[{"tag":"TypeConstructor","contents":[["Control","Monad","Eff"],"Eff"]},{"tag":"RCons","contents":["canvas",{"tag":"TypeConstructor","contents":[["Graphics","Canvas"],"CANVAS"]},{"tag":"TypeVar","contents":"a"}]}]},{"tag":"TypeConstructor","contents":[["Data","Unit"],"Unit"]}]}]}]}]},null]}}},{"EDValue":{"edValueName":{"Ident":"main"},"edValueType":{"tag":"ForAll","contents":["t9",{"tag":"TypeApp","contents":[{"tag":"TypeApp","contents":[{"tag":"TypeConstructor","contents":[["Control","Monad","Eff"],"Eff"]},{"tag":"RCons","contents":["canvas",{"tag":"TypeConstructor","contents":[["Graphics","Canvas"],"CANVAS"]},{"tag":"TypeVar","contents":"t9"}]}]},{"tag":"TypeConstructor","contents":[["Data","Unit"],"Unit"]}]},null]}}}],"efSourceSpan":{"start":[1,1],"name":"/home/stpl/Desktop/purs/MainRebuilt/src/Main.purs","end":[29,8]}}