{"efVersion":"0.11.7","efModuleName":["Main"],"efExports":[{"ValueRef":[{"start":[1,1],"name":"/home/stpl/Desktop/purs/MainRebuilt/src/Main.purs","end":[31,8]},{"Ident":"tim"}]},{"ValueRef":[{"start":[1,1],"name":"/home/stpl/Desktop/purs/MainRebuilt/src/Main.purs","end":[31,8]},{"Ident":"addEvents"}]},{"ValueRef":[{"start":[1,1],"name":"/home/stpl/Desktop/purs/MainRebuilt/src/Main.purs","end":[31,8]},{"Ident":"main"}]}],"efImports":[{"eiModule":["Prim"],"eiImportType":{"Implicit":[]},"eiImportedAs":["Prim"]},{"eiModule":["Prim"],"eiImportType":{"Implicit":[]},"eiImportedAs":null},{"eiModule":["Prelude"],"eiImportType":{"Explicit":[{"TypeRef":[{"start":[3,17],"name":"/home/stpl/Desktop/purs/MainRebuilt/src/Main.purs","end":[3,21]},"Unit",[]]},{"ValueRef":[{"start":[3,23],"name":"/home/stpl/Desktop/purs/MainRebuilt/src/Main.purs","end":[3,27]},{"Ident":"bind"}]},{"ValueRef":[{"start":[3,29],"name":"/home/stpl/Desktop/purs/MainRebuilt/src/Main.purs","end":[3,36]},{"Ident":"discard"}]},{"ValueRef":[{"start":[3,38],"name":"/home/stpl/Desktop/purs/MainRebuilt/src/Main.purs","end":[3,42]},{"Ident":"pure"}]},{"ValueRef":[{"start":[3,44],"name":"/home/stpl/Desktop/purs/MainRebuilt/src/Main.purs","end":[3,48]},{"Ident":"unit"}]},{"ValueRef":[{"start":[3,50],"name":"/home/stpl/Desktop/purs/MainRebuilt/src/Main.purs","end":[3,54]},{"Ident":"void"}]},{"ValueOpRef":[{"start":[3,56],"name":"/home/stpl/Desktop/purs/MainRebuilt/src/Main.purs","end":[3,59]},"$"]}]},"eiImportedAs":null},{"eiModule":["Control","Monad","Eff"],"eiImportType":{"Explicit":[{"TypeRef":[{"start":[4,26],"name":"/home/stpl/Desktop/purs/MainRebuilt/src/Main.purs","end":[4,29]},"Eff",[]]}]},"eiImportedAs":null},{"eiModule":["Graphics","Canvas"],"eiImportType":{"Implicit":[]},"eiImportedAs":null},{"eiModule":["Data","Maybe"],"eiImportType":{"Explicit":[{"TypeRef":[{"start":[6,19],"name":"/home/stpl/Desktop/purs/MainRebuilt/src/Main.purs","end":[6,30]},"Maybe",["Just"]]}]},"eiImportedAs":null},{"eiModule":["Partial","Unsafe"],"eiImportType":{"Explicit":[{"ValueRef":[{"start":[7,23],"name":"/home/stpl/Desktop/purs/MainRebuilt/src/Main.purs","end":[7,36]},{"Ident":"unsafePartial"}]}]},"eiImportedAs":null},{"eiModule":["Draw","Cube"],"eiImportType":{"Explicit":[{"ValueRef":[{"start":[10,19],"name":"/home/stpl/Desktop/purs/MainRebuilt/src/Main.purs","end":[10,23]},{"Ident":"draw"}]},{"ValueRef":[{"start":[10,24],"name":"/home/stpl/Desktop/purs/MainRebuilt/src/Main.purs","end":[10,32]},{"Ident":"cha_draw"}]}]},"eiImportedAs":null},{"eiModule":["Draw","Samples"],"eiImportType":{"Explicit":[{"ValueRef":[{"start":[11,21],"name":"/home/stpl/Desktop/purs/MainRebuilt/src/Main.purs","end":[11,30]},{"Ident":"draw_init"}]}]},"eiImportedAs":null},{"eiModule":["Draw","MouseIntegration"],"eiImportType":{"Implicit":[]},"eiImportedAs":null}],"efFixities":[],"efTypeFixities":[],"efDeclarations":[{"EDValue":{"edValueName":{"Ident":"tim"},"edValueType":{"tag":"TypeApp","contents":[{"tag":"TypeApp","contents":[{"tag":"TypeConstructor","contents":[["Prim"],"Function"]},{"tag":"TypeConstructor","contents":[["Graphics","Canvas"],"Context2D"]}]},{"tag":"ForAll","contents":["a",{"tag":"TypeApp","contents":[{"tag":"TypeApp","contents":[{"tag":"TypeConstructor","contents":[["Prim"],"Function"]},{"tag":"TypeApp","contents":[{"tag":"TypeApp","contents":[{"tag":"TypeConstructor","contents":[["Prim"],"Function"]},{"tag":"TypeConstructor","contents":[["Graphics","Canvas"],"Context2D"]}]},{"tag":"TypeApp","contents":[{"tag":"TypeApp","contents":[{"tag":"TypeConstructor","contents":[["Control","Monad","Eff"],"Eff"]},{"tag":"RCons","contents":["canvas",{"tag":"TypeConstructor","contents":[["Graphics","Canvas"],"CANVAS"]},{"tag":"TypeVar","contents":"a"}]}]},{"tag":"TypeConstructor","contents":[["Data","Unit"],"Unit"]}]}]}]},{"tag":"TypeConstructor","contents":[["Data","Unit"],"Unit"]}]},null]}]}}},{"EDValue":{"edValueName":{"Ident":"addEvents"},"edValueType":{"tag":"ForAll","contents":["a",{"tag":"TypeApp","contents":[{"tag":"TypeApp","contents":[{"tag":"TypeConstructor","contents":[["Prim"],"Function"]},{"tag":"TypeConstructor","contents":[["Graphics","Canvas"],"Context2D"]}]},{"tag":"TypeApp","contents":[{"tag":"TypeApp","contents":[{"tag":"TypeConstructor","contents":[["Prim"],"Function"]},{"tag":"TypeConstructor","contents":[["Prim"],"String"]}]},{"tag":"TypeApp","contents":[{"tag":"TypeApp","contents":[{"tag":"TypeConstructor","contents":[["Prim"],"Function"]},{"tag":"TypeApp","contents":[{"tag":"TypeApp","contents":[{"tag":"TypeConstructor","contents":[["Prim"],"Function"]},{"tag":"TypeConstructor","contents":[["Draw","MouseIntegration"],"Event"]}]},{"tag":"TypeApp","contents":[{"tag":"TypeApp","contents":[{"tag":"TypeConstructor","contents":[["Control","Monad","Eff"],"Eff"]},{"tag":"RCons","contents":["canvas",{"tag":"TypeConstructor","contents":[["Graphics","Canvas"],"CANVAS"]},{"tag":"TypeVar","contents":"a"}]}]},{"tag":"TypeConstructor","contents":[["Data","Unit"],"Unit"]}]}]}]},{"tag":"TypeApp","contents":[{"tag":"TypeApp","contents":[{"tag":"TypeConstructor","contents":[["Control","Monad","Eff"],"Eff"]},{"tag":"RCons","contents":["canvas",{"tag":"TypeConstructor","contents":[["Graphics","Canvas"],"CANVAS"]},{"tag":"TypeVar","contents":"a"}]}]},{"tag":"TypeConstructor","contents":[["Data","Unit"],"Unit"]}]}]}]}]},null]}}},{"EDValue":{"edValueName":{"Ident":"main"},"edValueType":{"tag":"ForAll","contents":["e",{"tag":"TypeApp","contents":[{"tag":"TypeApp","contents":[{"tag":"TypeConstructor","contents":[["Control","Monad","Eff"],"Eff"]},{"tag":"RCons","contents":["canvas",{"tag":"TypeConstructor","contents":[["Graphics","Canvas"],"CANVAS"]},{"tag":"TypeVar","contents":"e"}]}]},{"tag":"TypeConstructor","contents":[["Data","Unit"],"Unit"]}]},0]}}}],"efSourceSpan":{"start":[1,1],"name":"/home/stpl/Desktop/purs/MainRebuilt/src/Main.purs","end":[31,8]}}