{"efVersion":"0.11.7","efModuleName":["Data","Divisible"],"efExports":[{"ValueRef":[{"start":[1,1],"name":"/home/stpl/Desktop/purs/MainRebuilt/bower_components/purescript-contravariant/src/Data/Divisible.purs","end":[26,24]},{"Ident":"conquer"}]},{"TypeClassRef":[{"start":[1,1],"name":"/home/stpl/Desktop/purs/MainRebuilt/bower_components/purescript-contravariant/src/Data/Divisible.purs","end":[26,24]},"Divisible"]},{"TypeInstanceRef":[{"start":[0,0],"name":"<generated>","end":[0,0]},{"Ident":"divisibleComparison"}]},{"TypeInstanceRef":[{"start":[0,0],"name":"<generated>","end":[0,0]},{"Ident":"divisibleEquivalence"}]},{"TypeInstanceRef":[{"start":[0,0],"name":"<generated>","end":[0,0]},{"Ident":"divisiblePredicate"}]},{"TypeInstanceRef":[{"start":[0,0],"name":"<generated>","end":[0,0]},{"Ident":"divisibleOp"}]}],"efImports":[{"eiModule":["Prim"],"eiImportType":{"Implicit":[]},"eiImportedAs":["Prim"]},{"eiModule":["Prim"],"eiImportType":{"Implicit":[]},"eiImportedAs":null},{"eiModule":["Prelude"],"eiImportType":{"Implicit":[]},"eiImportedAs":null},{"eiModule":["Data","Comparison"],"eiImportType":{"Explicit":[{"TypeRef":[{"start":[5,25],"name":"/home/stpl/Desktop/purs/MainRebuilt/bower_components/purescript-contravariant/src/Data/Divisible.purs","end":[5,39]},"Comparison",null]}]},"eiImportedAs":null},{"eiModule":["Data","Divide"],"eiImportType":{"Explicit":[{"TypeClassRef":[{"start":[6,21],"name":"/home/stpl/Desktop/purs/MainRebuilt/bower_components/purescript-contravariant/src/Data/Divisible.purs","end":[6,33]},"Divide"]}]},"eiImportedAs":null},{"eiModule":["Data","Equivalence"],"eiImportType":{"Explicit":[{"TypeRef":[{"start":[7,26],"name":"/home/stpl/Desktop/purs/MainRebuilt/bower_components/purescript-contravariant/src/Data/Divisible.purs","end":[7,41]},"Equivalence",null]}]},"eiImportedAs":null},{"eiModule":["Data","Monoid"],"eiImportType":{"Explicit":[{"TypeClassRef":[{"start":[8,21],"name":"/home/stpl/Desktop/purs/MainRebuilt/bower_components/purescript-contravariant/src/Data/Divisible.purs","end":[8,33]},"Monoid"]},{"ValueRef":[{"start":[8,35],"name":"/home/stpl/Desktop/purs/MainRebuilt/bower_components/purescript-contravariant/src/Data/Divisible.purs","end":[8,41]},{"Ident":"mempty"}]}]},"eiImportedAs":null},{"eiModule":["Data","Op"],"eiImportType":{"Explicit":[{"TypeRef":[{"start":[9,17],"name":"/home/stpl/Desktop/purs/MainRebuilt/bower_components/purescript-contravariant/src/Data/Divisible.purs","end":[9,23]},"Op",null]}]},"eiImportedAs":null},{"eiModule":["Data","Predicate"],"eiImportType":{"Explicit":[{"TypeRef":[{"start":[10,24],"name":"/home/stpl/Desktop/purs/MainRebuilt/bower_components/purescript-contravariant/src/Data/Divisible.purs","end":[10,37]},"Predicate",null]}]},"eiImportedAs":null}],"efFixities":[],"efTypeFixities":[],"efDeclarations":[{"EDValue":{"edValueName":{"Ident":"conquer"},"edValueType":{"tag":"ForAll","contents":["f",{"tag":"ForAll","contents":["a",{"tag":"ConstrainedType","contents":[{"constraintClass":[["Data","Divisible"],"Divisible"],"constraintArgs":[{"tag":"TypeVar","contents":"f"}],"constraintData":null},{"tag":"TypeApp","contents":[{"tag":"TypeVar","contents":"f"},{"tag":"TypeVar","contents":"a"}]}]},34]},35]}}},{"EDType":{"edTypeName":"Divisible","edTypeKind":{"tag":"FunKind","contents":[{"tag":"FunKind","contents":[{"tag":"NamedKind","contents":[["Prim"],"Type"]},{"tag":"NamedKind","contents":[["Prim"],"Type"]}]},{"tag":"NamedKind","contents":[["Prim"],"Type"]}]},"edTypeDeclarationKind":"TypeSynonym"}},{"EDTypeSynonym":{"edTypeSynonymName":"Divisible","edTypeSynonymArguments":[["f",null]],"edTypeSynonymType":{"tag":"TypeApp","contents":[{"tag":"TypeConstructor","contents":[["Prim"],"Record"]},{"tag":"RCons","contents":["conquer",{"tag":"ForAll","contents":["a",{"tag":"TypeApp","contents":[{"tag":"TypeVar","contents":"f"},{"tag":"TypeVar","contents":"a"}]},null]},{"tag":"RCons","contents":["Divide0",{"tag":"TypeApp","contents":[{"tag":"TypeApp","contents":[{"tag":"TypeConstructor","contents":[["Prim"],"Function"]},{"tag":"TypeApp","contents":[{"tag":"TypeConstructor","contents":[["Prim"],"Record"]},{"tag":"REmpty"}]}]},{"tag":"TypeApp","contents":[{"tag":"TypeConstructor","contents":[["Data","Divide"],"Divide"]},{"tag":"TypeVar","contents":"f"}]}]},{"tag":"REmpty"}]}]}]}}},{"EDClass":{"edClassName":"Divisible","edClassTypeArguments":[["f",null]],"edClassMembers":[[{"Ident":"conquer"},{"tag":"ForAll","contents":["a",{"tag":"TypeApp","contents":[{"tag":"TypeVar","contents":"f"},{"tag":"TypeVar","contents":"a"}]},null]}]],"edClassConstraints":[{"constraintClass":[["Data","Divide"],"Divide"],"constraintArgs":[{"tag":"TypeVar","contents":"f"}],"constraintData":null}],"edFunctionalDependencies":[]}},{"EDInstance":{"edInstanceClassName":[["Data","Divisible"],"Divisible"],"edInstanceName":{"Ident":"divisibleComparison"},"edInstanceTypes":[{"tag":"TypeConstructor","contents":[["Data","Comparison"],"Comparison"]}],"edInstanceConstraints":[]}},{"EDInstance":{"edInstanceClassName":[["Data","Divisible"],"Divisible"],"edInstanceName":{"Ident":"divisibleEquivalence"},"edInstanceTypes":[{"tag":"TypeConstructor","contents":[["Data","Equivalence"],"Equivalence"]}],"edInstanceConstraints":[]}},{"EDInstance":{"edInstanceClassName":[["Data","Divisible"],"Divisible"],"edInstanceName":{"Ident":"divisiblePredicate"},"edInstanceTypes":[{"tag":"TypeConstructor","contents":[["Data","Predicate"],"Predicate"]}],"edInstanceConstraints":[]}},{"EDInstance":{"edInstanceClassName":[["Data","Divisible"],"Divisible"],"edInstanceName":{"Ident":"divisibleOp"},"edInstanceTypes":[{"tag":"TypeApp","contents":[{"tag":"TypeConstructor","contents":[["Data","Op"],"Op"]},{"tag":"TypeVar","contents":"r"}]}],"edInstanceConstraints":[{"constraintClass":[["Data","Monoid"],"Monoid"],"constraintArgs":[{"tag":"TypeVar","contents":"r"}],"constraintData":null}]}}],"efSourceSpan":{"start":[1,1],"name":"/home/stpl/Desktop/purs/MainRebuilt/bower_components/purescript-contravariant/src/Data/Divisible.purs","end":[26,24]}}