{"efVersion":"0.11.7","efModuleName":["Data","Newtype"],"efExports":[{"ValueRef":[{"start":[1,1],"name":"/home/stpl/Desktop/purs/Main-Project/bower_components/purescript-newtype/src/Data/Newtype.purs","end":[285,34]},{"Ident":"unwrap"}]},{"ValueRef":[{"start":[1,1],"name":"/home/stpl/Desktop/purs/Main-Project/bower_components/purescript-newtype/src/Data/Newtype.purs","end":[285,34]},{"Ident":"wrap"}]},{"TypeClassRef":[{"start":[1,1],"name":"/home/stpl/Desktop/purs/Main-Project/bower_components/purescript-newtype/src/Data/Newtype.purs","end":[285,34]},"Newtype"]},{"ValueRef":[{"start":[1,1],"name":"/home/stpl/Desktop/purs/Main-Project/bower_components/purescript-newtype/src/Data/Newtype.purs","end":[285,34]},{"Ident":"un"}]},{"ValueRef":[{"start":[1,1],"name":"/home/stpl/Desktop/purs/Main-Project/bower_components/purescript-newtype/src/Data/Newtype.purs","end":[285,34]},{"Ident":"op"}]},{"ValueRef":[{"start":[1,1],"name":"/home/stpl/Desktop/purs/Main-Project/bower_components/purescript-newtype/src/Data/Newtype.purs","end":[285,34]},{"Ident":"ala"}]},{"ValueRef":[{"start":[1,1],"name":"/home/stpl/Desktop/purs/Main-Project/bower_components/purescript-newtype/src/Data/Newtype.purs","end":[285,34]},{"Ident":"alaF"}]},{"ValueRef":[{"start":[1,1],"name":"/home/stpl/Desktop/purs/Main-Project/bower_components/purescript-newtype/src/Data/Newtype.purs","end":[285,34]},{"Ident":"over"}]},{"ValueRef":[{"start":[1,1],"name":"/home/stpl/Desktop/purs/Main-Project/bower_components/purescript-newtype/src/Data/Newtype.purs","end":[285,34]},{"Ident":"overF"}]},{"ValueRef":[{"start":[1,1],"name":"/home/stpl/Desktop/purs/Main-Project/bower_components/purescript-newtype/src/Data/Newtype.purs","end":[285,34]},{"Ident":"under"}]},{"ValueRef":[{"start":[1,1],"name":"/home/stpl/Desktop/purs/Main-Project/bower_components/purescript-newtype/src/Data/Newtype.purs","end":[285,34]},{"Ident":"underF"}]},{"ValueRef":[{"start":[1,1],"name":"/home/stpl/Desktop/purs/Main-Project/bower_components/purescript-newtype/src/Data/Newtype.purs","end":[285,34]},{"Ident":"over2"}]},{"ValueRef":[{"start":[1,1],"name":"/home/stpl/Desktop/purs/Main-Project/bower_components/purescript-newtype/src/Data/Newtype.purs","end":[285,34]},{"Ident":"overF2"}]},{"ValueRef":[{"start":[1,1],"name":"/home/stpl/Desktop/purs/Main-Project/bower_components/purescript-newtype/src/Data/Newtype.purs","end":[285,34]},{"Ident":"under2"}]},{"ValueRef":[{"start":[1,1],"name":"/home/stpl/Desktop/purs/Main-Project/bower_components/purescript-newtype/src/Data/Newtype.purs","end":[285,34]},{"Ident":"underF2"}]},{"ValueRef":[{"start":[1,1],"name":"/home/stpl/Desktop/purs/Main-Project/bower_components/purescript-newtype/src/Data/Newtype.purs","end":[285,34]},{"Ident":"traverse"}]},{"ValueRef":[{"start":[1,1],"name":"/home/stpl/Desktop/purs/Main-Project/bower_components/purescript-newtype/src/Data/Newtype.purs","end":[285,34]},{"Ident":"collect"}]}],"efImports":[{"eiModule":["Prim"],"eiImportType":{"Implicit":[]},"eiImportedAs":["Prim"]},{"eiModule":["Prim"],"eiImportType":{"Implicit":[]},"eiImportedAs":null},{"eiModule":["Prelude"],"eiImportType":{"Implicit":[]},"eiImportedAs":null},{"eiModule":["Data","Function"],"eiImportType":{"Explicit":[{"ValueRef":[{"start":[4,23],"name":"/home/stpl/Desktop/purs/Main-Project/bower_components/purescript-newtype/src/Data/Newtype.purs","end":[4,25]},{"Ident":"on"}]}]},"eiImportedAs":null}],"efFixities":[],"efTypeFixities":[],"efDeclarations":[{"EDValue":{"edValueName":{"Ident":"unwrap"},"edValueType":{"tag":"ForAll","contents":["t",{"tag":"ForAll","contents":["a",{"tag":"ConstrainedType","contents":[{"constraintClass":[["Data","Newtype"],"Newtype"],"constraintArgs":[{"tag":"TypeVar","contents":"t"},{"tag":"TypeVar","contents":"a"}],"constraintData":null},{"tag":"TypeApp","contents":[{"tag":"TypeApp","contents":[{"tag":"TypeConstructor","contents":[["Prim"],"Function"]},{"tag":"TypeVar","contents":"t"}]},{"tag":"TypeVar","contents":"a"}]}]},2]},3]}}},{"EDValue":{"edValueName":{"Ident":"wrap"},"edValueType":{"tag":"ForAll","contents":["t",{"tag":"ForAll","contents":["a",{"tag":"ConstrainedType","contents":[{"constraintClass":[["Data","Newtype"],"Newtype"],"constraintArgs":[{"tag":"TypeVar","contents":"t"},{"tag":"TypeVar","contents":"a"}],"constraintData":null},{"tag":"TypeApp","contents":[{"tag":"TypeApp","contents":[{"tag":"TypeConstructor","contents":[["Prim"],"Function"]},{"tag":"TypeVar","contents":"a"}]},{"tag":"TypeVar","contents":"t"}]}]},0]},1]}}},{"EDType":{"edTypeName":"Newtype","edTypeKind":{"tag":"FunKind","contents":[{"tag":"NamedKind","contents":[["Prim"],"Type"]},{"tag":"FunKind","contents":[{"tag":"NamedKind","contents":[["Prim"],"Type"]},{"tag":"NamedKind","contents":[["Prim"],"Type"]}]}]},"edTypeDeclarationKind":"TypeSynonym"}},{"EDTypeSynonym":{"edTypeSynonymName":"Newtype","edTypeSynonymArguments":[["t",null],["a",null]],"edTypeSynonymType":{"tag":"TypeApp","contents":[{"tag":"TypeConstructor","contents":[["Prim"],"Record"]},{"tag":"RCons","contents":["wrap",{"tag":"TypeApp","contents":[{"tag":"TypeApp","contents":[{"tag":"TypeConstructor","contents":[["Prim"],"Function"]},{"tag":"TypeVar","contents":"a"}]},{"tag":"TypeVar","contents":"t"}]},{"tag":"RCons","contents":["unwrap",{"tag":"TypeApp","contents":[{"tag":"TypeApp","contents":[{"tag":"TypeConstructor","contents":[["Prim"],"Function"]},{"tag":"TypeVar","contents":"t"}]},{"tag":"TypeVar","contents":"a"}]},{"tag":"REmpty"}]}]}]}}},{"EDClass":{"edClassName":"Newtype","edClassTypeArguments":[["t",null],["a",null]],"edClassMembers":[[{"Ident":"wrap"},{"tag":"TypeApp","contents":[{"tag":"TypeApp","contents":[{"tag":"TypeConstructor","contents":[["Prim"],"Function"]},{"tag":"TypeVar","contents":"a"}]},{"tag":"TypeVar","contents":"t"}]}],[{"Ident":"unwrap"},{"tag":"TypeApp","contents":[{"tag":"TypeApp","contents":[{"tag":"TypeConstructor","contents":[["Prim"],"Function"]},{"tag":"TypeVar","contents":"t"}]},{"tag":"TypeVar","contents":"a"}]}]],"edClassConstraints":[],"edFunctionalDependencies":[{"determiners":[0],"determined":[1]}]}},{"EDValue":{"edValueName":{"Ident":"un"},"edValueType":{"tag":"ForAll","contents":["a",{"tag":"ForAll","contents":["t",{"tag":"ConstrainedType","contents":[{"constraintClass":[["Data","Newtype"],"Newtype"],"constraintArgs":[{"tag":"TypeVar","contents":"t"},{"tag":"TypeVar","contents":"a"}],"constraintData":null},{"tag":"TypeApp","contents":[{"tag":"TypeApp","contents":[{"tag":"TypeConstructor","contents":[["Prim"],"Function"]},{"tag":"TypeApp","contents":[{"tag":"TypeApp","contents":[{"tag":"TypeConstructor","contents":[["Prim"],"Function"]},{"tag":"TypeVar","contents":"a"}]},{"tag":"TypeVar","contents":"t"}]}]},{"tag":"TypeApp","contents":[{"tag":"TypeApp","contents":[{"tag":"TypeConstructor","contents":[["Prim"],"Function"]},{"tag":"TypeVar","contents":"t"}]},{"tag":"TypeVar","contents":"a"}]}]}]},44]},45]}}},{"EDValue":{"edValueName":{"Ident":"op"},"edValueType":{"tag":"ForAll","contents":["a",{"tag":"ForAll","contents":["t",{"tag":"ConstrainedType","contents":[{"constraintClass":[["Data","Newtype"],"Newtype"],"constraintArgs":[{"tag":"TypeVar","contents":"t"},{"tag":"TypeVar","contents":"a"}],"constraintData":null},{"tag":"TypeApp","contents":[{"tag":"TypeApp","contents":[{"tag":"TypeConstructor","contents":[["Prim"],"Function"]},{"tag":"TypeApp","contents":[{"tag":"TypeApp","contents":[{"tag":"TypeConstructor","contents":[["Prim"],"Function"]},{"tag":"TypeVar","contents":"a"}]},{"tag":"TypeVar","contents":"t"}]}]},{"tag":"TypeApp","contents":[{"tag":"TypeApp","contents":[{"tag":"TypeConstructor","contents":[["Prim"],"Function"]},{"tag":"TypeVar","contents":"t"}]},{"tag":"TypeVar","contents":"a"}]}]}]},94]},95]}}},{"EDValue":{"edValueName":{"Ident":"ala"},"edValueType":{"tag":"ForAll","contents":["b",{"tag":"ForAll","contents":["s",{"tag":"ForAll","contents":["a",{"tag":"ForAll","contents":["t",{"tag":"ForAll","contents":["f",{"tag":"ConstrainedType","contents":[{"constraintClass":[["Data","Functor"],"Functor"],"constraintArgs":[{"tag":"TypeVar","contents":"f"}],"constraintData":null},{"tag":"ConstrainedType","contents":[{"constraintClass":[["Data","Newtype"],"Newtype"],"constraintArgs":[{"tag":"TypeVar","contents":"t"},{"tag":"TypeVar","contents":"a"}],"constraintData":null},{"tag":"ConstrainedType","contents":[{"constraintClass":[["Data","Newtype"],"Newtype"],"constraintArgs":[{"tag":"TypeVar","contents":"s"},{"tag":"TypeVar","contents":"b"}],"constraintData":null},{"tag":"TypeApp","contents":[{"tag":"TypeApp","contents":[{"tag":"TypeConstructor","contents":[["Prim"],"Function"]},{"tag":"TypeApp","contents":[{"tag":"TypeApp","contents":[{"tag":"TypeConstructor","contents":[["Prim"],"Function"]},{"tag":"TypeVar","contents":"a"}]},{"tag":"TypeVar","contents":"t"}]}]},{"tag":"TypeApp","contents":[{"tag":"TypeApp","contents":[{"tag":"TypeConstructor","contents":[["Prim"],"Function"]},{"tag":"TypeApp","contents":[{"tag":"TypeApp","contents":[{"tag":"TypeConstructor","contents":[["Prim"],"Function"]},{"tag":"TypeApp","contents":[{"tag":"TypeApp","contents":[{"tag":"TypeConstructor","contents":[["Prim"],"Function"]},{"tag":"TypeVar","contents":"b"}]},{"tag":"TypeVar","contents":"s"}]}]},{"tag":"TypeApp","contents":[{"tag":"TypeVar","contents":"f"},{"tag":"TypeVar","contents":"t"}]}]}]},{"tag":"TypeApp","contents":[{"tag":"TypeVar","contents":"f"},{"tag":"TypeVar","contents":"a"}]}]}]}]}]}]},116]},117]},118]},119]},120]}}},{"EDValue":{"edValueName":{"Ident":"alaF"},"edValueType":{"tag":"ForAll","contents":["b",{"tag":"ForAll","contents":["s",{"tag":"ForAll","contents":["a",{"tag":"ForAll","contents":["t",{"tag":"ForAll","contents":["g",{"tag":"ForAll","contents":["f",{"tag":"ConstrainedType","contents":[{"constraintClass":[["Data","Functor"],"Functor"],"constraintArgs":[{"tag":"TypeVar","contents":"f"}],"constraintData":null},{"tag":"ConstrainedType","contents":[{"constraintClass":[["Data","Functor"],"Functor"],"constraintArgs":[{"tag":"TypeVar","contents":"g"}],"constraintData":null},{"tag":"ConstrainedType","contents":[{"constraintClass":[["Data","Newtype"],"Newtype"],"constraintArgs":[{"tag":"TypeVar","contents":"t"},{"tag":"TypeVar","contents":"a"}],"constraintData":null},{"tag":"ConstrainedType","contents":[{"constraintClass":[["Data","Newtype"],"Newtype"],"constraintArgs":[{"tag":"TypeVar","contents":"s"},{"tag":"TypeVar","contents":"b"}],"constraintData":null},{"tag":"TypeApp","contents":[{"tag":"TypeApp","contents":[{"tag":"TypeConstructor","contents":[["Prim"],"Function"]},{"tag":"TypeApp","contents":[{"tag":"TypeApp","contents":[{"tag":"TypeConstructor","contents":[["Prim"],"Function"]},{"tag":"TypeVar","contents":"a"}]},{"tag":"TypeVar","contents":"t"}]}]},{"tag":"TypeApp","contents":[{"tag":"TypeApp","contents":[{"tag":"TypeConstructor","contents":[["Prim"],"Function"]},{"tag":"TypeApp","contents":[{"tag":"TypeApp","contents":[{"tag":"TypeConstructor","contents":[["Prim"],"Function"]},{"tag":"TypeApp","contents":[{"tag":"TypeVar","contents":"f"},{"tag":"TypeVar","contents":"t"}]}]},{"tag":"TypeApp","contents":[{"tag":"TypeVar","contents":"g"},{"tag":"TypeVar","contents":"s"}]}]}]},{"tag":"TypeApp","contents":[{"tag":"TypeApp","contents":[{"tag":"TypeConstructor","contents":[["Prim"],"Function"]},{"tag":"TypeApp","contents":[{"tag":"TypeVar","contents":"f"},{"tag":"TypeVar","contents":"a"}]}]},{"tag":"TypeApp","contents":[{"tag":"TypeVar","contents":"g"},{"tag":"TypeVar","contents":"b"}]}]}]}]}]}]}]}]},104]},105]},106]},107]},108]},109]}}},{"EDValue":{"edValueName":{"Ident":"over"},"edValueType":{"tag":"ForAll","contents":["b",{"tag":"ForAll","contents":["s",{"tag":"ForAll","contents":["a",{"tag":"ForAll","contents":["t",{"tag":"ConstrainedType","contents":[{"constraintClass":[["Data","Newtype"],"Newtype"],"constraintArgs":[{"tag":"TypeVar","contents":"t"},{"tag":"TypeVar","contents":"a"}],"constraintData":null},{"tag":"ConstrainedType","contents":[{"constraintClass":[["Data","Newtype"],"Newtype"],"constraintArgs":[{"tag":"TypeVar","contents":"s"},{"tag":"TypeVar","contents":"b"}],"constraintData":null},{"tag":"TypeApp","contents":[{"tag":"TypeApp","contents":[{"tag":"TypeConstructor","contents":[["Prim"],"Function"]},{"tag":"TypeApp","contents":[{"tag":"TypeApp","contents":[{"tag":"TypeConstructor","contents":[["Prim"],"Function"]},{"tag":"TypeVar","contents":"a"}]},{"tag":"TypeVar","contents":"t"}]}]},{"tag":"TypeApp","contents":[{"tag":"TypeApp","contents":[{"tag":"TypeConstructor","contents":[["Prim"],"Function"]},{"tag":"TypeApp","contents":[{"tag":"TypeApp","contents":[{"tag":"TypeConstructor","contents":[["Prim"],"Function"]},{"tag":"TypeVar","contents":"a"}]},{"tag":"TypeVar","contents":"b"}]}]},{"tag":"TypeApp","contents":[{"tag":"TypeApp","contents":[{"tag":"TypeConstructor","contents":[["Prim"],"Function"]},{"tag":"TypeVar","contents":"t"}]},{"tag":"TypeVar","contents":"s"}]}]}]}]}]},86]},87]},88]},89]}}},{"EDValue":{"edValueName":{"Ident":"overF"},"edValueType":{"tag":"ForAll","contents":["b",{"tag":"ForAll","contents":["s",{"tag":"ForAll","contents":["a",{"tag":"ForAll","contents":["t",{"tag":"ForAll","contents":["g",{"tag":"ForAll","contents":["f",{"tag":"ConstrainedType","contents":[{"constraintClass":[["Data","Functor"],"Functor"],"constraintArgs":[{"tag":"TypeVar","contents":"f"}],"constraintData":null},{"tag":"ConstrainedType","contents":[{"constraintClass":[["Data","Functor"],"Functor"],"constraintArgs":[{"tag":"TypeVar","contents":"g"}],"constraintData":null},{"tag":"ConstrainedType","contents":[{"constraintClass":[["Data","Newtype"],"Newtype"],"constraintArgs":[{"tag":"TypeVar","contents":"t"},{"tag":"TypeVar","contents":"a"}],"constraintData":null},{"tag":"ConstrainedType","contents":[{"constraintClass":[["Data","Newtype"],"Newtype"],"constraintArgs":[{"tag":"TypeVar","contents":"s"},{"tag":"TypeVar","contents":"b"}],"constraintData":null},{"tag":"TypeApp","contents":[{"tag":"TypeApp","contents":[{"tag":"TypeConstructor","contents":[["Prim"],"Function"]},{"tag":"TypeApp","contents":[{"tag":"TypeApp","contents":[{"tag":"TypeConstructor","contents":[["Prim"],"Function"]},{"tag":"TypeVar","contents":"a"}]},{"tag":"TypeVar","contents":"t"}]}]},{"tag":"TypeApp","contents":[{"tag":"TypeApp","contents":[{"tag":"TypeConstructor","contents":[["Prim"],"Function"]},{"tag":"TypeApp","contents":[{"tag":"TypeApp","contents":[{"tag":"TypeConstructor","contents":[["Prim"],"Function"]},{"tag":"TypeApp","contents":[{"tag":"TypeVar","contents":"f"},{"tag":"TypeVar","contents":"a"}]}]},{"tag":"TypeApp","contents":[{"tag":"TypeVar","contents":"g"},{"tag":"TypeVar","contents":"b"}]}]}]},{"tag":"TypeApp","contents":[{"tag":"TypeApp","contents":[{"tag":"TypeConstructor","contents":[["Prim"],"Function"]},{"tag":"TypeApp","contents":[{"tag":"TypeVar","contents":"f"},{"tag":"TypeVar","contents":"t"}]}]},{"tag":"TypeApp","contents":[{"tag":"TypeVar","contents":"g"},{"tag":"TypeVar","contents":"s"}]}]}]}]}]}]}]}]},66]},67]},68]},69]},70]},71]}}},{"EDValue":{"edValueName":{"Ident":"under"},"edValueType":{"tag":"ForAll","contents":["b",{"tag":"ForAll","contents":["s",{"tag":"ForAll","contents":["a",{"tag":"ForAll","contents":["t",{"tag":"ConstrainedType","contents":[{"constraintClass":[["Data","Newtype"],"Newtype"],"constraintArgs":[{"tag":"TypeVar","contents":"t"},{"tag":"TypeVar","contents":"a"}],"constraintData":null},{"tag":"ConstrainedType","contents":[{"constraintClass":[["Data","Newtype"],"Newtype"],"constraintArgs":[{"tag":"TypeVar","contents":"s"},{"tag":"TypeVar","contents":"b"}],"constraintData":null},{"tag":"TypeApp","contents":[{"tag":"TypeApp","contents":[{"tag":"TypeConstructor","contents":[["Prim"],"Function"]},{"tag":"TypeApp","contents":[{"tag":"TypeApp","contents":[{"tag":"TypeConstructor","contents":[["Prim"],"Function"]},{"tag":"TypeVar","contents":"a"}]},{"tag":"TypeVar","contents":"t"}]}]},{"tag":"TypeApp","contents":[{"tag":"TypeApp","contents":[{"tag":"TypeConstructor","contents":[["Prim"],"Function"]},{"tag":"TypeApp","contents":[{"tag":"TypeApp","contents":[{"tag":"TypeConstructor","contents":[["Prim"],"Function"]},{"tag":"TypeVar","contents":"t"}]},{"tag":"TypeVar","contents":"s"}]}]},{"tag":"TypeApp","contents":[{"tag":"TypeApp","contents":[{"tag":"TypeConstructor","contents":[["Prim"],"Function"]},{"tag":"TypeVar","contents":"a"}]},{"tag":"TypeVar","contents":"b"}]}]}]}]}]},36]},37]},38]},39]}}},{"EDValue":{"edValueName":{"Ident":"underF"},"edValueType":{"tag":"ForAll","contents":["b",{"tag":"ForAll","contents":["s",{"tag":"ForAll","contents":["a",{"tag":"ForAll","contents":["t",{"tag":"ForAll","contents":["g",{"tag":"ForAll","contents":["f",{"tag":"ConstrainedType","contents":[{"constraintClass":[["Data","Functor"],"Functor"],"constraintArgs":[{"tag":"TypeVar","contents":"f"}],"constraintData":null},{"tag":"ConstrainedType","contents":[{"constraintClass":[["Data","Functor"],"Functor"],"constraintArgs":[{"tag":"TypeVar","contents":"g"}],"constraintData":null},{"tag":"ConstrainedType","contents":[{"constraintClass":[["Data","Newtype"],"Newtype"],"constraintArgs":[{"tag":"TypeVar","contents":"t"},{"tag":"TypeVar","contents":"a"}],"constraintData":null},{"tag":"ConstrainedType","contents":[{"constraintClass":[["Data","Newtype"],"Newtype"],"constraintArgs":[{"tag":"TypeVar","contents":"s"},{"tag":"TypeVar","contents":"b"}],"constraintData":null},{"tag":"TypeApp","contents":[{"tag":"TypeApp","contents":[{"tag":"TypeConstructor","contents":[["Prim"],"Function"]},{"tag":"TypeApp","contents":[{"tag":"TypeApp","contents":[{"tag":"TypeConstructor","contents":[["Prim"],"Function"]},{"tag":"TypeVar","contents":"a"}]},{"tag":"TypeVar","contents":"t"}]}]},{"tag":"TypeApp","contents":[{"tag":"TypeApp","contents":[{"tag":"TypeConstructor","contents":[["Prim"],"Function"]},{"tag":"TypeApp","contents":[{"tag":"TypeApp","contents":[{"tag":"TypeConstructor","contents":[["Prim"],"Function"]},{"tag":"TypeApp","contents":[{"tag":"TypeVar","contents":"f"},{"tag":"TypeVar","contents":"t"}]}]},{"tag":"TypeApp","contents":[{"tag":"TypeVar","contents":"g"},{"tag":"TypeVar","contents":"s"}]}]}]},{"tag":"TypeApp","contents":[{"tag":"TypeApp","contents":[{"tag":"TypeConstructor","contents":[["Prim"],"Function"]},{"tag":"TypeApp","contents":[{"tag":"TypeVar","contents":"f"},{"tag":"TypeVar","contents":"a"}]}]},{"tag":"TypeApp","contents":[{"tag":"TypeVar","contents":"g"},{"tag":"TypeVar","contents":"b"}]}]}]}]}]}]}]}]},16]},17]},18]},19]},20]},21]}}},{"EDValue":{"edValueName":{"Ident":"over2"},"edValueType":{"tag":"ForAll","contents":["b",{"tag":"ForAll","contents":["s",{"tag":"ForAll","contents":["a",{"tag":"ForAll","contents":["t",{"tag":"ConstrainedType","contents":[{"constraintClass":[["Data","Newtype"],"Newtype"],"constraintArgs":[{"tag":"TypeVar","contents":"t"},{"tag":"TypeVar","contents":"a"}],"constraintData":null},{"tag":"ConstrainedType","contents":[{"constraintClass":[["Data","Newtype"],"Newtype"],"constraintArgs":[{"tag":"TypeVar","contents":"s"},{"tag":"TypeVar","contents":"b"}],"constraintData":null},{"tag":"TypeApp","contents":[{"tag":"TypeApp","contents":[{"tag":"TypeConstructor","contents":[["Prim"],"Function"]},{"tag":"TypeApp","contents":[{"tag":"TypeApp","contents":[{"tag":"TypeConstructor","contents":[["Prim"],"Function"]},{"tag":"TypeVar","contents":"a"}]},{"tag":"TypeVar","contents":"t"}]}]},{"tag":"TypeApp","contents":[{"tag":"TypeApp","contents":[{"tag":"TypeConstructor","contents":[["Prim"],"Function"]},{"tag":"TypeApp","contents":[{"tag":"TypeApp","contents":[{"tag":"TypeConstructor","contents":[["Prim"],"Function"]},{"tag":"TypeVar","contents":"a"}]},{"tag":"TypeApp","contents":[{"tag":"TypeApp","contents":[{"tag":"TypeConstructor","contents":[["Prim"],"Function"]},{"tag":"TypeVar","contents":"a"}]},{"tag":"TypeVar","contents":"b"}]}]}]},{"tag":"TypeApp","contents":[{"tag":"TypeApp","contents":[{"tag":"TypeConstructor","contents":[["Prim"],"Function"]},{"tag":"TypeVar","contents":"t"}]},{"tag":"TypeApp","contents":[{"tag":"TypeApp","contents":[{"tag":"TypeConstructor","contents":[["Prim"],"Function"]},{"tag":"TypeVar","contents":"t"}]},{"tag":"TypeVar","contents":"s"}]}]}]}]}]}]},78]},79]},80]},81]}}},{"EDValue":{"edValueName":{"Ident":"overF2"},"edValueType":{"tag":"ForAll","contents":["b",{"tag":"ForAll","contents":["s",{"tag":"ForAll","contents":["a",{"tag":"ForAll","contents":["t",{"tag":"ForAll","contents":["g",{"tag":"ForAll","contents":["f",{"tag":"ConstrainedType","contents":[{"constraintClass":[["Data","Functor"],"Functor"],"constraintArgs":[{"tag":"TypeVar","contents":"f"}],"constraintData":null},{"tag":"ConstrainedType","contents":[{"constraintClass":[["Data","Functor"],"Functor"],"constraintArgs":[{"tag":"TypeVar","contents":"g"}],"constraintData":null},{"tag":"ConstrainedType","contents":[{"constraintClass":[["Data","Newtype"],"Newtype"],"constraintArgs":[{"tag":"TypeVar","contents":"t"},{"tag":"TypeVar","contents":"a"}],"constraintData":null},{"tag":"ConstrainedType","contents":[{"constraintClass":[["Data","Newtype"],"Newtype"],"constraintArgs":[{"tag":"TypeVar","contents":"s"},{"tag":"TypeVar","contents":"b"}],"constraintData":null},{"tag":"TypeApp","contents":[{"tag":"TypeApp","contents":[{"tag":"TypeConstructor","contents":[["Prim"],"Function"]},{"tag":"TypeApp","contents":[{"tag":"TypeApp","contents":[{"tag":"TypeConstructor","contents":[["Prim"],"Function"]},{"tag":"TypeVar","contents":"a"}]},{"tag":"TypeVar","contents":"t"}]}]},{"tag":"TypeApp","contents":[{"tag":"TypeApp","contents":[{"tag":"TypeConstructor","contents":[["Prim"],"Function"]},{"tag":"TypeApp","contents":[{"tag":"TypeApp","contents":[{"tag":"TypeConstructor","contents":[["Prim"],"Function"]},{"tag":"TypeApp","contents":[{"tag":"TypeVar","contents":"f"},{"tag":"TypeVar","contents":"a"}]}]},{"tag":"TypeApp","contents":[{"tag":"TypeApp","contents":[{"tag":"TypeConstructor","contents":[["Prim"],"Function"]},{"tag":"TypeApp","contents":[{"tag":"TypeVar","contents":"f"},{"tag":"TypeVar","contents":"a"}]}]},{"tag":"TypeApp","contents":[{"tag":"TypeVar","contents":"g"},{"tag":"TypeVar","contents":"b"}]}]}]}]},{"tag":"TypeApp","contents":[{"tag":"TypeApp","contents":[{"tag":"TypeConstructor","contents":[["Prim"],"Function"]},{"tag":"TypeApp","contents":[{"tag":"TypeVar","contents":"f"},{"tag":"TypeVar","contents":"t"}]}]},{"tag":"TypeApp","contents":[{"tag":"TypeApp","contents":[{"tag":"TypeConstructor","contents":[["Prim"],"Function"]},{"tag":"TypeApp","contents":[{"tag":"TypeVar","contents":"f"},{"tag":"TypeVar","contents":"t"}]}]},{"tag":"TypeApp","contents":[{"tag":"TypeVar","contents":"g"},{"tag":"TypeVar","contents":"s"}]}]}]}]}]}]}]}]}]},54]},55]},56]},57]},58]},59]}}},{"EDValue":{"edValueName":{"Ident":"under2"},"edValueType":{"tag":"ForAll","contents":["b",{"tag":"ForAll","contents":["s",{"tag":"ForAll","contents":["a",{"tag":"ForAll","contents":["t",{"tag":"ConstrainedType","contents":[{"constraintClass":[["Data","Newtype"],"Newtype"],"constraintArgs":[{"tag":"TypeVar","contents":"t"},{"tag":"TypeVar","contents":"a"}],"constraintData":null},{"tag":"ConstrainedType","contents":[{"constraintClass":[["Data","Newtype"],"Newtype"],"constraintArgs":[{"tag":"TypeVar","contents":"s"},{"tag":"TypeVar","contents":"b"}],"constraintData":null},{"tag":"TypeApp","contents":[{"tag":"TypeApp","contents":[{"tag":"TypeConstructor","contents":[["Prim"],"Function"]},{"tag":"TypeApp","contents":[{"tag":"TypeApp","contents":[{"tag":"TypeConstructor","contents":[["Prim"],"Function"]},{"tag":"TypeVar","contents":"a"}]},{"tag":"TypeVar","contents":"t"}]}]},{"tag":"TypeApp","contents":[{"tag":"TypeApp","contents":[{"tag":"TypeConstructor","contents":[["Prim"],"Function"]},{"tag":"TypeApp","contents":[{"tag":"TypeApp","contents":[{"tag":"TypeConstructor","contents":[["Prim"],"Function"]},{"tag":"TypeVar","contents":"t"}]},{"tag":"TypeApp","contents":[{"tag":"TypeApp","contents":[{"tag":"TypeConstructor","contents":[["Prim"],"Function"]},{"tag":"TypeVar","contents":"t"}]},{"tag":"TypeVar","contents":"s"}]}]}]},{"tag":"TypeApp","contents":[{"tag":"TypeApp","contents":[{"tag":"TypeConstructor","contents":[["Prim"],"Function"]},{"tag":"TypeVar","contents":"a"}]},{"tag":"TypeApp","contents":[{"tag":"TypeApp","contents":[{"tag":"TypeConstructor","contents":[["Prim"],"Function"]},{"tag":"TypeVar","contents":"a"}]},{"tag":"TypeVar","contents":"b"}]}]}]}]}]}]},28]},29]},30]},31]}}},{"EDValue":{"edValueName":{"Ident":"underF2"},"edValueType":{"tag":"ForAll","contents":["b",{"tag":"ForAll","contents":["s",{"tag":"ForAll","contents":["a",{"tag":"ForAll","contents":["t",{"tag":"ForAll","contents":["g",{"tag":"ForAll","contents":["f",{"tag":"ConstrainedType","contents":[{"constraintClass":[["Data","Functor"],"Functor"],"constraintArgs":[{"tag":"TypeVar","contents":"f"}],"constraintData":null},{"tag":"ConstrainedType","contents":[{"constraintClass":[["Data","Functor"],"Functor"],"constraintArgs":[{"tag":"TypeVar","contents":"g"}],"constraintData":null},{"tag":"ConstrainedType","contents":[{"constraintClass":[["Data","Newtype"],"Newtype"],"constraintArgs":[{"tag":"TypeVar","contents":"t"},{"tag":"TypeVar","contents":"a"}],"constraintData":null},{"tag":"ConstrainedType","contents":[{"constraintClass":[["Data","Newtype"],"Newtype"],"constraintArgs":[{"tag":"TypeVar","contents":"s"},{"tag":"TypeVar","contents":"b"}],"constraintData":null},{"tag":"TypeApp","contents":[{"tag":"TypeApp","contents":[{"tag":"TypeConstructor","contents":[["Prim"],"Function"]},{"tag":"TypeApp","contents":[{"tag":"TypeApp","contents":[{"tag":"TypeConstructor","contents":[["Prim"],"Function"]},{"tag":"TypeVar","contents":"a"}]},{"tag":"TypeVar","contents":"t"}]}]},{"tag":"TypeApp","contents":[{"tag":"TypeApp","contents":[{"tag":"TypeConstructor","contents":[["Prim"],"Function"]},{"tag":"TypeApp","contents":[{"tag":"TypeApp","contents":[{"tag":"TypeConstructor","contents":[["Prim"],"Function"]},{"tag":"TypeApp","contents":[{"tag":"TypeVar","contents":"f"},{"tag":"TypeVar","contents":"t"}]}]},{"tag":"TypeApp","contents":[{"tag":"TypeApp","contents":[{"tag":"TypeConstructor","contents":[["Prim"],"Function"]},{"tag":"TypeApp","contents":[{"tag":"TypeVar","contents":"f"},{"tag":"TypeVar","contents":"t"}]}]},{"tag":"TypeApp","contents":[{"tag":"TypeVar","contents":"g"},{"tag":"TypeVar","contents":"s"}]}]}]}]},{"tag":"TypeApp","contents":[{"tag":"TypeApp","contents":[{"tag":"TypeConstructor","contents":[["Prim"],"Function"]},{"tag":"TypeApp","contents":[{"tag":"TypeVar","contents":"f"},{"tag":"TypeVar","contents":"a"}]}]},{"tag":"TypeApp","contents":[{"tag":"TypeApp","contents":[{"tag":"TypeConstructor","contents":[["Prim"],"Function"]},{"tag":"TypeApp","contents":[{"tag":"TypeVar","contents":"f"},{"tag":"TypeVar","contents":"a"}]}]},{"tag":"TypeApp","contents":[{"tag":"TypeVar","contents":"g"},{"tag":"TypeVar","contents":"b"}]}]}]}]}]}]}]}]}]},4]},5]},6]},7]},8]},9]}}},{"EDValue":{"edValueName":{"Ident":"traverse"},"edValueType":{"tag":"ForAll","contents":["a",{"tag":"ForAll","contents":["t",{"tag":"ForAll","contents":["f",{"tag":"ConstrainedType","contents":[{"constraintClass":[["Data","Functor"],"Functor"],"constraintArgs":[{"tag":"TypeVar","contents":"f"}],"constraintData":null},{"tag":"ConstrainedType","contents":[{"constraintClass":[["Data","Newtype"],"Newtype"],"constraintArgs":[{"tag":"TypeVar","contents":"t"},{"tag":"TypeVar","contents":"a"}],"constraintData":null},{"tag":"TypeApp","contents":[{"tag":"TypeApp","contents":[{"tag":"TypeConstructor","contents":[["Prim"],"Function"]},{"tag":"TypeApp","contents":[{"tag":"TypeApp","contents":[{"tag":"TypeConstructor","contents":[["Prim"],"Function"]},{"tag":"TypeVar","contents":"a"}]},{"tag":"TypeVar","contents":"t"}]}]},{"tag":"TypeApp","contents":[{"tag":"TypeApp","contents":[{"tag":"TypeConstructor","contents":[["Prim"],"Function"]},{"tag":"TypeApp","contents":[{"tag":"TypeApp","contents":[{"tag":"TypeConstructor","contents":[["Prim"],"Function"]},{"tag":"TypeVar","contents":"a"}]},{"tag":"TypeApp","contents":[{"tag":"TypeVar","contents":"f"},{"tag":"TypeVar","contents":"a"}]}]}]},{"tag":"TypeApp","contents":[{"tag":"TypeApp","contents":[{"tag":"TypeConstructor","contents":[["Prim"],"Function"]},{"tag":"TypeVar","contents":"t"}]},{"tag":"TypeApp","contents":[{"tag":"TypeVar","contents":"f"},{"tag":"TypeVar","contents":"t"}]}]}]}]}]}]},48]},49]},50]}}},{"EDValue":{"edValueName":{"Ident":"collect"},"edValueType":{"tag":"ForAll","contents":["a",{"tag":"ForAll","contents":["t",{"tag":"ForAll","contents":["f",{"tag":"ConstrainedType","contents":[{"constraintClass":[["Data","Functor"],"Functor"],"constraintArgs":[{"tag":"TypeVar","contents":"f"}],"constraintData":null},{"tag":"ConstrainedType","contents":[{"constraintClass":[["Data","Newtype"],"Newtype"],"constraintArgs":[{"tag":"TypeVar","contents":"t"},{"tag":"TypeVar","contents":"a"}],"constraintData":null},{"tag":"TypeApp","contents":[{"tag":"TypeApp","contents":[{"tag":"TypeConstructor","contents":[["Prim"],"Function"]},{"tag":"TypeApp","contents":[{"tag":"TypeApp","contents":[{"tag":"TypeConstructor","contents":[["Prim"],"Function"]},{"tag":"TypeVar","contents":"a"}]},{"tag":"TypeVar","contents":"t"}]}]},{"tag":"TypeApp","contents":[{"tag":"TypeApp","contents":[{"tag":"TypeConstructor","contents":[["Prim"],"Function"]},{"tag":"TypeApp","contents":[{"tag":"TypeApp","contents":[{"tag":"TypeConstructor","contents":[["Prim"],"Function"]},{"tag":"TypeApp","contents":[{"tag":"TypeVar","contents":"f"},{"tag":"TypeVar","contents":"a"}]}]},{"tag":"TypeVar","contents":"a"}]}]},{"tag":"TypeApp","contents":[{"tag":"TypeApp","contents":[{"tag":"TypeConstructor","contents":[["Prim"],"Function"]},{"tag":"TypeApp","contents":[{"tag":"TypeVar","contents":"f"},{"tag":"TypeVar","contents":"t"}]}]},{"tag":"TypeVar","contents":"t"}]}]}]}]}]},98]},99]},100]}}}],"efSourceSpan":{"start":[1,1],"name":"/home/stpl/Desktop/purs/Main-Project/bower_components/purescript-newtype/src/Data/Newtype.purs","end":[285,34]}}