{"efVersion":"0.11.7","efModuleName":["Data","Enum","Gen"],"efExports":[{"ValueRef":[{"start":[1,1],"name":"/home/stpl/Desktop/purs/MainRebuilt/bower_components/purescript-enums/src/Data/Enum/Gen.purs","end":[18,12]},{"Ident":"genBoundedEnum"}]}],"efImports":[{"eiModule":["Prim"],"eiImportType":{"Implicit":[]},"eiImportedAs":["Prim"]},{"eiModule":["Prim"],"eiImportType":{"Implicit":[]},"eiImportedAs":null},{"eiModule":["Prelude"],"eiImportType":{"Implicit":[]},"eiImportedAs":null},{"eiModule":["Control","Monad","Gen"],"eiImportType":{"Explicit":[{"TypeClassRef":[{"start":[5,27],"name":"/home/stpl/Desktop/purs/MainRebuilt/bower_components/purescript-enums/src/Data/Enum/Gen.purs","end":[5,41]},"MonadGen"]},{"ValueRef":[{"start":[5,43],"name":"/home/stpl/Desktop/purs/MainRebuilt/bower_components/purescript-enums/src/Data/Enum/Gen.purs","end":[5,51]},{"Ident":"elements"}]}]},"eiImportedAs":null},{"eiModule":["Data","Enum"],"eiImportType":{"Explicit":[{"TypeClassRef":[{"start":[6,19],"name":"/home/stpl/Desktop/purs/MainRebuilt/bower_components/purescript-enums/src/Data/Enum/Gen.purs","end":[6,36]},"BoundedEnum"]},{"ValueRef":[{"start":[6,38],"name":"/home/stpl/Desktop/purs/MainRebuilt/bower_components/purescript-enums/src/Data/Enum/Gen.purs","end":[6,42]},{"Ident":"succ"}]},{"ValueRef":[{"start":[6,44],"name":"/home/stpl/Desktop/purs/MainRebuilt/bower_components/purescript-enums/src/Data/Enum/Gen.purs","end":[6,54]},{"Ident":"enumFromTo"}]}]},"eiImportedAs":null},{"eiModule":["Data","Maybe"],"eiImportType":{"Explicit":[{"TypeRef":[{"start":[7,20],"name":"/home/stpl/Desktop/purs/MainRebuilt/bower_components/purescript-enums/src/Data/Enum/Gen.purs","end":[7,29]},"Maybe",null]}]},"eiImportedAs":null},{"eiModule":["Data","NonEmpty"],"eiImportType":{"Explicit":[{"ValueOpRef":[{"start":[8,23],"name":"/home/stpl/Desktop/purs/MainRebuilt/bower_components/purescript-enums/src/Data/Enum/Gen.purs","end":[8,27]},":|"]}]},"eiImportedAs":null}],"efFixities":[],"efTypeFixities":[],"efDeclarations":[{"EDValue":{"edValueName":{"Ident":"genBoundedEnum"},"edValueType":{"tag":"ForAll","contents":["a",{"tag":"ForAll","contents":["m",{"tag":"ConstrainedType","contents":[{"constraintClass":[["Control","Monad","Gen","Class"],"MonadGen"],"constraintArgs":[{"tag":"TypeVar","contents":"m"}],"constraintData":null},{"tag":"ConstrainedType","contents":[{"constraintClass":[["Data","Enum"],"BoundedEnum"],"constraintArgs":[{"tag":"TypeVar","contents":"a"}],"constraintData":null},{"tag":"TypeApp","contents":[{"tag":"TypeVar","contents":"m"},{"tag":"TypeVar","contents":"a"}]}]}]},0]},1]}}}],"efSourceSpan":{"start":[1,1],"name":"/home/stpl/Desktop/purs/MainRebuilt/bower_components/purescript-enums/src/Data/Enum/Gen.purs","end":[18,12]}}