{"efVersion":"0.11.7","efModuleName":["Control","Monad","Error","Class"],"efExports":[{"ValueRef":[{"start":[1,1],"name":"/home/stpl/Desktop/purs/MainRebuilt/bower_components/purescript-transformers/src/Control/Monad/Error/Class.purs","end":[94,26]},{"Ident":"catchError"}]},{"ValueRef":[{"start":[1,1],"name":"/home/stpl/Desktop/purs/MainRebuilt/bower_components/purescript-transformers/src/Control/Monad/Error/Class.purs","end":[94,26]},{"Ident":"throwError"}]},{"TypeClassRef":[{"start":[1,1],"name":"/home/stpl/Desktop/purs/MainRebuilt/bower_components/purescript-transformers/src/Control/Monad/Error/Class.purs","end":[94,26]},"MonadThrow"]},{"TypeClassRef":[{"start":[1,1],"name":"/home/stpl/Desktop/purs/MainRebuilt/bower_components/purescript-transformers/src/Control/Monad/Error/Class.purs","end":[94,26]},"MonadError"]},{"ValueRef":[{"start":[1,1],"name":"/home/stpl/Desktop/purs/MainRebuilt/bower_components/purescript-transformers/src/Control/Monad/Error/Class.purs","end":[94,26]},{"Ident":"catchJust"}]},{"ValueRef":[{"start":[1,1],"name":"/home/stpl/Desktop/purs/MainRebuilt/bower_components/purescript-transformers/src/Control/Monad/Error/Class.purs","end":[94,26]},{"Ident":"try"}]},{"ValueRef":[{"start":[1,1],"name":"/home/stpl/Desktop/purs/MainRebuilt/bower_components/purescript-transformers/src/Control/Monad/Error/Class.purs","end":[94,26]},{"Ident":"withResource"}]},{"TypeInstanceRef":[{"start":[0,0],"name":"<generated>","end":[0,0]},{"Ident":"monadThrowEither"}]},{"TypeInstanceRef":[{"start":[0,0],"name":"<generated>","end":[0,0]},{"Ident":"monadErrorEither"}]},{"TypeInstanceRef":[{"start":[0,0],"name":"<generated>","end":[0,0]},{"Ident":"monadThrowMaybe"}]},{"TypeInstanceRef":[{"start":[0,0],"name":"<generated>","end":[0,0]},{"Ident":"monadErrorMaybe"}]}],"efImports":[{"eiModule":["Prim"],"eiImportType":{"Implicit":[]},"eiImportedAs":["Prim"]},{"eiModule":["Prim"],"eiImportType":{"Implicit":[]},"eiImportedAs":null},{"eiModule":["Prelude"],"eiImportType":{"Implicit":[]},"eiImportedAs":null},{"eiModule":["Data","Maybe"],"eiImportType":{"Explicit":[{"TypeRef":[{"start":[7,20],"name":"/home/stpl/Desktop/purs/MainRebuilt/bower_components/purescript-transformers/src/Control/Monad/Error/Class.purs","end":[7,29]},"Maybe",null]}]},"eiImportedAs":null},{"eiModule":["Data","Either"],"eiImportType":{"Explicit":[{"TypeRef":[{"start":[8,21],"name":"/home/stpl/Desktop/purs/MainRebuilt/bower_components/purescript-transformers/src/Control/Monad/Error/Class.purs","end":[8,31]},"Either",null]},{"ValueRef":[{"start":[8,33],"name":"/home/stpl/Desktop/purs/MainRebuilt/bower_components/purescript-transformers/src/Control/Monad/Error/Class.purs","end":[8,39]},{"Ident":"either"}]}]},"eiImportedAs":null}],"efFixities":[],"efTypeFixities":[],"efDeclarations":[{"EDValue":{"edValueName":{"Ident":"catchError"},"edValueType":{"tag":"ForAll","contents":["e",{"tag":"ForAll","contents":["m",{"tag":"ForAll","contents":["a",{"tag":"ConstrainedType","contents":[{"constraintClass":[["Control","Monad","Error","Class"],"MonadError"],"constraintArgs":[{"tag":"TypeVar","contents":"e"},{"tag":"TypeVar","contents":"m"}],"constraintData":null},{"tag":"TypeApp","contents":[{"tag":"TypeApp","contents":[{"tag":"TypeConstructor","contents":[["Prim"],"Function"]},{"tag":"TypeApp","contents":[{"tag":"TypeVar","contents":"m"},{"tag":"TypeVar","contents":"a"}]}]},{"tag":"TypeApp","contents":[{"tag":"TypeApp","contents":[{"tag":"TypeConstructor","contents":[["Prim"],"Function"]},{"tag":"TypeApp","contents":[{"tag":"TypeApp","contents":[{"tag":"TypeConstructor","contents":[["Prim"],"Function"]},{"tag":"TypeVar","contents":"e"}]},{"tag":"TypeApp","contents":[{"tag":"TypeVar","contents":"m"},{"tag":"TypeVar","contents":"a"}]}]}]},{"tag":"TypeApp","contents":[{"tag":"TypeVar","contents":"m"},{"tag":"TypeVar","contents":"a"}]}]}]}]},63]},64]},65]}}},{"EDValue":{"edValueName":{"Ident":"throwError"},"edValueType":{"tag":"ForAll","contents":["e",{"tag":"ForAll","contents":["m",{"tag":"ForAll","contents":["a",{"tag":"ConstrainedType","contents":[{"constraintClass":[["Control","Monad","Error","Class"],"MonadThrow"],"constraintArgs":[{"tag":"TypeVar","contents":"e"},{"tag":"TypeVar","contents":"m"}],"constraintData":null},{"tag":"TypeApp","contents":[{"tag":"TypeApp","contents":[{"tag":"TypeConstructor","contents":[["Prim"],"Function"]},{"tag":"TypeVar","contents":"e"}]},{"tag":"TypeApp","contents":[{"tag":"TypeVar","contents":"m"},{"tag":"TypeVar","contents":"a"}]}]}]},0]},1]},2]}}},{"EDType":{"edTypeName":"MonadThrow","edTypeKind":{"tag":"FunKind","contents":[{"tag":"NamedKind","contents":[["Prim"],"Type"]},{"tag":"FunKind","contents":[{"tag":"FunKind","contents":[{"tag":"NamedKind","contents":[["Prim"],"Type"]},{"tag":"NamedKind","contents":[["Prim"],"Type"]}]},{"tag":"NamedKind","contents":[["Prim"],"Type"]}]}]},"edTypeDeclarationKind":"TypeSynonym"}},{"EDTypeSynonym":{"edTypeSynonymName":"MonadThrow","edTypeSynonymArguments":[["e",null],["m",null]],"edTypeSynonymType":{"tag":"TypeApp","contents":[{"tag":"TypeConstructor","contents":[["Prim"],"Record"]},{"tag":"RCons","contents":["throwError",{"tag":"ForAll","contents":["a",{"tag":"TypeApp","contents":[{"tag":"TypeApp","contents":[{"tag":"TypeConstructor","contents":[["Prim"],"Function"]},{"tag":"TypeVar","contents":"e"}]},{"tag":"TypeApp","contents":[{"tag":"TypeVar","contents":"m"},{"tag":"TypeVar","contents":"a"}]}]},null]},{"tag":"RCons","contents":["Monad0",{"tag":"TypeApp","contents":[{"tag":"TypeApp","contents":[{"tag":"TypeConstructor","contents":[["Prim"],"Function"]},{"tag":"TypeApp","contents":[{"tag":"TypeConstructor","contents":[["Prim"],"Record"]},{"tag":"REmpty"}]}]},{"tag":"TypeApp","contents":[{"tag":"TypeConstructor","contents":[["Control","Monad"],"Monad"]},{"tag":"TypeVar","contents":"m"}]}]},{"tag":"REmpty"}]}]}]}}},{"EDClass":{"edClassName":"MonadThrow","edClassTypeArguments":[["e",null],["m",null]],"edClassMembers":[[{"Ident":"throwError"},{"tag":"ForAll","contents":["a",{"tag":"TypeApp","contents":[{"tag":"TypeApp","contents":[{"tag":"TypeConstructor","contents":[["Prim"],"Function"]},{"tag":"TypeVar","contents":"e"}]},{"tag":"TypeApp","contents":[{"tag":"TypeVar","contents":"m"},{"tag":"TypeVar","contents":"a"}]}]},null]}]],"edClassConstraints":[{"constraintClass":[["Control","Monad"],"Monad"],"constraintArgs":[{"tag":"TypeVar","contents":"m"}],"constraintData":null}],"edFunctionalDependencies":[{"determiners":[1],"determined":[0]}]}},{"EDType":{"edTypeName":"MonadError","edTypeKind":{"tag":"FunKind","contents":[{"tag":"NamedKind","contents":[["Prim"],"Type"]},{"tag":"FunKind","contents":[{"tag":"FunKind","contents":[{"tag":"NamedKind","contents":[["Prim"],"Type"]},{"tag":"NamedKind","contents":[["Prim"],"Type"]}]},{"tag":"NamedKind","contents":[["Prim"],"Type"]}]}]},"edTypeDeclarationKind":"TypeSynonym"}},{"EDTypeSynonym":{"edTypeSynonymName":"MonadError","edTypeSynonymArguments":[["e",null],["m",null]],"edTypeSynonymType":{"tag":"TypeApp","contents":[{"tag":"TypeConstructor","contents":[["Prim"],"Record"]},{"tag":"RCons","contents":["catchError",{"tag":"ForAll","contents":["a",{"tag":"TypeApp","contents":[{"tag":"TypeApp","contents":[{"tag":"TypeConstructor","contents":[["Prim"],"Function"]},{"tag":"TypeApp","contents":[{"tag":"TypeVar","contents":"m"},{"tag":"TypeVar","contents":"a"}]}]},{"tag":"TypeApp","contents":[{"tag":"TypeApp","contents":[{"tag":"TypeConstructor","contents":[["Prim"],"Function"]},{"tag":"TypeApp","contents":[{"tag":"TypeApp","contents":[{"tag":"TypeConstructor","contents":[["Prim"],"Function"]},{"tag":"TypeVar","contents":"e"}]},{"tag":"TypeApp","contents":[{"tag":"TypeVar","contents":"m"},{"tag":"TypeVar","contents":"a"}]}]}]},{"tag":"TypeApp","contents":[{"tag":"TypeVar","contents":"m"},{"tag":"TypeVar","contents":"a"}]}]}]},null]},{"tag":"RCons","contents":["MonadThrow0",{"tag":"TypeApp","contents":[{"tag":"TypeApp","contents":[{"tag":"TypeConstructor","contents":[["Prim"],"Function"]},{"tag":"TypeApp","contents":[{"tag":"TypeConstructor","contents":[["Prim"],"Record"]},{"tag":"REmpty"}]}]},{"tag":"TypeApp","contents":[{"tag":"TypeApp","contents":[{"tag":"TypeConstructor","contents":[["Control","Monad","Error","Class"],"MonadThrow"]},{"tag":"TypeVar","contents":"e"}]},{"tag":"TypeVar","contents":"m"}]}]},{"tag":"REmpty"}]}]}]}}},{"EDClass":{"edClassName":"MonadError","edClassTypeArguments":[["e",null],["m",null]],"edClassMembers":[[{"Ident":"catchError"},{"tag":"ForAll","contents":["a",{"tag":"TypeApp","contents":[{"tag":"TypeApp","contents":[{"tag":"TypeConstructor","contents":[["Prim"],"Function"]},{"tag":"TypeApp","contents":[{"tag":"TypeVar","contents":"m"},{"tag":"TypeVar","contents":"a"}]}]},{"tag":"TypeApp","contents":[{"tag":"TypeApp","contents":[{"tag":"TypeConstructor","contents":[["Prim"],"Function"]},{"tag":"TypeApp","contents":[{"tag":"TypeApp","contents":[{"tag":"TypeConstructor","contents":[["Prim"],"Function"]},{"tag":"TypeVar","contents":"e"}]},{"tag":"TypeApp","contents":[{"tag":"TypeVar","contents":"m"},{"tag":"TypeVar","contents":"a"}]}]}]},{"tag":"TypeApp","contents":[{"tag":"TypeVar","contents":"m"},{"tag":"TypeVar","contents":"a"}]}]}]},null]}]],"edClassConstraints":[{"constraintClass":[["Control","Monad","Error","Class"],"MonadThrow"],"constraintArgs":[{"tag":"TypeVar","contents":"e"},{"tag":"TypeVar","contents":"m"}],"constraintData":null}],"edFunctionalDependencies":[{"determiners":[1],"determined":[0]}]}},{"EDValue":{"edValueName":{"Ident":"catchJust"},"edValueType":{"tag":"ForAll","contents":["b",{"tag":"ForAll","contents":["a",{"tag":"ForAll","contents":["m",{"tag":"ForAll","contents":["e",{"tag":"ConstrainedType","contents":[{"constraintClass":[["Control","Monad","Error","Class"],"MonadError"],"constraintArgs":[{"tag":"TypeVar","contents":"e"},{"tag":"TypeVar","contents":"m"}],"constraintData":null},{"tag":"TypeApp","contents":[{"tag":"TypeApp","contents":[{"tag":"TypeConstructor","contents":[["Prim"],"Function"]},{"tag":"TypeApp","contents":[{"tag":"TypeApp","contents":[{"tag":"TypeConstructor","contents":[["Prim"],"Function"]},{"tag":"TypeVar","contents":"e"}]},{"tag":"TypeApp","contents":[{"tag":"TypeConstructor","contents":[["Data","Maybe"],"Maybe"]},{"tag":"TypeVar","contents":"b"}]}]}]},{"tag":"TypeApp","contents":[{"tag":"TypeApp","contents":[{"tag":"TypeConstructor","contents":[["Prim"],"Function"]},{"tag":"TypeApp","contents":[{"tag":"TypeVar","contents":"m"},{"tag":"TypeVar","contents":"a"}]}]},{"tag":"TypeApp","contents":[{"tag":"TypeApp","contents":[{"tag":"TypeConstructor","contents":[["Prim"],"Function"]},{"tag":"TypeApp","contents":[{"tag":"TypeApp","contents":[{"tag":"TypeConstructor","contents":[["Prim"],"Function"]},{"tag":"TypeVar","contents":"b"}]},{"tag":"TypeApp","contents":[{"tag":"TypeVar","contents":"m"},{"tag":"TypeVar","contents":"a"}]}]}]},{"tag":"TypeApp","contents":[{"tag":"TypeVar","contents":"m"},{"tag":"TypeVar","contents":"a"}]}]}]}]}]},66]},67]},68]},69]}}},{"EDValue":{"edValueName":{"Ident":"try"},"edValueType":{"tag":"ForAll","contents":["a",{"tag":"ForAll","contents":["m",{"tag":"ForAll","contents":["e",{"tag":"ConstrainedType","contents":[{"constraintClass":[["Control","Monad","Error","Class"],"MonadError"],"constraintArgs":[{"tag":"TypeVar","contents":"e"},{"tag":"TypeVar","contents":"m"}],"constraintData":null},{"tag":"TypeApp","contents":[{"tag":"TypeApp","contents":[{"tag":"TypeConstructor","contents":[["Prim"],"Function"]},{"tag":"TypeApp","contents":[{"tag":"TypeVar","contents":"m"},{"tag":"TypeVar","contents":"a"}]}]},{"tag":"TypeApp","contents":[{"tag":"TypeVar","contents":"m"},{"tag":"TypeApp","contents":[{"tag":"TypeApp","contents":[{"tag":"TypeConstructor","contents":[["Data","Either"],"Either"]},{"tag":"TypeVar","contents":"e"}]},{"tag":"TypeVar","contents":"a"}]}]}]}]},74]},75]},76]}}},{"EDValue":{"edValueName":{"Ident":"withResource"},"edValueType":{"tag":"ForAll","contents":["a",{"tag":"ForAll","contents":["r",{"tag":"ForAll","contents":["m",{"tag":"ForAll","contents":["e",{"tag":"ConstrainedType","contents":[{"constraintClass":[["Control","Monad","Error","Class"],"MonadError"],"constraintArgs":[{"tag":"TypeVar","contents":"e"},{"tag":"TypeVar","contents":"m"}],"constraintData":null},{"tag":"TypeApp","contents":[{"tag":"TypeApp","contents":[{"tag":"TypeConstructor","contents":[["Prim"],"Function"]},{"tag":"TypeApp","contents":[{"tag":"TypeVar","contents":"m"},{"tag":"TypeVar","contents":"r"}]}]},{"tag":"TypeApp","contents":[{"tag":"TypeApp","contents":[{"tag":"TypeConstructor","contents":[["Prim"],"Function"]},{"tag":"TypeApp","contents":[{"tag":"TypeApp","contents":[{"tag":"TypeConstructor","contents":[["Prim"],"Function"]},{"tag":"TypeVar","contents":"r"}]},{"tag":"TypeApp","contents":[{"tag":"TypeVar","contents":"m"},{"tag":"TypeConstructor","contents":[["Data","Unit"],"Unit"]}]}]}]},{"tag":"TypeApp","contents":[{"tag":"TypeApp","contents":[{"tag":"TypeConstructor","contents":[["Prim"],"Function"]},{"tag":"TypeApp","contents":[{"tag":"TypeApp","contents":[{"tag":"TypeConstructor","contents":[["Prim"],"Function"]},{"tag":"TypeVar","contents":"r"}]},{"tag":"TypeApp","contents":[{"tag":"TypeVar","contents":"m"},{"tag":"TypeVar","contents":"a"}]}]}]},{"tag":"TypeApp","contents":[{"tag":"TypeVar","contents":"m"},{"tag":"TypeVar","contents":"a"}]}]}]}]}]},84]},85]},86]},87]}}},{"EDInstance":{"edInstanceClassName":[["Control","Monad","Error","Class"],"MonadThrow"],"edInstanceName":{"Ident":"monadThrowEither"},"edInstanceTypes":[{"tag":"TypeVar","contents":"e"},{"tag":"TypeApp","contents":[{"tag":"TypeConstructor","contents":[["Data","Either"],"Either"]},{"tag":"TypeVar","contents":"e"}]}],"edInstanceConstraints":[]}},{"EDInstance":{"edInstanceClassName":[["Control","Monad","Error","Class"],"MonadError"],"edInstanceName":{"Ident":"monadErrorEither"},"edInstanceTypes":[{"tag":"TypeVar","contents":"e"},{"tag":"TypeApp","contents":[{"tag":"TypeConstructor","contents":[["Data","Either"],"Either"]},{"tag":"TypeVar","contents":"e"}]}],"edInstanceConstraints":[]}},{"EDInstance":{"edInstanceClassName":[["Control","Monad","Error","Class"],"MonadThrow"],"edInstanceName":{"Ident":"monadThrowMaybe"},"edInstanceTypes":[{"tag":"TypeConstructor","contents":[["Data","Unit"],"Unit"]},{"tag":"TypeConstructor","contents":[["Data","Maybe"],"Maybe"]}],"edInstanceConstraints":[]}},{"EDInstance":{"edInstanceClassName":[["Control","Monad","Error","Class"],"MonadError"],"edInstanceName":{"Ident":"monadErrorMaybe"},"edInstanceTypes":[{"tag":"TypeConstructor","contents":[["Data","Unit"],"Unit"]},{"tag":"TypeConstructor","contents":[["Data","Maybe"],"Maybe"]}],"edInstanceConstraints":[]}}],"efSourceSpan":{"start":[1,1],"name":"/home/stpl/Desktop/purs/MainRebuilt/bower_components/purescript-transformers/src/Control/Monad/Error/Class.purs","end":[94,26]}}