{"efVersion":"0.11.7","efModuleName":["Control","Monad","Aff","Compat"],"efExports":[{"ReExportRef":[{"start":[1,1],"name":"/home/stpl/Desktop/purs/MainRebuilt/bower_components/purescript-aff/src/Control/Monad/Aff/Compat.purs","end":[53,10]},["Control","Monad","Eff","Uncurried"],{"TypeRef":[{"start":[1,1],"name":"/home/stpl/Desktop/purs/MainRebuilt/bower_components/purescript-aff/src/Control/Monad/Aff/Compat.purs","end":[53,10]},"EffFn1",[]]}]},{"ReExportRef":[{"start":[1,1],"name":"/home/stpl/Desktop/purs/MainRebuilt/bower_components/purescript-aff/src/Control/Monad/Aff/Compat.purs","end":[53,10]},["Control","Monad","Eff","Uncurried"],{"TypeRef":[{"start":[1,1],"name":"/home/stpl/Desktop/purs/MainRebuilt/bower_components/purescript-aff/src/Control/Monad/Aff/Compat.purs","end":[53,10]},"EffFn2",[]]}]},{"ReExportRef":[{"start":[1,1],"name":"/home/stpl/Desktop/purs/MainRebuilt/bower_components/purescript-aff/src/Control/Monad/Aff/Compat.purs","end":[53,10]},["Control","Monad","Eff","Uncurried"],{"TypeRef":[{"start":[1,1],"name":"/home/stpl/Desktop/purs/MainRebuilt/bower_components/purescript-aff/src/Control/Monad/Aff/Compat.purs","end":[53,10]},"EffFn3",[]]}]},{"ReExportRef":[{"start":[1,1],"name":"/home/stpl/Desktop/purs/MainRebuilt/bower_components/purescript-aff/src/Control/Monad/Aff/Compat.purs","end":[53,10]},["Control","Monad","Eff","Uncurried"],{"ValueRef":[{"start":[1,1],"name":"/home/stpl/Desktop/purs/MainRebuilt/bower_components/purescript-aff/src/Control/Monad/Aff/Compat.purs","end":[53,10]},{"Ident":"mkEffFn1"}]}]},{"ReExportRef":[{"start":[1,1],"name":"/home/stpl/Desktop/purs/MainRebuilt/bower_components/purescript-aff/src/Control/Monad/Aff/Compat.purs","end":[53,10]},["Control","Monad","Eff","Uncurried"],{"ValueRef":[{"start":[1,1],"name":"/home/stpl/Desktop/purs/MainRebuilt/bower_components/purescript-aff/src/Control/Monad/Aff/Compat.purs","end":[53,10]},{"Ident":"mkEffFn2"}]}]},{"ReExportRef":[{"start":[1,1],"name":"/home/stpl/Desktop/purs/MainRebuilt/bower_components/purescript-aff/src/Control/Monad/Aff/Compat.purs","end":[53,10]},["Control","Monad","Eff","Uncurried"],{"ValueRef":[{"start":[1,1],"name":"/home/stpl/Desktop/purs/MainRebuilt/bower_components/purescript-aff/src/Control/Monad/Aff/Compat.purs","end":[53,10]},{"Ident":"mkEffFn3"}]}]},{"ReExportRef":[{"start":[1,1],"name":"/home/stpl/Desktop/purs/MainRebuilt/bower_components/purescript-aff/src/Control/Monad/Aff/Compat.purs","end":[53,10]},["Control","Monad","Eff","Uncurried"],{"ValueRef":[{"start":[1,1],"name":"/home/stpl/Desktop/purs/MainRebuilt/bower_components/purescript-aff/src/Control/Monad/Aff/Compat.purs","end":[53,10]},{"Ident":"runEffFn1"}]}]},{"ReExportRef":[{"start":[1,1],"name":"/home/stpl/Desktop/purs/MainRebuilt/bower_components/purescript-aff/src/Control/Monad/Aff/Compat.purs","end":[53,10]},["Control","Monad","Eff","Uncurried"],{"ValueRef":[{"start":[1,1],"name":"/home/stpl/Desktop/purs/MainRebuilt/bower_components/purescript-aff/src/Control/Monad/Aff/Compat.purs","end":[53,10]},{"Ident":"runEffFn2"}]}]},{"ReExportRef":[{"start":[1,1],"name":"/home/stpl/Desktop/purs/MainRebuilt/bower_components/purescript-aff/src/Control/Monad/Aff/Compat.purs","end":[53,10]},["Control","Monad","Eff","Uncurried"],{"ValueRef":[{"start":[1,1],"name":"/home/stpl/Desktop/purs/MainRebuilt/bower_components/purescript-aff/src/Control/Monad/Aff/Compat.purs","end":[53,10]},{"Ident":"runEffFn3"}]}]},{"TypeRef":[{"start":[1,1],"name":"/home/stpl/Desktop/purs/MainRebuilt/bower_components/purescript-aff/src/Control/Monad/Aff/Compat.purs","end":[53,10]},"EffFnAff",["EffFnAff"]]},{"TypeRef":[{"start":[1,1],"name":"/home/stpl/Desktop/purs/MainRebuilt/bower_components/purescript-aff/src/Control/Monad/Aff/Compat.purs","end":[53,10]},"EffFnCanceler",["EffFnCanceler"]]},{"TypeRef":[{"start":[1,1],"name":"/home/stpl/Desktop/purs/MainRebuilt/bower_components/purescript-aff/src/Control/Monad/Aff/Compat.purs","end":[53,10]},"EffFnCb",[]]},{"ValueRef":[{"start":[1,1],"name":"/home/stpl/Desktop/purs/MainRebuilt/bower_components/purescript-aff/src/Control/Monad/Aff/Compat.purs","end":[53,10]},{"Ident":"fromEffFnAff"}]},{"ModuleRef":[{"start":[8,5],"name":"/home/stpl/Desktop/purs/MainRebuilt/bower_components/purescript-aff/src/Control/Monad/Aff/Compat.purs","end":[8,39]},["Control","Monad","Eff","Uncurried"]]}],"efImports":[{"eiModule":["Prim"],"eiImportType":{"Implicit":[]},"eiImportedAs":["Prim"]},{"eiModule":["Prim"],"eiImportType":{"Implicit":[]},"eiImportedAs":null},{"eiModule":["Prelude"],"eiImportType":{"Implicit":[]},"eiImportedAs":null},{"eiModule":["Control","Monad","Aff"],"eiImportType":{"Explicit":[{"TypeRef":[{"start":[12,27],"name":"/home/stpl/Desktop/purs/MainRebuilt/bower_components/purescript-aff/src/Control/Monad/Aff/Compat.purs","end":[12,30]},"Aff",[]]},{"TypeRef":[{"start":[12,32],"name":"/home/stpl/Desktop/purs/MainRebuilt/bower_components/purescript-aff/src/Control/Monad/Aff/Compat.purs","end":[12,44]},"Canceler",null]},{"ValueRef":[{"start":[12,46],"name":"/home/stpl/Desktop/purs/MainRebuilt/bower_components/purescript-aff/src/Control/Monad/Aff/Compat.purs","end":[12,53]},{"Ident":"makeAff"}]},{"ValueRef":[{"start":[12,55],"name":"/home/stpl/Desktop/purs/MainRebuilt/bower_components/purescript-aff/src/Control/Monad/Aff/Compat.purs","end":[12,66]},{"Ident":"nonCanceler"}]}]},"eiImportedAs":null},{"eiModule":["Control","Monad","Eff","Exception"],"eiImportType":{"Explicit":[{"TypeRef":[{"start":[13,37],"name":"/home/stpl/Desktop/purs/MainRebuilt/bower_components/purescript-aff/src/Control/Monad/Aff/Compat.purs","end":[13,42]},"Error",[]]}]},"eiImportedAs":null},{"eiModule":["Control","Monad","Eff","Uncurried"],"eiImportType":{"Explicit":[{"TypeRef":[{"start":[14,37],"name":"/home/stpl/Desktop/purs/MainRebuilt/bower_components/purescript-aff/src/Control/Monad/Aff/Compat.purs","end":[14,43]},"EffFn1",[]]},{"TypeRef":[{"start":[14,45],"name":"/home/stpl/Desktop/purs/MainRebuilt/bower_components/purescript-aff/src/Control/Monad/Aff/Compat.purs","end":[14,51]},"EffFn2",[]]},{"TypeRef":[{"start":[14,53],"name":"/home/stpl/Desktop/purs/MainRebuilt/bower_components/purescript-aff/src/Control/Monad/Aff/Compat.purs","end":[14,59]},"EffFn3",[]]},{"ValueRef":[{"start":[14,61],"name":"/home/stpl/Desktop/purs/MainRebuilt/bower_components/purescript-aff/src/Control/Monad/Aff/Compat.purs","end":[14,69]},{"Ident":"mkEffFn1"}]},{"ValueRef":[{"start":[14,71],"name":"/home/stpl/Desktop/purs/MainRebuilt/bower_components/purescript-aff/src/Control/Monad/Aff/Compat.purs","end":[14,79]},{"Ident":"mkEffFn2"}]},{"ValueRef":[{"start":[14,81],"name":"/home/stpl/Desktop/purs/MainRebuilt/bower_components/purescript-aff/src/Control/Monad/Aff/Compat.purs","end":[14,89]},{"Ident":"mkEffFn3"}]},{"ValueRef":[{"start":[14,91],"name":"/home/stpl/Desktop/purs/MainRebuilt/bower_components/purescript-aff/src/Control/Monad/Aff/Compat.purs","end":[14,100]},{"Ident":"runEffFn1"}]},{"ValueRef":[{"start":[14,102],"name":"/home/stpl/Desktop/purs/MainRebuilt/bower_components/purescript-aff/src/Control/Monad/Aff/Compat.purs","end":[14,111]},{"Ident":"runEffFn2"}]},{"ValueRef":[{"start":[14,113],"name":"/home/stpl/Desktop/purs/MainRebuilt/bower_components/purescript-aff/src/Control/Monad/Aff/Compat.purs","end":[14,122]},{"Ident":"runEffFn3"}]}]},"eiImportedAs":null},{"eiModule":["Data","Either"],"eiImportType":{"Explicit":[{"TypeRef":[{"start":[15,21],"name":"/home/stpl/Desktop/purs/MainRebuilt/bower_components/purescript-aff/src/Control/Monad/Aff/Compat.purs","end":[15,31]},"Either",null]}]},"eiImportedAs":null}],"efFixities":[],"efTypeFixities":[],"efDeclarations":[{"EDType":{"edTypeName":"EffFnAff","edTypeKind":{"tag":"FunKind","contents":[{"tag":"Row","contents":{"tag":"NamedKind","contents":[["Control","Monad","Eff"],"Effect"]}},{"tag":"FunKind","contents":[{"tag":"NamedKind","contents":[["Prim"],"Type"]},{"tag":"NamedKind","contents":[["Prim"],"Type"]}]}]},"edTypeDeclarationKind":{"DataType":{"args":[["eff",{"tag":"Row","contents":{"tag":"NamedKind","contents":[["Control","Monad","Eff"],"Effect"]}}],["a",{"tag":"NamedKind","contents":[["Prim"],"Type"]}]],"ctors":[["EffFnAff",[{"tag":"TypeApp","contents":[{"tag":"TypeApp","contents":[{"tag":"TypeApp","contents":[{"tag":"TypeApp","contents":[{"tag":"TypeConstructor","contents":[["Control","Monad","Eff","Uncurried"],"EffFn2"]},{"tag":"TypeVar","contents":"eff"}]},{"tag":"TypeApp","contents":[{"tag":"TypeApp","contents":[{"tag":"TypeConstructor","contents":[["Control","Monad","Aff","Compat"],"EffFnCb"]},{"tag":"TypeVar","contents":"eff"}]},{"tag":"TypeConstructor","contents":[["Control","Monad","Eff","Exception"],"Error"]}]}]},{"tag":"TypeApp","contents":[{"tag":"TypeApp","contents":[{"tag":"TypeConstructor","contents":[["Control","Monad","Aff","Compat"],"EffFnCb"]},{"tag":"TypeVar","contents":"eff"}]},{"tag":"TypeVar","contents":"a"}]}]},{"tag":"TypeApp","contents":[{"tag":"TypeConstructor","contents":[["Control","Monad","Aff","Compat"],"EffFnCanceler"]},{"tag":"TypeVar","contents":"eff"}]}]}]]]}}}},{"EDDataConstructor":{"edDataCtorName":"EffFnAff","edDataCtorOrigin":"newtype","edDataCtorTypeCtor":"EffFnAff","edDataCtorType":{"tag":"ForAll","contents":["a",{"tag":"ForAll","contents":["eff",{"tag":"TypeApp","contents":[{"tag":"TypeApp","contents":[{"tag":"TypeConstructor","contents":[["Prim"],"Function"]},{"tag":"TypeApp","contents":[{"tag":"TypeApp","contents":[{"tag":"TypeApp","contents":[{"tag":"TypeApp","contents":[{"tag":"TypeConstructor","contents":[["Control","Monad","Eff","Uncurried"],"EffFn2"]},{"tag":"TypeVar","contents":"eff"}]},{"tag":"TypeApp","contents":[{"tag":"TypeApp","contents":[{"tag":"TypeConstructor","contents":[["Control","Monad","Aff","Compat"],"EffFnCb"]},{"tag":"TypeVar","contents":"eff"}]},{"tag":"TypeConstructor","contents":[["Control","Monad","Eff","Exception"],"Error"]}]}]},{"tag":"TypeApp","contents":[{"tag":"TypeApp","contents":[{"tag":"TypeConstructor","contents":[["Control","Monad","Aff","Compat"],"EffFnCb"]},{"tag":"TypeVar","contents":"eff"}]},{"tag":"TypeVar","contents":"a"}]}]},{"tag":"TypeApp","contents":[{"tag":"TypeConstructor","contents":[["Control","Monad","Aff","Compat"],"EffFnCanceler"]},{"tag":"TypeVar","contents":"eff"}]}]}]},{"tag":"TypeApp","contents":[{"tag":"TypeApp","contents":[{"tag":"TypeConstructor","contents":[["Control","Monad","Aff","Compat"],"EffFnAff"]},{"tag":"TypeVar","contents":"eff"}]},{"tag":"TypeVar","contents":"a"}]}]},null]},null]},"edDataCtorFields":[{"Ident":"value0"}]}},{"EDType":{"edTypeName":"EffFnCanceler","edTypeKind":{"tag":"FunKind","contents":[{"tag":"Row","contents":{"tag":"NamedKind","contents":[["Control","Monad","Eff"],"Effect"]}},{"tag":"NamedKind","contents":[["Prim"],"Type"]}]},"edTypeDeclarationKind":{"DataType":{"args":[["eff",{"tag":"Row","contents":{"tag":"NamedKind","contents":[["Control","Monad","Eff"],"Effect"]}}]],"ctors":[["EffFnCanceler",[{"tag":"TypeApp","contents":[{"tag":"TypeApp","contents":[{"tag":"TypeApp","contents":[{"tag":"TypeApp","contents":[{"tag":"TypeApp","contents":[{"tag":"TypeConstructor","contents":[["Control","Monad","Eff","Uncurried"],"EffFn3"]},{"tag":"TypeVar","contents":"eff"}]},{"tag":"TypeConstructor","contents":[["Control","Monad","Eff","Exception"],"Error"]}]},{"tag":"TypeApp","contents":[{"tag":"TypeApp","contents":[{"tag":"TypeConstructor","contents":[["Control","Monad","Aff","Compat"],"EffFnCb"]},{"tag":"TypeVar","contents":"eff"}]},{"tag":"TypeConstructor","contents":[["Control","Monad","Eff","Exception"],"Error"]}]}]},{"tag":"TypeApp","contents":[{"tag":"TypeApp","contents":[{"tag":"TypeConstructor","contents":[["Control","Monad","Aff","Compat"],"EffFnCb"]},{"tag":"TypeVar","contents":"eff"}]},{"tag":"TypeConstructor","contents":[["Data","Unit"],"Unit"]}]}]},{"tag":"TypeConstructor","contents":[["Data","Unit"],"Unit"]}]}]]]}}}},{"EDDataConstructor":{"edDataCtorName":"EffFnCanceler","edDataCtorOrigin":"newtype","edDataCtorTypeCtor":"EffFnCanceler","edDataCtorType":{"tag":"ForAll","contents":["eff",{"tag":"TypeApp","contents":[{"tag":"TypeApp","contents":[{"tag":"TypeConstructor","contents":[["Prim"],"Function"]},{"tag":"TypeApp","contents":[{"tag":"TypeApp","contents":[{"tag":"TypeApp","contents":[{"tag":"TypeApp","contents":[{"tag":"TypeApp","contents":[{"tag":"TypeConstructor","contents":[["Control","Monad","Eff","Uncurried"],"EffFn3"]},{"tag":"TypeVar","contents":"eff"}]},{"tag":"TypeConstructor","contents":[["Control","Monad","Eff","Exception"],"Error"]}]},{"tag":"TypeApp","contents":[{"tag":"TypeApp","contents":[{"tag":"TypeConstructor","contents":[["Control","Monad","Aff","Compat"],"EffFnCb"]},{"tag":"TypeVar","contents":"eff"}]},{"tag":"TypeConstructor","contents":[["Control","Monad","Eff","Exception"],"Error"]}]}]},{"tag":"TypeApp","contents":[{"tag":"TypeApp","contents":[{"tag":"TypeConstructor","contents":[["Control","Monad","Aff","Compat"],"EffFnCb"]},{"tag":"TypeVar","contents":"eff"}]},{"tag":"TypeConstructor","contents":[["Data","Unit"],"Unit"]}]}]},{"tag":"TypeConstructor","contents":[["Data","Unit"],"Unit"]}]}]},{"tag":"TypeApp","contents":[{"tag":"TypeConstructor","contents":[["Control","Monad","Aff","Compat"],"EffFnCanceler"]},{"tag":"TypeVar","contents":"eff"}]}]},null]},"edDataCtorFields":[{"Ident":"value0"}]}},{"EDType":{"edTypeName":"EffFnCb","edTypeKind":{"tag":"FunKind","contents":[{"tag":"Row","contents":{"tag":"NamedKind","contents":[["Control","Monad","Eff"],"Effect"]}},{"tag":"FunKind","contents":[{"tag":"NamedKind","contents":[["Prim"],"Type"]},{"tag":"NamedKind","contents":[["Prim"],"Type"]}]}]},"edTypeDeclarationKind":"TypeSynonym"}},{"EDTypeSynonym":{"edTypeSynonymName":"EffFnCb","edTypeSynonymArguments":[["eff",{"tag":"Row","contents":{"tag":"NamedKind","contents":[["Control","Monad","Eff"],"Effect"]}}],["a",{"tag":"NamedKind","contents":[["Prim"],"Type"]}]],"edTypeSynonymType":{"tag":"TypeApp","contents":[{"tag":"TypeApp","contents":[{"tag":"TypeApp","contents":[{"tag":"TypeConstructor","contents":[["Control","Monad","Eff","Uncurried"],"EffFn1"]},{"tag":"TypeVar","contents":"eff"}]},{"tag":"TypeVar","contents":"a"}]},{"tag":"TypeConstructor","contents":[["Data","Unit"],"Unit"]}]}}},{"EDValue":{"edValueName":{"Ident":"fromEffFnAff"},"edValueType":{"tag":"ForAll","contents":["a",{"tag":"ForAll","contents":["eff",{"tag":"TypeApp","contents":[{"tag":"TypeApp","contents":[{"tag":"TypeConstructor","contents":[["Prim"],"Function"]},{"tag":"TypeApp","contents":[{"tag":"TypeApp","contents":[{"tag":"TypeConstructor","contents":[["Control","Monad","Aff","Compat"],"EffFnAff"]},{"tag":"TypeVar","contents":"eff"}]},{"tag":"TypeVar","contents":"a"}]}]},{"tag":"TypeApp","contents":[{"tag":"TypeApp","contents":[{"tag":"TypeConstructor","contents":[["Control","Monad","Aff"],"Aff"]},{"tag":"TypeVar","contents":"eff"}]},{"tag":"TypeVar","contents":"a"}]}]},0]},1]}}}],"efSourceSpan":{"start":[1,1],"name":"/home/stpl/Desktop/purs/MainRebuilt/bower_components/purescript-aff/src/Control/Monad/Aff/Compat.purs","end":[53,10]}}