{"efVersion":"0.11.7","efModuleName":["Prelude"],"efExports":[{"ReExportRef":[{"start":[1,1],"name":"/home/stpl/Desktop/purs/Main-Project/bower_components/purescript-prelude/src/Prelude.purs","end":[56,31]},["Data","Ordering"],{"TypeRef":[{"start":[1,1],"name":"/home/stpl/Desktop/purs/Main-Project/bower_components/purescript-prelude/src/Prelude.purs","end":[56,31]},"Ordering",["EQ","GT","LT"]]}]},{"ReExportRef":[{"start":[1,1],"name":"/home/stpl/Desktop/purs/Main-Project/bower_components/purescript-prelude/src/Prelude.purs","end":[56,31]},["Data","Unit"],{"TypeRef":[{"start":[1,1],"name":"/home/stpl/Desktop/purs/Main-Project/bower_components/purescript-prelude/src/Prelude.purs","end":[56,31]},"Unit",[]]}]},{"ReExportRef":[{"start":[1,1],"name":"/home/stpl/Desktop/purs/Main-Project/bower_components/purescript-prelude/src/Prelude.purs","end":[56,31]},["Data","Void"],{"TypeRef":[{"start":[1,1],"name":"/home/stpl/Desktop/purs/Main-Project/bower_components/purescript-prelude/src/Prelude.purs","end":[56,31]},"Void",[]]}]},{"ReExportRef":[{"start":[1,1],"name":"/home/stpl/Desktop/purs/Main-Project/bower_components/purescript-prelude/src/Prelude.purs","end":[56,31]},["Data","NaturalTransformation"],{"TypeOpRef":[{"start":[1,1],"name":"/home/stpl/Desktop/purs/Main-Project/bower_components/purescript-prelude/src/Prelude.purs","end":[56,31]},"~>"]}]},{"ReExportRef":[{"start":[1,1],"name":"/home/stpl/Desktop/purs/Main-Project/bower_components/purescript-prelude/src/Prelude.purs","end":[56,31]},["Control","Applicative"],{"TypeClassRef":[{"start":[1,1],"name":"/home/stpl/Desktop/purs/Main-Project/bower_components/purescript-prelude/src/Prelude.purs","end":[56,31]},"Applicative"]}]},{"ReExportRef":[{"start":[1,1],"name":"/home/stpl/Desktop/purs/Main-Project/bower_components/purescript-prelude/src/Prelude.purs","end":[56,31]},["Control","Apply"],{"TypeClassRef":[{"start":[1,1],"name":"/home/stpl/Desktop/purs/Main-Project/bower_components/purescript-prelude/src/Prelude.purs","end":[56,31]},"Apply"]}]},{"ReExportRef":[{"start":[1,1],"name":"/home/stpl/Desktop/purs/Main-Project/bower_components/purescript-prelude/src/Prelude.purs","end":[56,31]},["Control","Bind"],{"TypeClassRef":[{"start":[1,1],"name":"/home/stpl/Desktop/purs/Main-Project/bower_components/purescript-prelude/src/Prelude.purs","end":[56,31]},"Bind"]}]},{"ReExportRef":[{"start":[1,1],"name":"/home/stpl/Desktop/purs/Main-Project/bower_components/purescript-prelude/src/Prelude.purs","end":[56,31]},["Data","BooleanAlgebra"],{"TypeClassRef":[{"start":[1,1],"name":"/home/stpl/Desktop/purs/Main-Project/bower_components/purescript-prelude/src/Prelude.purs","end":[56,31]},"BooleanAlgebra"]}]},{"ReExportRef":[{"start":[1,1],"name":"/home/stpl/Desktop/purs/Main-Project/bower_components/purescript-prelude/src/Prelude.purs","end":[56,31]},["Data","Bounded"],{"TypeClassRef":[{"start":[1,1],"name":"/home/stpl/Desktop/purs/Main-Project/bower_components/purescript-prelude/src/Prelude.purs","end":[56,31]},"Bounded"]}]},{"ReExportRef":[{"start":[1,1],"name":"/home/stpl/Desktop/purs/Main-Project/bower_components/purescript-prelude/src/Prelude.purs","end":[56,31]},["Control","Category"],{"TypeClassRef":[{"start":[1,1],"name":"/home/stpl/Desktop/purs/Main-Project/bower_components/purescript-prelude/src/Prelude.purs","end":[56,31]},"Category"]}]},{"ReExportRef":[{"start":[1,1],"name":"/home/stpl/Desktop/purs/Main-Project/bower_components/purescript-prelude/src/Prelude.purs","end":[56,31]},["Data","CommutativeRing"],{"TypeClassRef":[{"start":[1,1],"name":"/home/stpl/Desktop/purs/Main-Project/bower_components/purescript-prelude/src/Prelude.purs","end":[56,31]},"CommutativeRing"]}]},{"ReExportRef":[{"start":[1,1],"name":"/home/stpl/Desktop/purs/Main-Project/bower_components/purescript-prelude/src/Prelude.purs","end":[56,31]},["Control","Bind"],{"TypeClassRef":[{"start":[1,1],"name":"/home/stpl/Desktop/purs/Main-Project/bower_components/purescript-prelude/src/Prelude.purs","end":[56,31]},"Discard"]}]},{"ReExportRef":[{"start":[1,1],"name":"/home/stpl/Desktop/purs/Main-Project/bower_components/purescript-prelude/src/Prelude.purs","end":[56,31]},["Data","DivisionRing"],{"TypeClassRef":[{"start":[1,1],"name":"/home/stpl/Desktop/purs/Main-Project/bower_components/purescript-prelude/src/Prelude.purs","end":[56,31]},"DivisionRing"]}]},{"ReExportRef":[{"start":[1,1],"name":"/home/stpl/Desktop/purs/Main-Project/bower_components/purescript-prelude/src/Prelude.purs","end":[56,31]},["Data","Eq"],{"TypeClassRef":[{"start":[1,1],"name":"/home/stpl/Desktop/purs/Main-Project/bower_components/purescript-prelude/src/Prelude.purs","end":[56,31]},"Eq"]}]},{"ReExportRef":[{"start":[1,1],"name":"/home/stpl/Desktop/purs/Main-Project/bower_components/purescript-prelude/src/Prelude.purs","end":[56,31]},["Data","EuclideanRing"],{"TypeClassRef":[{"start":[1,1],"name":"/home/stpl/Desktop/purs/Main-Project/bower_components/purescript-prelude/src/Prelude.purs","end":[56,31]},"EuclideanRing"]}]},{"ReExportRef":[{"start":[1,1],"name":"/home/stpl/Desktop/purs/Main-Project/bower_components/purescript-prelude/src/Prelude.purs","end":[56,31]},["Data","Field"],{"TypeClassRef":[{"start":[1,1],"name":"/home/stpl/Desktop/purs/Main-Project/bower_components/purescript-prelude/src/Prelude.purs","end":[56,31]},"Field"]}]},{"ReExportRef":[{"start":[1,1],"name":"/home/stpl/Desktop/purs/Main-Project/bower_components/purescript-prelude/src/Prelude.purs","end":[56,31]},["Data","Functor"],{"TypeClassRef":[{"start":[1,1],"name":"/home/stpl/Desktop/purs/Main-Project/bower_components/purescript-prelude/src/Prelude.purs","end":[56,31]},"Functor"]}]},{"ReExportRef":[{"start":[1,1],"name":"/home/stpl/Desktop/purs/Main-Project/bower_components/purescript-prelude/src/Prelude.purs","end":[56,31]},["Data","HeytingAlgebra"],{"TypeClassRef":[{"start":[1,1],"name":"/home/stpl/Desktop/purs/Main-Project/bower_components/purescript-prelude/src/Prelude.purs","end":[56,31]},"HeytingAlgebra"]}]},{"ReExportRef":[{"start":[1,1],"name":"/home/stpl/Desktop/purs/Main-Project/bower_components/purescript-prelude/src/Prelude.purs","end":[56,31]},["Control","Monad"],{"TypeClassRef":[{"start":[1,1],"name":"/home/stpl/Desktop/purs/Main-Project/bower_components/purescript-prelude/src/Prelude.purs","end":[56,31]},"Monad"]}]},{"ReExportRef":[{"start":[1,1],"name":"/home/stpl/Desktop/purs/Main-Project/bower_components/purescript-prelude/src/Prelude.purs","end":[56,31]},["Data","Ord"],{"TypeClassRef":[{"start":[1,1],"name":"/home/stpl/Desktop/purs/Main-Project/bower_components/purescript-prelude/src/Prelude.purs","end":[56,31]},"Ord"]}]},{"ReExportRef":[{"start":[1,1],"name":"/home/stpl/Desktop/purs/Main-Project/bower_components/purescript-prelude/src/Prelude.purs","end":[56,31]},["Data","Ring"],{"TypeClassRef":[{"start":[1,1],"name":"/home/stpl/Desktop/purs/Main-Project/bower_components/purescript-prelude/src/Prelude.purs","end":[56,31]},"Ring"]}]},{"ReExportRef":[{"start":[1,1],"name":"/home/stpl/Desktop/purs/Main-Project/bower_components/purescript-prelude/src/Prelude.purs","end":[56,31]},["Data","Semigroup"],{"TypeClassRef":[{"start":[1,1],"name":"/home/stpl/Desktop/purs/Main-Project/bower_components/purescript-prelude/src/Prelude.purs","end":[56,31]},"Semigroup"]}]},{"ReExportRef":[{"start":[1,1],"name":"/home/stpl/Desktop/purs/Main-Project/bower_components/purescript-prelude/src/Prelude.purs","end":[56,31]},["Control","Semigroupoid"],{"TypeClassRef":[{"start":[1,1],"name":"/home/stpl/Desktop/purs/Main-Project/bower_components/purescript-prelude/src/Prelude.purs","end":[56,31]},"Semigroupoid"]}]},{"ReExportRef":[{"start":[1,1],"name":"/home/stpl/Desktop/purs/Main-Project/bower_components/purescript-prelude/src/Prelude.purs","end":[56,31]},["Data","Semiring"],{"TypeClassRef":[{"start":[1,1],"name":"/home/stpl/Desktop/purs/Main-Project/bower_components/purescript-prelude/src/Prelude.purs","end":[56,31]},"Semiring"]}]},{"ReExportRef":[{"start":[1,1],"name":"/home/stpl/Desktop/purs/Main-Project/bower_components/purescript-prelude/src/Prelude.purs","end":[56,31]},["Data","Show"],{"TypeClassRef":[{"start":[1,1],"name":"/home/stpl/Desktop/purs/Main-Project/bower_components/purescript-prelude/src/Prelude.purs","end":[56,31]},"Show"]}]},{"ReExportRef":[{"start":[1,1],"name":"/home/stpl/Desktop/purs/Main-Project/bower_components/purescript-prelude/src/Prelude.purs","end":[56,31]},["Data","Void"],{"ValueRef":[{"start":[1,1],"name":"/home/stpl/Desktop/purs/Main-Project/bower_components/purescript-prelude/src/Prelude.purs","end":[56,31]},{"Ident":"absurd"}]}]},{"ReExportRef":[{"start":[1,1],"name":"/home/stpl/Desktop/purs/Main-Project/bower_components/purescript-prelude/src/Prelude.purs","end":[56,31]},["Data","Semiring"],{"ValueRef":[{"start":[1,1],"name":"/home/stpl/Desktop/purs/Main-Project/bower_components/purescript-prelude/src/Prelude.purs","end":[56,31]},{"Ident":"add"}]}]},{"ReExportRef":[{"start":[1,1],"name":"/home/stpl/Desktop/purs/Main-Project/bower_components/purescript-prelude/src/Prelude.purs","end":[56,31]},["Control","Monad"],{"ValueRef":[{"start":[1,1],"name":"/home/stpl/Desktop/purs/Main-Project/bower_components/purescript-prelude/src/Prelude.purs","end":[56,31]},{"Ident":"ap"}]}]},{"ReExportRef":[{"start":[1,1],"name":"/home/stpl/Desktop/purs/Main-Project/bower_components/purescript-prelude/src/Prelude.purs","end":[56,31]},["Data","Semigroup"],{"ValueRef":[{"start":[1,1],"name":"/home/stpl/Desktop/purs/Main-Project/bower_components/purescript-prelude/src/Prelude.purs","end":[56,31]},{"Ident":"append"}]}]},{"ReExportRef":[{"start":[1,1],"name":"/home/stpl/Desktop/purs/Main-Project/bower_components/purescript-prelude/src/Prelude.purs","end":[56,31]},["Control","Apply"],{"ValueRef":[{"start":[1,1],"name":"/home/stpl/Desktop/purs/Main-Project/bower_components/purescript-prelude/src/Prelude.purs","end":[56,31]},{"Ident":"apply"}]}]},{"ReExportRef":[{"start":[1,1],"name":"/home/stpl/Desktop/purs/Main-Project/bower_components/purescript-prelude/src/Prelude.purs","end":[56,31]},["Data","Ord"],{"ValueRef":[{"start":[1,1],"name":"/home/stpl/Desktop/purs/Main-Project/bower_components/purescript-prelude/src/Prelude.purs","end":[56,31]},{"Ident":"between"}]}]},{"ReExportRef":[{"start":[1,1],"name":"/home/stpl/Desktop/purs/Main-Project/bower_components/purescript-prelude/src/Prelude.purs","end":[56,31]},["Control","Bind"],{"ValueRef":[{"start":[1,1],"name":"/home/stpl/Desktop/purs/Main-Project/bower_components/purescript-prelude/src/Prelude.purs","end":[56,31]},{"Ident":"bind"}]}]},{"ReExportRef":[{"start":[1,1],"name":"/home/stpl/Desktop/purs/Main-Project/bower_components/purescript-prelude/src/Prelude.purs","end":[56,31]},["Data","Bounded"],{"ValueRef":[{"start":[1,1],"name":"/home/stpl/Desktop/purs/Main-Project/bower_components/purescript-prelude/src/Prelude.purs","end":[56,31]},{"Ident":"bottom"}]}]},{"ReExportRef":[{"start":[1,1],"name":"/home/stpl/Desktop/purs/Main-Project/bower_components/purescript-prelude/src/Prelude.purs","end":[56,31]},["Data","Ord"],{"ValueRef":[{"start":[1,1],"name":"/home/stpl/Desktop/purs/Main-Project/bower_components/purescript-prelude/src/Prelude.purs","end":[56,31]},{"Ident":"clamp"}]}]},{"ReExportRef":[{"start":[1,1],"name":"/home/stpl/Desktop/purs/Main-Project/bower_components/purescript-prelude/src/Prelude.purs","end":[56,31]},["Data","Ord"],{"ValueRef":[{"start":[1,1],"name":"/home/stpl/Desktop/purs/Main-Project/bower_components/purescript-prelude/src/Prelude.purs","end":[56,31]},{"Ident":"compare"}]}]},{"ReExportRef":[{"start":[1,1],"name":"/home/stpl/Desktop/purs/Main-Project/bower_components/purescript-prelude/src/Prelude.purs","end":[56,31]},["Data","Ord"],{"ValueRef":[{"start":[1,1],"name":"/home/stpl/Desktop/purs/Main-Project/bower_components/purescript-prelude/src/Prelude.purs","end":[56,31]},{"Ident":"comparing"}]}]},{"ReExportRef":[{"start":[1,1],"name":"/home/stpl/Desktop/purs/Main-Project/bower_components/purescript-prelude/src/Prelude.purs","end":[56,31]},["Control","Semigroupoid"],{"ValueRef":[{"start":[1,1],"name":"/home/stpl/Desktop/purs/Main-Project/bower_components/purescript-prelude/src/Prelude.purs","end":[56,31]},{"Ident":"compose"}]}]},{"ReExportRef":[{"start":[1,1],"name":"/home/stpl/Desktop/purs/Main-Project/bower_components/purescript-prelude/src/Prelude.purs","end":[56,31]},["Data","HeytingAlgebra"],{"ValueRef":[{"start":[1,1],"name":"/home/stpl/Desktop/purs/Main-Project/bower_components/purescript-prelude/src/Prelude.purs","end":[56,31]},{"Ident":"conj"}]}]},{"ReExportRef":[{"start":[1,1],"name":"/home/stpl/Desktop/purs/Main-Project/bower_components/purescript-prelude/src/Prelude.purs","end":[56,31]},["Data","Function"],{"ValueRef":[{"start":[1,1],"name":"/home/stpl/Desktop/purs/Main-Project/bower_components/purescript-prelude/src/Prelude.purs","end":[56,31]},{"Ident":"const"}]}]},{"ReExportRef":[{"start":[1,1],"name":"/home/stpl/Desktop/purs/Main-Project/bower_components/purescript-prelude/src/Prelude.purs","end":[56,31]},["Data","EuclideanRing"],{"ValueRef":[{"start":[1,1],"name":"/home/stpl/Desktop/purs/Main-Project/bower_components/purescript-prelude/src/Prelude.purs","end":[56,31]},{"Ident":"degree"}]}]},{"ReExportRef":[{"start":[1,1],"name":"/home/stpl/Desktop/purs/Main-Project/bower_components/purescript-prelude/src/Prelude.purs","end":[56,31]},["Control","Bind"],{"ValueRef":[{"start":[1,1],"name":"/home/stpl/Desktop/purs/Main-Project/bower_components/purescript-prelude/src/Prelude.purs","end":[56,31]},{"Ident":"discard"}]}]},{"ReExportRef":[{"start":[1,1],"name":"/home/stpl/Desktop/purs/Main-Project/bower_components/purescript-prelude/src/Prelude.purs","end":[56,31]},["Data","HeytingAlgebra"],{"ValueRef":[{"start":[1,1],"name":"/home/stpl/Desktop/purs/Main-Project/bower_components/purescript-prelude/src/Prelude.purs","end":[56,31]},{"Ident":"disj"}]}]},{"ReExportRef":[{"start":[1,1],"name":"/home/stpl/Desktop/purs/Main-Project/bower_components/purescript-prelude/src/Prelude.purs","end":[56,31]},["Data","EuclideanRing"],{"ValueRef":[{"start":[1,1],"name":"/home/stpl/Desktop/purs/Main-Project/bower_components/purescript-prelude/src/Prelude.purs","end":[56,31]},{"Ident":"div"}]}]},{"ReExportRef":[{"start":[1,1],"name":"/home/stpl/Desktop/purs/Main-Project/bower_components/purescript-prelude/src/Prelude.purs","end":[56,31]},["Data","Eq"],{"ValueRef":[{"start":[1,1],"name":"/home/stpl/Desktop/purs/Main-Project/bower_components/purescript-prelude/src/Prelude.purs","end":[56,31]},{"Ident":"eq"}]}]},{"ReExportRef":[{"start":[1,1],"name":"/home/stpl/Desktop/purs/Main-Project/bower_components/purescript-prelude/src/Prelude.purs","end":[56,31]},["Data","Functor"],{"ValueRef":[{"start":[1,1],"name":"/home/stpl/Desktop/purs/Main-Project/bower_components/purescript-prelude/src/Prelude.purs","end":[56,31]},{"Ident":"flap"}]}]},{"ReExportRef":[{"start":[1,1],"name":"/home/stpl/Desktop/purs/Main-Project/bower_components/purescript-prelude/src/Prelude.purs","end":[56,31]},["Data","Function"],{"ValueRef":[{"start":[1,1],"name":"/home/stpl/Desktop/purs/Main-Project/bower_components/purescript-prelude/src/Prelude.purs","end":[56,31]},{"Ident":"flip"}]}]},{"ReExportRef":[{"start":[1,1],"name":"/home/stpl/Desktop/purs/Main-Project/bower_components/purescript-prelude/src/Prelude.purs","end":[56,31]},["Data","EuclideanRing"],{"ValueRef":[{"start":[1,1],"name":"/home/stpl/Desktop/purs/Main-Project/bower_components/purescript-prelude/src/Prelude.purs","end":[56,31]},{"Ident":"gcd"}]}]},{"ReExportRef":[{"start":[1,1],"name":"/home/stpl/Desktop/purs/Main-Project/bower_components/purescript-prelude/src/Prelude.purs","end":[56,31]},["Control","Category"],{"ValueRef":[{"start":[1,1],"name":"/home/stpl/Desktop/purs/Main-Project/bower_components/purescript-prelude/src/Prelude.purs","end":[56,31]},{"Ident":"id"}]}]},{"ReExportRef":[{"start":[1,1],"name":"/home/stpl/Desktop/purs/Main-Project/bower_components/purescript-prelude/src/Prelude.purs","end":[56,31]},["Control","Bind"],{"ValueRef":[{"start":[1,1],"name":"/home/stpl/Desktop/purs/Main-Project/bower_components/purescript-prelude/src/Prelude.purs","end":[56,31]},{"Ident":"ifM"}]}]},{"ReExportRef":[{"start":[1,1],"name":"/home/stpl/Desktop/purs/Main-Project/bower_components/purescript-prelude/src/Prelude.purs","end":[56,31]},["Control","Bind"],{"ValueRef":[{"start":[1,1],"name":"/home/stpl/Desktop/purs/Main-Project/bower_components/purescript-prelude/src/Prelude.purs","end":[56,31]},{"Ident":"join"}]}]},{"ReExportRef":[{"start":[1,1],"name":"/home/stpl/Desktop/purs/Main-Project/bower_components/purescript-prelude/src/Prelude.purs","end":[56,31]},["Data","EuclideanRing"],{"ValueRef":[{"start":[1,1],"name":"/home/stpl/Desktop/purs/Main-Project/bower_components/purescript-prelude/src/Prelude.purs","end":[56,31]},{"Ident":"lcm"}]}]},{"ReExportRef":[{"start":[1,1],"name":"/home/stpl/Desktop/purs/Main-Project/bower_components/purescript-prelude/src/Prelude.purs","end":[56,31]},["Control","Applicative"],{"ValueRef":[{"start":[1,1],"name":"/home/stpl/Desktop/purs/Main-Project/bower_components/purescript-prelude/src/Prelude.purs","end":[56,31]},{"Ident":"liftA1"}]}]},{"ReExportRef":[{"start":[1,1],"name":"/home/stpl/Desktop/purs/Main-Project/bower_components/purescript-prelude/src/Prelude.purs","end":[56,31]},["Control","Monad"],{"ValueRef":[{"start":[1,1],"name":"/home/stpl/Desktop/purs/Main-Project/bower_components/purescript-prelude/src/Prelude.purs","end":[56,31]},{"Ident":"liftM1"}]}]},{"ReExportRef":[{"start":[1,1],"name":"/home/stpl/Desktop/purs/Main-Project/bower_components/purescript-prelude/src/Prelude.purs","end":[56,31]},["Data","Functor"],{"ValueRef":[{"start":[1,1],"name":"/home/stpl/Desktop/purs/Main-Project/bower_components/purescript-prelude/src/Prelude.purs","end":[56,31]},{"Ident":"map"}]}]},{"ReExportRef":[{"start":[1,1],"name":"/home/stpl/Desktop/purs/Main-Project/bower_components/purescript-prelude/src/Prelude.purs","end":[56,31]},["Data","Ord"],{"ValueRef":[{"start":[1,1],"name":"/home/stpl/Desktop/purs/Main-Project/bower_components/purescript-prelude/src/Prelude.purs","end":[56,31]},{"Ident":"max"}]}]},{"ReExportRef":[{"start":[1,1],"name":"/home/stpl/Desktop/purs/Main-Project/bower_components/purescript-prelude/src/Prelude.purs","end":[56,31]},["Data","Ord"],{"ValueRef":[{"start":[1,1],"name":"/home/stpl/Desktop/purs/Main-Project/bower_components/purescript-prelude/src/Prelude.purs","end":[56,31]},{"Ident":"min"}]}]},{"ReExportRef":[{"start":[1,1],"name":"/home/stpl/Desktop/purs/Main-Project/bower_components/purescript-prelude/src/Prelude.purs","end":[56,31]},["Data","EuclideanRing"],{"ValueRef":[{"start":[1,1],"name":"/home/stpl/Desktop/purs/Main-Project/bower_components/purescript-prelude/src/Prelude.purs","end":[56,31]},{"Ident":"mod"}]}]},{"ReExportRef":[{"start":[1,1],"name":"/home/stpl/Desktop/purs/Main-Project/bower_components/purescript-prelude/src/Prelude.purs","end":[56,31]},["Data","Semiring"],{"ValueRef":[{"start":[1,1],"name":"/home/stpl/Desktop/purs/Main-Project/bower_components/purescript-prelude/src/Prelude.purs","end":[56,31]},{"Ident":"mul"}]}]},{"ReExportRef":[{"start":[1,1],"name":"/home/stpl/Desktop/purs/Main-Project/bower_components/purescript-prelude/src/Prelude.purs","end":[56,31]},["Data","Ring"],{"ValueRef":[{"start":[1,1],"name":"/home/stpl/Desktop/purs/Main-Project/bower_components/purescript-prelude/src/Prelude.purs","end":[56,31]},{"Ident":"negate"}]}]},{"ReExportRef":[{"start":[1,1],"name":"/home/stpl/Desktop/purs/Main-Project/bower_components/purescript-prelude/src/Prelude.purs","end":[56,31]},["Data","HeytingAlgebra"],{"ValueRef":[{"start":[1,1],"name":"/home/stpl/Desktop/purs/Main-Project/bower_components/purescript-prelude/src/Prelude.purs","end":[56,31]},{"Ident":"not"}]}]},{"ReExportRef":[{"start":[1,1],"name":"/home/stpl/Desktop/purs/Main-Project/bower_components/purescript-prelude/src/Prelude.purs","end":[56,31]},["Data","Eq"],{"ValueRef":[{"start":[1,1],"name":"/home/stpl/Desktop/purs/Main-Project/bower_components/purescript-prelude/src/Prelude.purs","end":[56,31]},{"Ident":"notEq"}]}]},{"ReExportRef":[{"start":[1,1],"name":"/home/stpl/Desktop/purs/Main-Project/bower_components/purescript-prelude/src/Prelude.purs","end":[56,31]},["Data","Semiring"],{"ValueRef":[{"start":[1,1],"name":"/home/stpl/Desktop/purs/Main-Project/bower_components/purescript-prelude/src/Prelude.purs","end":[56,31]},{"Ident":"one"}]}]},{"ReExportRef":[{"start":[1,1],"name":"/home/stpl/Desktop/purs/Main-Project/bower_components/purescript-prelude/src/Prelude.purs","end":[56,31]},["Data","Boolean"],{"ValueRef":[{"start":[1,1],"name":"/home/stpl/Desktop/purs/Main-Project/bower_components/purescript-prelude/src/Prelude.purs","end":[56,31]},{"Ident":"otherwise"}]}]},{"ReExportRef":[{"start":[1,1],"name":"/home/stpl/Desktop/purs/Main-Project/bower_components/purescript-prelude/src/Prelude.purs","end":[56,31]},["Control","Applicative"],{"ValueRef":[{"start":[1,1],"name":"/home/stpl/Desktop/purs/Main-Project/bower_components/purescript-prelude/src/Prelude.purs","end":[56,31]},{"Ident":"pure"}]}]},{"ReExportRef":[{"start":[1,1],"name":"/home/stpl/Desktop/purs/Main-Project/bower_components/purescript-prelude/src/Prelude.purs","end":[56,31]},["Data","DivisionRing"],{"ValueRef":[{"start":[1,1],"name":"/home/stpl/Desktop/purs/Main-Project/bower_components/purescript-prelude/src/Prelude.purs","end":[56,31]},{"Ident":"recip"}]}]},{"ReExportRef":[{"start":[1,1],"name":"/home/stpl/Desktop/purs/Main-Project/bower_components/purescript-prelude/src/Prelude.purs","end":[56,31]},["Data","Show"],{"ValueRef":[{"start":[1,1],"name":"/home/stpl/Desktop/purs/Main-Project/bower_components/purescript-prelude/src/Prelude.purs","end":[56,31]},{"Ident":"show"}]}]},{"ReExportRef":[{"start":[1,1],"name":"/home/stpl/Desktop/purs/Main-Project/bower_components/purescript-prelude/src/Prelude.purs","end":[56,31]},["Data","Ring"],{"ValueRef":[{"start":[1,1],"name":"/home/stpl/Desktop/purs/Main-Project/bower_components/purescript-prelude/src/Prelude.purs","end":[56,31]},{"Ident":"sub"}]}]},{"ReExportRef":[{"start":[1,1],"name":"/home/stpl/Desktop/purs/Main-Project/bower_components/purescript-prelude/src/Prelude.purs","end":[56,31]},["Data","Bounded"],{"ValueRef":[{"start":[1,1],"name":"/home/stpl/Desktop/purs/Main-Project/bower_components/purescript-prelude/src/Prelude.purs","end":[56,31]},{"Ident":"top"}]}]},{"ReExportRef":[{"start":[1,1],"name":"/home/stpl/Desktop/purs/Main-Project/bower_components/purescript-prelude/src/Prelude.purs","end":[56,31]},["Data","Unit"],{"ValueRef":[{"start":[1,1],"name":"/home/stpl/Desktop/purs/Main-Project/bower_components/purescript-prelude/src/Prelude.purs","end":[56,31]},{"Ident":"unit"}]}]},{"ReExportRef":[{"start":[1,1],"name":"/home/stpl/Desktop/purs/Main-Project/bower_components/purescript-prelude/src/Prelude.purs","end":[56,31]},["Control","Applicative"],{"ValueRef":[{"start":[1,1],"name":"/home/stpl/Desktop/purs/Main-Project/bower_components/purescript-prelude/src/Prelude.purs","end":[56,31]},{"Ident":"unless"}]}]},{"ReExportRef":[{"start":[1,1],"name":"/home/stpl/Desktop/purs/Main-Project/bower_components/purescript-prelude/src/Prelude.purs","end":[56,31]},["Control","Monad"],{"ValueRef":[{"start":[1,1],"name":"/home/stpl/Desktop/purs/Main-Project/bower_components/purescript-prelude/src/Prelude.purs","end":[56,31]},{"Ident":"unlessM"}]}]},{"ReExportRef":[{"start":[1,1],"name":"/home/stpl/Desktop/purs/Main-Project/bower_components/purescript-prelude/src/Prelude.purs","end":[56,31]},["Data","Functor"],{"ValueRef":[{"start":[1,1],"name":"/home/stpl/Desktop/purs/Main-Project/bower_components/purescript-prelude/src/Prelude.purs","end":[56,31]},{"Ident":"void"}]}]},{"ReExportRef":[{"start":[1,1],"name":"/home/stpl/Desktop/purs/Main-Project/bower_components/purescript-prelude/src/Prelude.purs","end":[56,31]},["Control","Applicative"],{"ValueRef":[{"start":[1,1],"name":"/home/stpl/Desktop/purs/Main-Project/bower_components/purescript-prelude/src/Prelude.purs","end":[56,31]},{"Ident":"when"}]}]},{"ReExportRef":[{"start":[1,1],"name":"/home/stpl/Desktop/purs/Main-Project/bower_components/purescript-prelude/src/Prelude.purs","end":[56,31]},["Control","Monad"],{"ValueRef":[{"start":[1,1],"name":"/home/stpl/Desktop/purs/Main-Project/bower_components/purescript-prelude/src/Prelude.purs","end":[56,31]},{"Ident":"whenM"}]}]},{"ReExportRef":[{"start":[1,1],"name":"/home/stpl/Desktop/purs/Main-Project/bower_components/purescript-prelude/src/Prelude.purs","end":[56,31]},["Data","Semiring"],{"ValueRef":[{"start":[1,1],"name":"/home/stpl/Desktop/purs/Main-Project/bower_components/purescript-prelude/src/Prelude.purs","end":[56,31]},{"Ident":"zero"}]}]},{"ReExportRef":[{"start":[1,1],"name":"/home/stpl/Desktop/purs/Main-Project/bower_components/purescript-prelude/src/Prelude.purs","end":[56,31]},["Data","Function"],{"ValueOpRef":[{"start":[1,1],"name":"/home/stpl/Desktop/purs/Main-Project/bower_components/purescript-prelude/src/Prelude.purs","end":[56,31]},"#"]}]},{"ReExportRef":[{"start":[1,1],"name":"/home/stpl/Desktop/purs/Main-Project/bower_components/purescript-prelude/src/Prelude.purs","end":[56,31]},["Data","Function"],{"ValueOpRef":[{"start":[1,1],"name":"/home/stpl/Desktop/purs/Main-Project/bower_components/purescript-prelude/src/Prelude.purs","end":[56,31]},"$"]}]},{"ReExportRef":[{"start":[1,1],"name":"/home/stpl/Desktop/purs/Main-Project/bower_components/purescript-prelude/src/Prelude.purs","end":[56,31]},["Data","Functor"],{"ValueOpRef":[{"start":[1,1],"name":"/home/stpl/Desktop/purs/Main-Project/bower_components/purescript-prelude/src/Prelude.purs","end":[56,31]},"$>"]}]},{"ReExportRef":[{"start":[1,1],"name":"/home/stpl/Desktop/purs/Main-Project/bower_components/purescript-prelude/src/Prelude.purs","end":[56,31]},["Data","HeytingAlgebra"],{"ValueOpRef":[{"start":[1,1],"name":"/home/stpl/Desktop/purs/Main-Project/bower_components/purescript-prelude/src/Prelude.purs","end":[56,31]},"&&"]}]},{"ReExportRef":[{"start":[1,1],"name":"/home/stpl/Desktop/purs/Main-Project/bower_components/purescript-prelude/src/Prelude.purs","end":[56,31]},["Data","Semiring"],{"ValueOpRef":[{"start":[1,1],"name":"/home/stpl/Desktop/purs/Main-Project/bower_components/purescript-prelude/src/Prelude.purs","end":[56,31]},"*"]}]},{"ReExportRef":[{"start":[1,1],"name":"/home/stpl/Desktop/purs/Main-Project/bower_components/purescript-prelude/src/Prelude.purs","end":[56,31]},["Control","Apply"],{"ValueOpRef":[{"start":[1,1],"name":"/home/stpl/Desktop/purs/Main-Project/bower_components/purescript-prelude/src/Prelude.purs","end":[56,31]},"*>"]}]},{"ReExportRef":[{"start":[1,1],"name":"/home/stpl/Desktop/purs/Main-Project/bower_components/purescript-prelude/src/Prelude.purs","end":[56,31]},["Data","Semiring"],{"ValueOpRef":[{"start":[1,1],"name":"/home/stpl/Desktop/purs/Main-Project/bower_components/purescript-prelude/src/Prelude.purs","end":[56,31]},"+"]}]},{"ReExportRef":[{"start":[1,1],"name":"/home/stpl/Desktop/purs/Main-Project/bower_components/purescript-prelude/src/Prelude.purs","end":[56,31]},["Data","Ring"],{"ValueOpRef":[{"start":[1,1],"name":"/home/stpl/Desktop/purs/Main-Project/bower_components/purescript-prelude/src/Prelude.purs","end":[56,31]},"-"]}]},{"ReExportRef":[{"start":[1,1],"name":"/home/stpl/Desktop/purs/Main-Project/bower_components/purescript-prelude/src/Prelude.purs","end":[56,31]},["Data","EuclideanRing"],{"ValueOpRef":[{"start":[1,1],"name":"/home/stpl/Desktop/purs/Main-Project/bower_components/purescript-prelude/src/Prelude.purs","end":[56,31]},"/"]}]},{"ReExportRef":[{"start":[1,1],"name":"/home/stpl/Desktop/purs/Main-Project/bower_components/purescript-prelude/src/Prelude.purs","end":[56,31]},["Data","Eq"],{"ValueOpRef":[{"start":[1,1],"name":"/home/stpl/Desktop/purs/Main-Project/bower_components/purescript-prelude/src/Prelude.purs","end":[56,31]},"/="]}]},{"ReExportRef":[{"start":[1,1],"name":"/home/stpl/Desktop/purs/Main-Project/bower_components/purescript-prelude/src/Prelude.purs","end":[56,31]},["Data","Ord"],{"ValueOpRef":[{"start":[1,1],"name":"/home/stpl/Desktop/purs/Main-Project/bower_components/purescript-prelude/src/Prelude.purs","end":[56,31]},"<"]}]},{"ReExportRef":[{"start":[1,1],"name":"/home/stpl/Desktop/purs/Main-Project/bower_components/purescript-prelude/src/Prelude.purs","end":[56,31]},["Data","Functor"],{"ValueOpRef":[{"start":[1,1],"name":"/home/stpl/Desktop/purs/Main-Project/bower_components/purescript-prelude/src/Prelude.purs","end":[56,31]},"<#>"]}]},{"ReExportRef":[{"start":[1,1],"name":"/home/stpl/Desktop/purs/Main-Project/bower_components/purescript-prelude/src/Prelude.purs","end":[56,31]},["Data","Functor"],{"ValueOpRef":[{"start":[1,1],"name":"/home/stpl/Desktop/purs/Main-Project/bower_components/purescript-prelude/src/Prelude.purs","end":[56,31]},"<$"]}]},{"ReExportRef":[{"start":[1,1],"name":"/home/stpl/Desktop/purs/Main-Project/bower_components/purescript-prelude/src/Prelude.purs","end":[56,31]},["Data","Functor"],{"ValueOpRef":[{"start":[1,1],"name":"/home/stpl/Desktop/purs/Main-Project/bower_components/purescript-prelude/src/Prelude.purs","end":[56,31]},"<$>"]}]},{"ReExportRef":[{"start":[1,1],"name":"/home/stpl/Desktop/purs/Main-Project/bower_components/purescript-prelude/src/Prelude.purs","end":[56,31]},["Control","Apply"],{"ValueOpRef":[{"start":[1,1],"name":"/home/stpl/Desktop/purs/Main-Project/bower_components/purescript-prelude/src/Prelude.purs","end":[56,31]},"<*"]}]},{"ReExportRef":[{"start":[1,1],"name":"/home/stpl/Desktop/purs/Main-Project/bower_components/purescript-prelude/src/Prelude.purs","end":[56,31]},["Control","Apply"],{"ValueOpRef":[{"start":[1,1],"name":"/home/stpl/Desktop/purs/Main-Project/bower_components/purescript-prelude/src/Prelude.purs","end":[56,31]},"<*>"]}]},{"ReExportRef":[{"start":[1,1],"name":"/home/stpl/Desktop/purs/Main-Project/bower_components/purescript-prelude/src/Prelude.purs","end":[56,31]},["Control","Semigroupoid"],{"ValueOpRef":[{"start":[1,1],"name":"/home/stpl/Desktop/purs/Main-Project/bower_components/purescript-prelude/src/Prelude.purs","end":[56,31]},"<<<"]}]},{"ReExportRef":[{"start":[1,1],"name":"/home/stpl/Desktop/purs/Main-Project/bower_components/purescript-prelude/src/Prelude.purs","end":[56,31]},["Data","Ord"],{"ValueOpRef":[{"start":[1,1],"name":"/home/stpl/Desktop/purs/Main-Project/bower_components/purescript-prelude/src/Prelude.purs","end":[56,31]},"<="]}]},{"ReExportRef":[{"start":[1,1],"name":"/home/stpl/Desktop/purs/Main-Project/bower_components/purescript-prelude/src/Prelude.purs","end":[56,31]},["Control","Bind"],{"ValueOpRef":[{"start":[1,1],"name":"/home/stpl/Desktop/purs/Main-Project/bower_components/purescript-prelude/src/Prelude.purs","end":[56,31]},"<=<"]}]},{"ReExportRef":[{"start":[1,1],"name":"/home/stpl/Desktop/purs/Main-Project/bower_components/purescript-prelude/src/Prelude.purs","end":[56,31]},["Data","Semigroup"],{"ValueOpRef":[{"start":[1,1],"name":"/home/stpl/Desktop/purs/Main-Project/bower_components/purescript-prelude/src/Prelude.purs","end":[56,31]},"<>"]}]},{"ReExportRef":[{"start":[1,1],"name":"/home/stpl/Desktop/purs/Main-Project/bower_components/purescript-prelude/src/Prelude.purs","end":[56,31]},["Data","Functor"],{"ValueOpRef":[{"start":[1,1],"name":"/home/stpl/Desktop/purs/Main-Project/bower_components/purescript-prelude/src/Prelude.purs","end":[56,31]},"<@>"]}]},{"ReExportRef":[{"start":[1,1],"name":"/home/stpl/Desktop/purs/Main-Project/bower_components/purescript-prelude/src/Prelude.purs","end":[56,31]},["Control","Bind"],{"ValueOpRef":[{"start":[1,1],"name":"/home/stpl/Desktop/purs/Main-Project/bower_components/purescript-prelude/src/Prelude.purs","end":[56,31]},"=<<"]}]},{"ReExportRef":[{"start":[1,1],"name":"/home/stpl/Desktop/purs/Main-Project/bower_components/purescript-prelude/src/Prelude.purs","end":[56,31]},["Data","Eq"],{"ValueOpRef":[{"start":[1,1],"name":"/home/stpl/Desktop/purs/Main-Project/bower_components/purescript-prelude/src/Prelude.purs","end":[56,31]},"=="]}]},{"ReExportRef":[{"start":[1,1],"name":"/home/stpl/Desktop/purs/Main-Project/bower_components/purescript-prelude/src/Prelude.purs","end":[56,31]},["Data","Ord"],{"ValueOpRef":[{"start":[1,1],"name":"/home/stpl/Desktop/purs/Main-Project/bower_components/purescript-prelude/src/Prelude.purs","end":[56,31]},">"]}]},{"ReExportRef":[{"start":[1,1],"name":"/home/stpl/Desktop/purs/Main-Project/bower_components/purescript-prelude/src/Prelude.purs","end":[56,31]},["Data","Ord"],{"ValueOpRef":[{"start":[1,1],"name":"/home/stpl/Desktop/purs/Main-Project/bower_components/purescript-prelude/src/Prelude.purs","end":[56,31]},">="]}]},{"ReExportRef":[{"start":[1,1],"name":"/home/stpl/Desktop/purs/Main-Project/bower_components/purescript-prelude/src/Prelude.purs","end":[56,31]},["Control","Bind"],{"ValueOpRef":[{"start":[1,1],"name":"/home/stpl/Desktop/purs/Main-Project/bower_components/purescript-prelude/src/Prelude.purs","end":[56,31]},">=>"]}]},{"ReExportRef":[{"start":[1,1],"name":"/home/stpl/Desktop/purs/Main-Project/bower_components/purescript-prelude/src/Prelude.purs","end":[56,31]},["Control","Bind"],{"ValueOpRef":[{"start":[1,1],"name":"/home/stpl/Desktop/purs/Main-Project/bower_components/purescript-prelude/src/Prelude.purs","end":[56,31]},">>="]}]},{"ReExportRef":[{"start":[1,1],"name":"/home/stpl/Desktop/purs/Main-Project/bower_components/purescript-prelude/src/Prelude.purs","end":[56,31]},["Control","Semigroupoid"],{"ValueOpRef":[{"start":[1,1],"name":"/home/stpl/Desktop/purs/Main-Project/bower_components/purescript-prelude/src/Prelude.purs","end":[56,31]},">>>"]}]},{"ReExportRef":[{"start":[1,1],"name":"/home/stpl/Desktop/purs/Main-Project/bower_components/purescript-prelude/src/Prelude.purs","end":[56,31]},["Data","HeytingAlgebra"],{"ValueOpRef":[{"start":[1,1],"name":"/home/stpl/Desktop/purs/Main-Project/bower_components/purescript-prelude/src/Prelude.purs","end":[56,31]},"||"]}]},{"ModuleRef":[{"start":[2,5],"name":"/home/stpl/Desktop/purs/Main-Project/bower_components/purescript-prelude/src/Prelude.purs","end":[2,31]},["Control","Applicative"]]},{"ModuleRef":[{"start":[3,5],"name":"/home/stpl/Desktop/purs/Main-Project/bower_components/purescript-prelude/src/Prelude.purs","end":[3,25]},["Control","Apply"]]},{"ModuleRef":[{"start":[4,5],"name":"/home/stpl/Desktop/purs/Main-Project/bower_components/purescript-prelude/src/Prelude.purs","end":[4,24]},["Control","Bind"]]},{"ModuleRef":[{"start":[5,5],"name":"/home/stpl/Desktop/purs/Main-Project/bower_components/purescript-prelude/src/Prelude.purs","end":[5,28]},["Control","Category"]]},{"ModuleRef":[{"start":[6,5],"name":"/home/stpl/Desktop/purs/Main-Project/bower_components/purescript-prelude/src/Prelude.purs","end":[6,25]},["Control","Monad"]]},{"ModuleRef":[{"start":[7,5],"name":"/home/stpl/Desktop/purs/Main-Project/bower_components/purescript-prelude/src/Prelude.purs","end":[7,32]},["Control","Semigroupoid"]]},{"ModuleRef":[{"start":[8,5],"name":"/home/stpl/Desktop/purs/Main-Project/bower_components/purescript-prelude/src/Prelude.purs","end":[8,24]},["Data","Boolean"]]},{"ModuleRef":[{"start":[9,5],"name":"/home/stpl/Desktop/purs/Main-Project/bower_components/purescript-prelude/src/Prelude.purs","end":[9,31]},["Data","BooleanAlgebra"]]},{"ModuleRef":[{"start":[10,5],"name":"/home/stpl/Desktop/purs/Main-Project/bower_components/purescript-prelude/src/Prelude.purs","end":[10,24]},["Data","Bounded"]]},{"ModuleRef":[{"start":[11,5],"name":"/home/stpl/Desktop/purs/Main-Project/bower_components/purescript-prelude/src/Prelude.purs","end":[11,32]},["Data","CommutativeRing"]]},{"ModuleRef":[{"start":[12,5],"name":"/home/stpl/Desktop/purs/Main-Project/bower_components/purescript-prelude/src/Prelude.purs","end":[12,29]},["Data","DivisionRing"]]},{"ModuleRef":[{"start":[13,5],"name":"/home/stpl/Desktop/purs/Main-Project/bower_components/purescript-prelude/src/Prelude.purs","end":[13,19]},["Data","Eq"]]},{"ModuleRef":[{"start":[14,5],"name":"/home/stpl/Desktop/purs/Main-Project/bower_components/purescript-prelude/src/Prelude.purs","end":[14,30]},["Data","EuclideanRing"]]},{"ModuleRef":[{"start":[15,5],"name":"/home/stpl/Desktop/purs/Main-Project/bower_components/purescript-prelude/src/Prelude.purs","end":[15,22]},["Data","Field"]]},{"ModuleRef":[{"start":[16,5],"name":"/home/stpl/Desktop/purs/Main-Project/bower_components/purescript-prelude/src/Prelude.purs","end":[16,25]},["Data","Function"]]},{"ModuleRef":[{"start":[17,5],"name":"/home/stpl/Desktop/purs/Main-Project/bower_components/purescript-prelude/src/Prelude.purs","end":[17,24]},["Data","Functor"]]},{"ModuleRef":[{"start":[18,5],"name":"/home/stpl/Desktop/purs/Main-Project/bower_components/purescript-prelude/src/Prelude.purs","end":[18,31]},["Data","HeytingAlgebra"]]},{"ModuleRef":[{"start":[19,5],"name":"/home/stpl/Desktop/purs/Main-Project/bower_components/purescript-prelude/src/Prelude.purs","end":[19,38]},["Data","NaturalTransformation"]]},{"ModuleRef":[{"start":[20,5],"name":"/home/stpl/Desktop/purs/Main-Project/bower_components/purescript-prelude/src/Prelude.purs","end":[20,20]},["Data","Ord"]]},{"ModuleRef":[{"start":[21,5],"name":"/home/stpl/Desktop/purs/Main-Project/bower_components/purescript-prelude/src/Prelude.purs","end":[21,25]},["Data","Ordering"]]},{"ModuleRef":[{"start":[22,5],"name":"/home/stpl/Desktop/purs/Main-Project/bower_components/purescript-prelude/src/Prelude.purs","end":[22,21]},["Data","Ring"]]},{"ModuleRef":[{"start":[23,5],"name":"/home/stpl/Desktop/purs/Main-Project/bower_components/purescript-prelude/src/Prelude.purs","end":[23,26]},["Data","Semigroup"]]},{"ModuleRef":[{"start":[24,5],"name":"/home/stpl/Desktop/purs/Main-Project/bower_components/purescript-prelude/src/Prelude.purs","end":[24,25]},["Data","Semiring"]]},{"ModuleRef":[{"start":[25,5],"name":"/home/stpl/Desktop/purs/Main-Project/bower_components/purescript-prelude/src/Prelude.purs","end":[25,21]},["Data","Show"]]},{"ModuleRef":[{"start":[26,5],"name":"/home/stpl/Desktop/purs/Main-Project/bower_components/purescript-prelude/src/Prelude.purs","end":[26,21]},["Data","Unit"]]},{"ModuleRef":[{"start":[27,5],"name":"/home/stpl/Desktop/purs/Main-Project/bower_components/purescript-prelude/src/Prelude.purs","end":[27,21]},["Data","Void"]]}],"efImports":[{"eiModule":["Prim"],"eiImportType":{"Implicit":[]},"eiImportedAs":["Prim"]},{"eiModule":["Prim"],"eiImportType":{"Implicit":[]},"eiImportedAs":null},{"eiModule":["Control","Applicative"],"eiImportType":{"Explicit":[{"TypeClassRef":[{"start":[30,29],"name":"/home/stpl/Desktop/purs/Main-Project/bower_components/purescript-prelude/src/Prelude.purs","end":[30,46]},"Applicative"]},{"ValueRef":[{"start":[30,48],"name":"/home/stpl/Desktop/purs/Main-Project/bower_components/purescript-prelude/src/Prelude.purs","end":[30,52]},{"Ident":"pure"}]},{"ValueRef":[{"start":[30,54],"name":"/home/stpl/Desktop/purs/Main-Project/bower_components/purescript-prelude/src/Prelude.purs","end":[30,60]},{"Ident":"liftA1"}]},{"ValueRef":[{"start":[30,62],"name":"/home/stpl/Desktop/purs/Main-Project/bower_components/purescript-prelude/src/Prelude.purs","end":[30,68]},{"Ident":"unless"}]},{"ValueRef":[{"start":[30,70],"name":"/home/stpl/Desktop/purs/Main-Project/bower_components/purescript-prelude/src/Prelude.purs","end":[30,74]},{"Ident":"when"}]}]},"eiImportedAs":null},{"eiModule":["Control","Apply"],"eiImportType":{"Explicit":[{"TypeClassRef":[{"start":[31,23],"name":"/home/stpl/Desktop/purs/Main-Project/bower_components/purescript-prelude/src/Prelude.purs","end":[31,34]},"Apply"]},{"ValueRef":[{"start":[31,36],"name":"/home/stpl/Desktop/purs/Main-Project/bower_components/purescript-prelude/src/Prelude.purs","end":[31,41]},{"Ident":"apply"}]},{"ValueOpRef":[{"start":[31,43],"name":"/home/stpl/Desktop/purs/Main-Project/bower_components/purescript-prelude/src/Prelude.purs","end":[31,47]},"*>"]},{"ValueOpRef":[{"start":[31,49],"name":"/home/stpl/Desktop/purs/Main-Project/bower_components/purescript-prelude/src/Prelude.purs","end":[31,53]},"<*"]},{"ValueOpRef":[{"start":[31,55],"name":"/home/stpl/Desktop/purs/Main-Project/bower_components/purescript-prelude/src/Prelude.purs","end":[31,60]},"<*>"]}]},"eiImportedAs":null},{"eiModule":["Control","Bind"],"eiImportType":{"Explicit":[{"TypeClassRef":[{"start":[32,22],"name":"/home/stpl/Desktop/purs/Main-Project/bower_components/purescript-prelude/src/Prelude.purs","end":[32,32]},"Bind"]},{"ValueRef":[{"start":[32,34],"name":"/home/stpl/Desktop/purs/Main-Project/bower_components/purescript-prelude/src/Prelude.purs","end":[32,38]},{"Ident":"bind"}]},{"TypeClassRef":[{"start":[32,40],"name":"/home/stpl/Desktop/purs/Main-Project/bower_components/purescript-prelude/src/Prelude.purs","end":[32,53]},"Discard"]},{"ValueRef":[{"start":[32,55],"name":"/home/stpl/Desktop/purs/Main-Project/bower_components/purescript-prelude/src/Prelude.purs","end":[32,62]},{"Ident":"discard"}]},{"ValueRef":[{"start":[32,64],"name":"/home/stpl/Desktop/purs/Main-Project/bower_components/purescript-prelude/src/Prelude.purs","end":[32,67]},{"Ident":"ifM"}]},{"ValueRef":[{"start":[32,69],"name":"/home/stpl/Desktop/purs/Main-Project/bower_components/purescript-prelude/src/Prelude.purs","end":[32,73]},{"Ident":"join"}]},{"ValueOpRef":[{"start":[32,75],"name":"/home/stpl/Desktop/purs/Main-Project/bower_components/purescript-prelude/src/Prelude.purs","end":[32,80]},"<=<"]},{"ValueOpRef":[{"start":[32,82],"name":"/home/stpl/Desktop/purs/Main-Project/bower_components/purescript-prelude/src/Prelude.purs","end":[32,87]},"=<<"]},{"ValueOpRef":[{"start":[32,89],"name":"/home/stpl/Desktop/purs/Main-Project/bower_components/purescript-prelude/src/Prelude.purs","end":[32,94]},">=>"]},{"ValueOpRef":[{"start":[32,96],"name":"/home/stpl/Desktop/purs/Main-Project/bower_components/purescript-prelude/src/Prelude.purs","end":[32,101]},">>="]}]},"eiImportedAs":null},{"eiModule":["Control","Category"],"eiImportType":{"Explicit":[{"TypeClassRef":[{"start":[33,26],"name":"/home/stpl/Desktop/purs/Main-Project/bower_components/purescript-prelude/src/Prelude.purs","end":[33,40]},"Category"]},{"ValueRef":[{"start":[33,42],"name":"/home/stpl/Desktop/purs/Main-Project/bower_components/purescript-prelude/src/Prelude.purs","end":[33,44]},{"Ident":"id"}]}]},"eiImportedAs":null},{"eiModule":["Control","Monad"],"eiImportType":{"Explicit":[{"TypeClassRef":[{"start":[34,23],"name":"/home/stpl/Desktop/purs/Main-Project/bower_components/purescript-prelude/src/Prelude.purs","end":[34,34]},"Monad"]},{"ValueRef":[{"start":[34,36],"name":"/home/stpl/Desktop/purs/Main-Project/bower_components/purescript-prelude/src/Prelude.purs","end":[34,38]},{"Ident":"ap"}]},{"ValueRef":[{"start":[34,40],"name":"/home/stpl/Desktop/purs/Main-Project/bower_components/purescript-prelude/src/Prelude.purs","end":[34,46]},{"Ident":"liftM1"}]},{"ValueRef":[{"start":[34,48],"name":"/home/stpl/Desktop/purs/Main-Project/bower_components/purescript-prelude/src/Prelude.purs","end":[34,55]},{"Ident":"unlessM"}]},{"ValueRef":[{"start":[34,57],"name":"/home/stpl/Desktop/purs/Main-Project/bower_components/purescript-prelude/src/Prelude.purs","end":[34,62]},{"Ident":"whenM"}]}]},"eiImportedAs":null},{"eiModule":["Control","Semigroupoid"],"eiImportType":{"Explicit":[{"TypeClassRef":[{"start":[35,30],"name":"/home/stpl/Desktop/purs/Main-Project/bower_components/purescript-prelude/src/Prelude.purs","end":[35,48]},"Semigroupoid"]},{"ValueRef":[{"start":[35,50],"name":"/home/stpl/Desktop/purs/Main-Project/bower_components/purescript-prelude/src/Prelude.purs","end":[35,57]},{"Ident":"compose"}]},{"ValueOpRef":[{"start":[35,59],"name":"/home/stpl/Desktop/purs/Main-Project/bower_components/purescript-prelude/src/Prelude.purs","end":[35,64]},"<<<"]},{"ValueOpRef":[{"start":[35,66],"name":"/home/stpl/Desktop/purs/Main-Project/bower_components/purescript-prelude/src/Prelude.purs","end":[35,71]},">>>"]}]},"eiImportedAs":null},{"eiModule":["Data","Boolean"],"eiImportType":{"Explicit":[{"ValueRef":[{"start":[37,22],"name":"/home/stpl/Desktop/purs/Main-Project/bower_components/purescript-prelude/src/Prelude.purs","end":[37,31]},{"Ident":"otherwise"}]}]},"eiImportedAs":null},{"eiModule":["Data","BooleanAlgebra"],"eiImportType":{"Explicit":[{"TypeClassRef":[{"start":[38,29],"name":"/home/stpl/Desktop/purs/Main-Project/bower_components/purescript-prelude/src/Prelude.purs","end":[38,49]},"BooleanAlgebra"]}]},"eiImportedAs":null},{"eiModule":["Data","Bounded"],"eiImportType":{"Explicit":[{"TypeClassRef":[{"start":[39,22],"name":"/home/stpl/Desktop/purs/Main-Project/bower_components/purescript-prelude/src/Prelude.purs","end":[39,35]},"Bounded"]},{"ValueRef":[{"start":[39,37],"name":"/home/stpl/Desktop/purs/Main-Project/bower_components/purescript-prelude/src/Prelude.purs","end":[39,43]},{"Ident":"bottom"}]},{"ValueRef":[{"start":[39,45],"name":"/home/stpl/Desktop/purs/Main-Project/bower_components/purescript-prelude/src/Prelude.purs","end":[39,48]},{"Ident":"top"}]}]},"eiImportedAs":null},{"eiModule":["Data","CommutativeRing"],"eiImportType":{"Explicit":[{"TypeClassRef":[{"start":[40,30],"name":"/home/stpl/Desktop/purs/Main-Project/bower_components/purescript-prelude/src/Prelude.purs","end":[40,51]},"CommutativeRing"]}]},"eiImportedAs":null},{"eiModule":["Data","DivisionRing"],"eiImportType":{"Explicit":[{"TypeClassRef":[{"start":[41,27],"name":"/home/stpl/Desktop/purs/Main-Project/bower_components/purescript-prelude/src/Prelude.purs","end":[41,45]},"DivisionRing"]},{"ValueRef":[{"start":[41,47],"name":"/home/stpl/Desktop/purs/Main-Project/bower_components/purescript-prelude/src/Prelude.purs","end":[41,52]},{"Ident":"recip"}]}]},"eiImportedAs":null},{"eiModule":["Data","Eq"],"eiImportType":{"Explicit":[{"TypeClassRef":[{"start":[42,17],"name":"/home/stpl/Desktop/purs/Main-Project/bower_components/purescript-prelude/src/Prelude.purs","end":[42,25]},"Eq"]},{"ValueRef":[{"start":[42,27],"name":"/home/stpl/Desktop/purs/Main-Project/bower_components/purescript-prelude/src/Prelude.purs","end":[42,29]},{"Ident":"eq"}]},{"ValueRef":[{"start":[42,31],"name":"/home/stpl/Desktop/purs/Main-Project/bower_components/purescript-prelude/src/Prelude.purs","end":[42,36]},{"Ident":"notEq"}]},{"ValueOpRef":[{"start":[42,38],"name":"/home/stpl/Desktop/purs/Main-Project/bower_components/purescript-prelude/src/Prelude.purs","end":[42,42]},"/="]},{"ValueOpRef":[{"start":[42,44],"name":"/home/stpl/Desktop/purs/Main-Project/bower_components/purescript-prelude/src/Prelude.purs","end":[42,48]},"=="]}]},"eiImportedAs":null},{"eiModule":["Data","EuclideanRing"],"eiImportType":{"Explicit":[{"TypeClassRef":[{"start":[43,28],"name":"/home/stpl/Desktop/purs/Main-Project/bower_components/purescript-prelude/src/Prelude.purs","end":[43,47]},"EuclideanRing"]},{"ValueRef":[{"start":[43,49],"name":"/home/stpl/Desktop/purs/Main-Project/bower_components/purescript-prelude/src/Prelude.purs","end":[43,55]},{"Ident":"degree"}]},{"ValueRef":[{"start":[43,57],"name":"/home/stpl/Desktop/purs/Main-Project/bower_components/purescript-prelude/src/Prelude.purs","end":[43,60]},{"Ident":"div"}]},{"ValueRef":[{"start":[43,62],"name":"/home/stpl/Desktop/purs/Main-Project/bower_components/purescript-prelude/src/Prelude.purs","end":[43,65]},{"Ident":"mod"}]},{"ValueOpRef":[{"start":[43,67],"name":"/home/stpl/Desktop/purs/Main-Project/bower_components/purescript-prelude/src/Prelude.purs","end":[43,70]},"/"]},{"ValueRef":[{"start":[43,72],"name":"/home/stpl/Desktop/purs/Main-Project/bower_components/purescript-prelude/src/Prelude.purs","end":[43,75]},{"Ident":"gcd"}]},{"ValueRef":[{"start":[43,77],"name":"/home/stpl/Desktop/purs/Main-Project/bower_components/purescript-prelude/src/Prelude.purs","end":[43,80]},{"Ident":"lcm"}]}]},"eiImportedAs":null},{"eiModule":["Data","Field"],"eiImportType":{"Explicit":[{"TypeClassRef":[{"start":[44,20],"name":"/home/stpl/Desktop/purs/Main-Project/bower_components/purescript-prelude/src/Prelude.purs","end":[44,31]},"Field"]}]},"eiImportedAs":null},{"eiModule":["Data","Function"],"eiImportType":{"Explicit":[{"ValueRef":[{"start":[45,23],"name":"/home/stpl/Desktop/purs/Main-Project/bower_components/purescript-prelude/src/Prelude.purs","end":[45,28]},{"Ident":"const"}]},{"ValueRef":[{"start":[45,30],"name":"/home/stpl/Desktop/purs/Main-Project/bower_components/purescript-prelude/src/Prelude.purs","end":[45,34]},{"Ident":"flip"}]},{"ValueOpRef":[{"start":[45,36],"name":"/home/stpl/Desktop/purs/Main-Project/bower_components/purescript-prelude/src/Prelude.purs","end":[45,39]},"$"]},{"ValueOpRef":[{"start":[45,41],"name":"/home/stpl/Desktop/purs/Main-Project/bower_components/purescript-prelude/src/Prelude.purs","end":[45,44]},"#"]}]},"eiImportedAs":null},{"eiModule":["Data","Functor"],"eiImportType":{"Explicit":[{"TypeClassRef":[{"start":[46,22],"name":"/home/stpl/Desktop/purs/Main-Project/bower_components/purescript-prelude/src/Prelude.purs","end":[46,35]},"Functor"]},{"ValueRef":[{"start":[46,37],"name":"/home/stpl/Desktop/purs/Main-Project/bower_components/purescript-prelude/src/Prelude.purs","end":[46,41]},{"Ident":"flap"}]},{"ValueRef":[{"start":[46,43],"name":"/home/stpl/Desktop/purs/Main-Project/bower_components/purescript-prelude/src/Prelude.purs","end":[46,46]},{"Ident":"map"}]},{"ValueRef":[{"start":[46,48],"name":"/home/stpl/Desktop/purs/Main-Project/bower_components/purescript-prelude/src/Prelude.purs","end":[46,52]},{"Ident":"void"}]},{"ValueOpRef":[{"start":[46,54],"name":"/home/stpl/Desktop/purs/Main-Project/bower_components/purescript-prelude/src/Prelude.purs","end":[46,58]},"$>"]},{"ValueOpRef":[{"start":[46,60],"name":"/home/stpl/Desktop/purs/Main-Project/bower_components/purescript-prelude/src/Prelude.purs","end":[46,65]},"<#>"]},{"ValueOpRef":[{"start":[46,67],"name":"/home/stpl/Desktop/purs/Main-Project/bower_components/purescript-prelude/src/Prelude.purs","end":[46,71]},"<$"]},{"ValueOpRef":[{"start":[46,73],"name":"/home/stpl/Desktop/purs/Main-Project/bower_components/purescript-prelude/src/Prelude.purs","end":[46,78]},"<$>"]},{"ValueOpRef":[{"start":[46,80],"name":"/home/stpl/Desktop/purs/Main-Project/bower_components/purescript-prelude/src/Prelude.purs","end":[46,85]},"<@>"]}]},"eiImportedAs":null},{"eiModule":["Data","HeytingAlgebra"],"eiImportType":{"Explicit":[{"TypeClassRef":[{"start":[47,29],"name":"/home/stpl/Desktop/purs/Main-Project/bower_components/purescript-prelude/src/Prelude.purs","end":[47,49]},"HeytingAlgebra"]},{"ValueRef":[{"start":[47,51],"name":"/home/stpl/Desktop/purs/Main-Project/bower_components/purescript-prelude/src/Prelude.purs","end":[47,55]},{"Ident":"conj"}]},{"ValueRef":[{"start":[47,57],"name":"/home/stpl/Desktop/purs/Main-Project/bower_components/purescript-prelude/src/Prelude.purs","end":[47,61]},{"Ident":"disj"}]},{"ValueRef":[{"start":[47,63],"name":"/home/stpl/Desktop/purs/Main-Project/bower_components/purescript-prelude/src/Prelude.purs","end":[47,66]},{"Ident":"not"}]},{"ValueOpRef":[{"start":[47,68],"name":"/home/stpl/Desktop/purs/Main-Project/bower_components/purescript-prelude/src/Prelude.purs","end":[47,72]},"&&"]},{"ValueOpRef":[{"start":[47,74],"name":"/home/stpl/Desktop/purs/Main-Project/bower_components/purescript-prelude/src/Prelude.purs","end":[47,78]},"||"]}]},"eiImportedAs":null},{"eiModule":["Data","NaturalTransformation"],"eiImportType":{"Explicit":[{"TypeOpRef":[{"start":[48,36],"name":"/home/stpl/Desktop/purs/Main-Project/bower_components/purescript-prelude/src/Prelude.purs","end":[48,45]},"~>"]}]},"eiImportedAs":null},{"eiModule":["Data","Ord"],"eiImportType":{"Explicit":[{"TypeClassRef":[{"start":[49,18],"name":"/home/stpl/Desktop/purs/Main-Project/bower_components/purescript-prelude/src/Prelude.purs","end":[49,27]},"Ord"]},{"ValueRef":[{"start":[49,29],"name":"/home/stpl/Desktop/purs/Main-Project/bower_components/purescript-prelude/src/Prelude.purs","end":[49,36]},{"Ident":"compare"}]},{"ValueOpRef":[{"start":[49,38],"name":"/home/stpl/Desktop/purs/Main-Project/bower_components/purescript-prelude/src/Prelude.purs","end":[49,41]},"<"]},{"ValueOpRef":[{"start":[49,43],"name":"/home/stpl/Desktop/purs/Main-Project/bower_components/purescript-prelude/src/Prelude.purs","end":[49,47]},"<="]},{"ValueOpRef":[{"start":[49,49],"name":"/home/stpl/Desktop/purs/Main-Project/bower_components/purescript-prelude/src/Prelude.purs","end":[49,52]},">"]},{"ValueOpRef":[{"start":[49,54],"name":"/home/stpl/Desktop/purs/Main-Project/bower_components/purescript-prelude/src/Prelude.purs","end":[49,58]},">="]},{"ValueRef":[{"start":[49,60],"name":"/home/stpl/Desktop/purs/Main-Project/bower_components/purescript-prelude/src/Prelude.purs","end":[49,69]},{"Ident":"comparing"}]},{"ValueRef":[{"start":[49,71],"name":"/home/stpl/Desktop/purs/Main-Project/bower_components/purescript-prelude/src/Prelude.purs","end":[49,74]},{"Ident":"min"}]},{"ValueRef":[{"start":[49,76],"name":"/home/stpl/Desktop/purs/Main-Project/bower_components/purescript-prelude/src/Prelude.purs","end":[49,79]},{"Ident":"max"}]},{"ValueRef":[{"start":[49,81],"name":"/home/stpl/Desktop/purs/Main-Project/bower_components/purescript-prelude/src/Prelude.purs","end":[49,86]},{"Ident":"clamp"}]},{"ValueRef":[{"start":[49,88],"name":"/home/stpl/Desktop/purs/Main-Project/bower_components/purescript-prelude/src/Prelude.purs","end":[49,95]},{"Ident":"between"}]}]},"eiImportedAs":null},{"eiModule":["Data","Ordering"],"eiImportType":{"Explicit":[{"TypeRef":[{"start":[50,23],"name":"/home/stpl/Desktop/purs/Main-Project/bower_components/purescript-prelude/src/Prelude.purs","end":[50,35]},"Ordering",null]}]},"eiImportedAs":null},{"eiModule":["Data","Ring"],"eiImportType":{"Explicit":[{"TypeClassRef":[{"start":[51,19],"name":"/home/stpl/Desktop/purs/Main-Project/bower_components/purescript-prelude/src/Prelude.purs","end":[51,29]},"Ring"]},{"ValueRef":[{"start":[51,31],"name":"/home/stpl/Desktop/purs/Main-Project/bower_components/purescript-prelude/src/Prelude.purs","end":[51,37]},{"Ident":"negate"}]},{"ValueRef":[{"start":[51,39],"name":"/home/stpl/Desktop/purs/Main-Project/bower_components/purescript-prelude/src/Prelude.purs","end":[51,42]},{"Ident":"sub"}]},{"ValueOpRef":[{"start":[51,44],"name":"/home/stpl/Desktop/purs/Main-Project/bower_components/purescript-prelude/src/Prelude.purs","end":[51,47]},"-"]}]},"eiImportedAs":null},{"eiModule":["Data","Semigroup"],"eiImportType":{"Explicit":[{"TypeClassRef":[{"start":[52,24],"name":"/home/stpl/Desktop/purs/Main-Project/bower_components/purescript-prelude/src/Prelude.purs","end":[52,39]},"Semigroup"]},{"ValueRef":[{"start":[52,41],"name":"/home/stpl/Desktop/purs/Main-Project/bower_components/purescript-prelude/src/Prelude.purs","end":[52,47]},{"Ident":"append"}]},{"ValueOpRef":[{"start":[52,49],"name":"/home/stpl/Desktop/purs/Main-Project/bower_components/purescript-prelude/src/Prelude.purs","end":[52,53]},"<>"]}]},"eiImportedAs":null},{"eiModule":["Data","Semiring"],"eiImportType":{"Explicit":[{"TypeClassRef":[{"start":[53,23],"name":"/home/stpl/Desktop/purs/Main-Project/bower_components/purescript-prelude/src/Prelude.purs","end":[53,37]},"Semiring"]},{"ValueRef":[{"start":[53,39],"name":"/home/stpl/Desktop/purs/Main-Project/bower_components/purescript-prelude/src/Prelude.purs","end":[53,42]},{"Ident":"add"}]},{"ValueRef":[{"start":[53,44],"name":"/home/stpl/Desktop/purs/Main-Project/bower_components/purescript-prelude/src/Prelude.purs","end":[53,47]},{"Ident":"mul"}]},{"ValueRef":[{"start":[53,49],"name":"/home/stpl/Desktop/purs/Main-Project/bower_components/purescript-prelude/src/Prelude.purs","end":[53,52]},{"Ident":"one"}]},{"ValueRef":[{"start":[53,54],"name":"/home/stpl/Desktop/purs/Main-Project/bower_components/purescript-prelude/src/Prelude.purs","end":[53,58]},{"Ident":"zero"}]},{"ValueOpRef":[{"start":[53,60],"name":"/home/stpl/Desktop/purs/Main-Project/bower_components/purescript-prelude/src/Prelude.purs","end":[53,63]},"*"]},{"ValueOpRef":[{"start":[53,65],"name":"/home/stpl/Desktop/purs/Main-Project/bower_components/purescript-prelude/src/Prelude.purs","end":[53,68]},"+"]}]},"eiImportedAs":null},{"eiModule":["Data","Show"],"eiImportType":{"Explicit":[{"TypeClassRef":[{"start":[54,19],"name":"/home/stpl/Desktop/purs/Main-Project/bower_components/purescript-prelude/src/Prelude.purs","end":[54,29]},"Show"]},{"ValueRef":[{"start":[54,31],"name":"/home/stpl/Desktop/purs/Main-Project/bower_components/purescript-prelude/src/Prelude.purs","end":[54,35]},{"Ident":"show"}]}]},"eiImportedAs":null},{"eiModule":["Data","Unit"],"eiImportType":{"Explicit":[{"TypeRef":[{"start":[55,19],"name":"/home/stpl/Desktop/purs/Main-Project/bower_components/purescript-prelude/src/Prelude.purs","end":[55,23]},"Unit",[]]},{"ValueRef":[{"start":[55,25],"name":"/home/stpl/Desktop/purs/Main-Project/bower_components/purescript-prelude/src/Prelude.purs","end":[55,29]},{"Ident":"unit"}]}]},"eiImportedAs":null},{"eiModule":["Data","Void"],"eiImportType":{"Explicit":[{"TypeRef":[{"start":[56,19],"name":"/home/stpl/Desktop/purs/Main-Project/bower_components/purescript-prelude/src/Prelude.purs","end":[56,23]},"Void",[]]},{"ValueRef":[{"start":[56,25],"name":"/home/stpl/Desktop/purs/Main-Project/bower_components/purescript-prelude/src/Prelude.purs","end":[56,31]},{"Ident":"absurd"}]}]},"eiImportedAs":null}],"efFixities":[],"efTypeFixities":[],"efDeclarations":[],"efSourceSpan":{"start":[1,1],"name":"/home/stpl/Desktop/purs/Main-Project/bower_components/purescript-prelude/src/Prelude.purs","end":[56,31]}}