{"efVersion":"0.11.7","efModuleName":["Draw","Samples"],"efExports":[{"ValueRef":[{"start":[1,1],"name":"/home/stpl/Desktop/purs/MainRebuilt/src/Draw/Samples.purs","end":[33,10]},{"Ident":"draw_init"}]}],"efImports":[{"eiModule":["Prim"],"eiImportType":{"Implicit":[]},"eiImportedAs":["Prim"]},{"eiModule":["Prim"],"eiImportType":{"Implicit":[]},"eiImportedAs":null},{"eiModule":["Prelude"],"eiImportType":{"Implicit":[]},"eiImportedAs":null},{"eiModule":["Control","Monad","Eff"],"eiImportType":{"Explicit":[{"TypeRef":[{"start":[3,28],"name":"/home/stpl/Desktop/purs/MainRebuilt/src/Draw/Samples.purs","end":[3,31]},"Eff",[]]}]},"eiImportedAs":null},{"eiModule":["Graphics","Canvas"],"eiImportType":{"Implicit":[]},"eiImportedAs":null},{"eiModule":["Data","Maybe"],"eiImportType":{"Explicit":[{"TypeRef":[{"start":[5,21],"name":"/home/stpl/Desktop/purs/MainRebuilt/src/Draw/Samples.purs","end":[5,32]},"Maybe",["Just"]]}]},"eiImportedAs":null},{"eiModule":["Partial","Unsafe"],"eiImportType":{"Explicit":[{"ValueRef":[{"start":[6,25],"name":"/home/stpl/Desktop/purs/MainRebuilt/src/Draw/Samples.purs","end":[6,38]},{"Ident":"unsafePartial"}]}]},"eiImportedAs":null},{"eiModule":["Math"],"eiImportType":{"Implicit":[]},"eiImportedAs":null},{"eiModule":["DrawExtras"],"eiImportType":{"Implicit":[]},"eiImportedAs":null}],"efFixities":[],"efTypeFixities":[],"efDeclarations":[{"EDValue":{"edValueName":{"Ident":"draw_init"},"edValueType":{"tag":"ForAll","contents":["a",{"tag":"TypeApp","contents":[{"tag":"TypeApp","contents":[{"tag":"TypeConstructor","contents":[["Prim"],"Function"]},{"tag":"TypeConstructor","contents":[["Graphics","Canvas"],"Context2D"]}]},{"tag":"TypeApp","contents":[{"tag":"TypeApp","contents":[{"tag":"TypeConstructor","contents":[["Control","Monad","Eff"],"Eff"]},{"tag":"RCons","contents":["canvas",{"tag":"TypeConstructor","contents":[["Graphics","Canvas"],"CANVAS"]},{"tag":"TypeVar","contents":"a"}]}]},{"tag":"TypeConstructor","contents":[["Data","Unit"],"Unit"]}]}]},0]}}}],"efSourceSpan":{"start":[1,1],"name":"/home/stpl/Desktop/purs/MainRebuilt/src/Draw/Samples.purs","end":[33,10]}}