{"efVersion":"0.11.7","efModuleName":["Control","Monad","Trampoline"],"efExports":[{"TypeRef":[{"start":[1,1],"name":"/home/stpl/Desktop/purs/MainRebuilt/bower_components/purescript-free/src/Control/Monad/Trampoline.purs","end":[44,25]},"Trampoline",[]]},{"ValueRef":[{"start":[1,1],"name":"/home/stpl/Desktop/purs/MainRebuilt/bower_components/purescript-free/src/Control/Monad/Trampoline.purs","end":[44,25]},{"Ident":"done"}]},{"ValueRef":[{"start":[1,1],"name":"/home/stpl/Desktop/purs/MainRebuilt/bower_components/purescript-free/src/Control/Monad/Trampoline.purs","end":[44,25]},{"Ident":"suspend"}]},{"ValueRef":[{"start":[1,1],"name":"/home/stpl/Desktop/purs/MainRebuilt/bower_components/purescript-free/src/Control/Monad/Trampoline.purs","end":[44,25]},{"Ident":"delay'"}]},{"ValueRef":[{"start":[1,1],"name":"/home/stpl/Desktop/purs/MainRebuilt/bower_components/purescript-free/src/Control/Monad/Trampoline.purs","end":[44,25]},{"Ident":"delay"}]},{"ValueRef":[{"start":[1,1],"name":"/home/stpl/Desktop/purs/MainRebuilt/bower_components/purescript-free/src/Control/Monad/Trampoline.purs","end":[44,25]},{"Ident":"runTrampoline"}]}],"efImports":[{"eiModule":["Prim"],"eiImportType":{"Implicit":[]},"eiImportedAs":["Prim"]},{"eiModule":["Prim"],"eiImportType":{"Implicit":[]},"eiImportedAs":null},{"eiModule":["Prelude"],"eiImportType":{"Implicit":[]},"eiImportedAs":null},{"eiModule":["Control","Monad","Free"],"eiImportType":{"Explicit":[{"TypeRef":[{"start":[16,28],"name":"/home/stpl/Desktop/purs/MainRebuilt/bower_components/purescript-free/src/Control/Monad/Trampoline.purs","end":[16,32]},"Free",[]]},{"ValueRef":[{"start":[16,34],"name":"/home/stpl/Desktop/purs/MainRebuilt/bower_components/purescript-free/src/Control/Monad/Trampoline.purs","end":[16,39]},{"Ident":"liftF"}]},{"ValueRef":[{"start":[16,41],"name":"/home/stpl/Desktop/purs/MainRebuilt/bower_components/purescript-free/src/Control/Monad/Trampoline.purs","end":[16,48]},{"Ident":"runFree"}]},{"ValueRef":[{"start":[16,50],"name":"/home/stpl/Desktop/purs/MainRebuilt/bower_components/purescript-free/src/Control/Monad/Trampoline.purs","end":[16,58]},{"Ident":"suspendF"}]}]},"eiImportedAs":null},{"eiModule":["Data","Lazy"],"eiImportType":{"Explicit":[{"TypeRef":[{"start":[18,19],"name":"/home/stpl/Desktop/purs/MainRebuilt/bower_components/purescript-free/src/Control/Monad/Trampoline.purs","end":[18,23]},"Lazy",[]]},{"ValueRef":[{"start":[18,25],"name":"/home/stpl/Desktop/purs/MainRebuilt/bower_components/purescript-free/src/Control/Monad/Trampoline.purs","end":[18,30]},{"Ident":"force"}]},{"ValueRef":[{"start":[18,32],"name":"/home/stpl/Desktop/purs/MainRebuilt/bower_components/purescript-free/src/Control/Monad/Trampoline.purs","end":[18,37]},{"Ident":"defer"}]}]},"eiImportedAs":null}],"efFixities":[],"efTypeFixities":[],"efDeclarations":[{"EDType":{"edTypeName":"Trampoline","edTypeKind":{"tag":"FunKind","contents":[{"tag":"NamedKind","contents":[["Prim"],"Type"]},{"tag":"NamedKind","contents":[["Prim"],"Type"]}]},"edTypeDeclarationKind":"TypeSynonym"}},{"EDTypeSynonym":{"edTypeSynonymName":"Trampoline","edTypeSynonymArguments":[],"edTypeSynonymType":{"tag":"TypeApp","contents":[{"tag":"TypeConstructor","contents":[["Control","Monad","Free"],"Free"]},{"tag":"TypeConstructor","contents":[["Data","Lazy"],"Lazy"]}]}}},{"EDValue":{"edValueName":{"Ident":"done"},"edValueType":{"tag":"ForAll","contents":["a",{"tag":"TypeApp","contents":[{"tag":"TypeApp","contents":[{"tag":"TypeConstructor","contents":[["Prim"],"Function"]},{"tag":"TypeVar","contents":"a"}]},{"tag":"TypeApp","contents":[{"tag":"TypeApp","contents":[{"tag":"TypeConstructor","contents":[["Control","Monad","Free"],"Free"]},{"tag":"TypeConstructor","contents":[["Data","Lazy"],"Lazy"]}]},{"tag":"TypeVar","contents":"a"}]}]},5]}}},{"EDValue":{"edValueName":{"Ident":"suspend"},"edValueType":{"tag":"ForAll","contents":["a",{"tag":"TypeApp","contents":[{"tag":"TypeApp","contents":[{"tag":"TypeConstructor","contents":[["Prim"],"Function"]},{"tag":"TypeApp","contents":[{"tag":"TypeApp","contents":[{"tag":"TypeConstructor","contents":[["Control","Monad","Free"],"Free"]},{"tag":"TypeConstructor","contents":[["Data","Lazy"],"Lazy"]}]},{"tag":"TypeVar","contents":"a"}]}]},{"tag":"TypeApp","contents":[{"tag":"TypeApp","contents":[{"tag":"TypeConstructor","contents":[["Control","Monad","Free"],"Free"]},{"tag":"TypeConstructor","contents":[["Data","Lazy"],"Lazy"]}]},{"tag":"TypeVar","contents":"a"}]}]},0]}}},{"EDValue":{"edValueName":{"Ident":"delay'"},"edValueType":{"tag":"ForAll","contents":["a",{"tag":"TypeApp","contents":[{"tag":"TypeApp","contents":[{"tag":"TypeConstructor","contents":[["Prim"],"Function"]},{"tag":"TypeApp","contents":[{"tag":"TypeConstructor","contents":[["Data","Lazy"],"Lazy"]},{"tag":"TypeVar","contents":"a"}]}]},{"tag":"TypeApp","contents":[{"tag":"TypeApp","contents":[{"tag":"TypeConstructor","contents":[["Control","Monad","Free"],"Free"]},{"tag":"TypeConstructor","contents":[["Data","Lazy"],"Lazy"]}]},{"tag":"TypeVar","contents":"a"}]}]},7]}}},{"EDValue":{"edValueName":{"Ident":"delay"},"edValueType":{"tag":"ForAll","contents":["a",{"tag":"TypeApp","contents":[{"tag":"TypeApp","contents":[{"tag":"TypeConstructor","contents":[["Prim"],"Function"]},{"tag":"TypeApp","contents":[{"tag":"TypeApp","contents":[{"tag":"TypeConstructor","contents":[["Prim"],"Function"]},{"tag":"TypeConstructor","contents":[["Data","Unit"],"Unit"]}]},{"tag":"TypeVar","contents":"a"}]}]},{"tag":"TypeApp","contents":[{"tag":"TypeApp","contents":[{"tag":"TypeConstructor","contents":[["Control","Monad","Free"],"Free"]},{"tag":"TypeConstructor","contents":[["Data","Lazy"],"Lazy"]}]},{"tag":"TypeVar","contents":"a"}]}]},9]}}},{"EDValue":{"edValueName":{"Ident":"runTrampoline"},"edValueType":{"tag":"ForAll","contents":["a",{"tag":"TypeApp","contents":[{"tag":"TypeApp","contents":[{"tag":"TypeConstructor","contents":[["Prim"],"Function"]},{"tag":"TypeApp","contents":[{"tag":"TypeApp","contents":[{"tag":"TypeConstructor","contents":[["Control","Monad","Free"],"Free"]},{"tag":"TypeConstructor","contents":[["Data","Lazy"],"Lazy"]}]},{"tag":"TypeVar","contents":"a"}]}]},{"tag":"TypeVar","contents":"a"}]},2]}}}],"efSourceSpan":{"start":[1,1],"name":"/home/stpl/Desktop/purs/MainRebuilt/bower_components/purescript-free/src/Control/Monad/Trampoline.purs","end":[44,25]}}