{"efVersion":"0.11.7","efModuleName":["Data","Divide"],"efExports":[{"ValueRef":[{"start":[1,1],"name":"/home/stpl/Desktop/purs/MainRebuilt/bower_components/purescript-contravariant/src/Data/Divide.purs","end":[46,18]},{"Ident":"divide"}]},{"TypeClassRef":[{"start":[1,1],"name":"/home/stpl/Desktop/purs/MainRebuilt/bower_components/purescript-contravariant/src/Data/Divide.purs","end":[46,18]},"Divide"]},{"ValueRef":[{"start":[1,1],"name":"/home/stpl/Desktop/purs/MainRebuilt/bower_components/purescript-contravariant/src/Data/Divide.purs","end":[46,18]},{"Ident":"divided"}]},{"TypeInstanceRef":[{"start":[0,0],"name":"<generated>","end":[0,0]},{"Ident":"divideComparison"}]},{"TypeInstanceRef":[{"start":[0,0],"name":"<generated>","end":[0,0]},{"Ident":"divideEquivalence"}]},{"TypeInstanceRef":[{"start":[0,0],"name":"<generated>","end":[0,0]},{"Ident":"dividePredicate"}]},{"TypeInstanceRef":[{"start":[0,0],"name":"<generated>","end":[0,0]},{"Ident":"divideOp"}]}],"efImports":[{"eiModule":["Prim"],"eiImportType":{"Implicit":[]},"eiImportedAs":["Prim"]},{"eiModule":["Prim"],"eiImportType":{"Implicit":[]},"eiImportedAs":null},{"eiModule":["Prelude"],"eiImportType":{"Implicit":[]},"eiImportedAs":null},{"eiModule":["Data","Comparison"],"eiImportType":{"Explicit":[{"TypeRef":[{"start":[5,25],"name":"/home/stpl/Desktop/purs/MainRebuilt/bower_components/purescript-contravariant/src/Data/Divide.purs","end":[5,39]},"Comparison",null]}]},"eiImportedAs":null},{"eiModule":["Data","Equivalence"],"eiImportType":{"Explicit":[{"TypeRef":[{"start":[6,26],"name":"/home/stpl/Desktop/purs/MainRebuilt/bower_components/purescript-contravariant/src/Data/Divide.purs","end":[6,41]},"Equivalence",null]}]},"eiImportedAs":null},{"eiModule":["Data","Functor","Contravariant"],"eiImportType":{"Explicit":[{"TypeClassRef":[{"start":[7,36],"name":"/home/stpl/Desktop/purs/MainRebuilt/bower_components/purescript-contravariant/src/Data/Divide.purs","end":[7,55]},"Contravariant"]}]},"eiImportedAs":null},{"eiModule":["Data","Op"],"eiImportType":{"Explicit":[{"TypeRef":[{"start":[8,17],"name":"/home/stpl/Desktop/purs/MainRebuilt/bower_components/purescript-contravariant/src/Data/Divide.purs","end":[8,23]},"Op",null]}]},"eiImportedAs":null},{"eiModule":["Data","Predicate"],"eiImportType":{"Explicit":[{"TypeRef":[{"start":[9,24],"name":"/home/stpl/Desktop/purs/MainRebuilt/bower_components/purescript-contravariant/src/Data/Divide.purs","end":[9,37]},"Predicate",null]}]},"eiImportedAs":null},{"eiModule":["Data","Tuple"],"eiImportType":{"Explicit":[{"TypeRef":[{"start":[10,20],"name":"/home/stpl/Desktop/purs/MainRebuilt/bower_components/purescript-contravariant/src/Data/Divide.purs","end":[10,29]},"Tuple",null]}]},"eiImportedAs":null}],"efFixities":[],"efTypeFixities":[],"efDeclarations":[{"EDValue":{"edValueName":{"Ident":"divide"},"edValueType":{"tag":"ForAll","contents":["f",{"tag":"ForAll","contents":["c",{"tag":"ForAll","contents":["b",{"tag":"ForAll","contents":["a",{"tag":"ConstrainedType","contents":[{"constraintClass":[["Data","Divide"],"Divide"],"constraintArgs":[{"tag":"TypeVar","contents":"f"}],"constraintData":null},{"tag":"TypeApp","contents":[{"tag":"TypeApp","contents":[{"tag":"TypeConstructor","contents":[["Prim"],"Function"]},{"tag":"TypeApp","contents":[{"tag":"TypeApp","contents":[{"tag":"TypeConstructor","contents":[["Prim"],"Function"]},{"tag":"TypeVar","contents":"a"}]},{"tag":"TypeApp","contents":[{"tag":"TypeApp","contents":[{"tag":"TypeConstructor","contents":[["Data","Tuple"],"Tuple"]},{"tag":"TypeVar","contents":"b"}]},{"tag":"TypeVar","contents":"c"}]}]}]},{"tag":"TypeApp","contents":[{"tag":"TypeApp","contents":[{"tag":"TypeConstructor","contents":[["Prim"],"Function"]},{"tag":"TypeApp","contents":[{"tag":"TypeVar","contents":"f"},{"tag":"TypeVar","contents":"b"}]}]},{"tag":"TypeApp","contents":[{"tag":"TypeApp","contents":[{"tag":"TypeConstructor","contents":[["Prim"],"Function"]},{"tag":"TypeApp","contents":[{"tag":"TypeVar","contents":"f"},{"tag":"TypeVar","contents":"c"}]}]},{"tag":"TypeApp","contents":[{"tag":"TypeVar","contents":"f"},{"tag":"TypeVar","contents":"a"}]}]}]}]}]},34]},35]},36]},37]}}},{"EDType":{"edTypeName":"Divide","edTypeKind":{"tag":"FunKind","contents":[{"tag":"FunKind","contents":[{"tag":"NamedKind","contents":[["Prim"],"Type"]},{"tag":"NamedKind","contents":[["Prim"],"Type"]}]},{"tag":"NamedKind","contents":[["Prim"],"Type"]}]},"edTypeDeclarationKind":"TypeSynonym"}},{"EDTypeSynonym":{"edTypeSynonymName":"Divide","edTypeSynonymArguments":[["f",null]],"edTypeSynonymType":{"tag":"TypeApp","contents":[{"tag":"TypeConstructor","contents":[["Prim"],"Record"]},{"tag":"RCons","contents":["divide",{"tag":"ForAll","contents":["c",{"tag":"ForAll","contents":["b",{"tag":"ForAll","contents":["a",{"tag":"TypeApp","contents":[{"tag":"TypeApp","contents":[{"tag":"TypeConstructor","contents":[["Prim"],"Function"]},{"tag":"TypeApp","contents":[{"tag":"TypeApp","contents":[{"tag":"TypeConstructor","contents":[["Prim"],"Function"]},{"tag":"TypeVar","contents":"a"}]},{"tag":"TypeApp","contents":[{"tag":"TypeApp","contents":[{"tag":"TypeConstructor","contents":[["Data","Tuple"],"Tuple"]},{"tag":"TypeVar","contents":"b"}]},{"tag":"TypeVar","contents":"c"}]}]}]},{"tag":"TypeApp","contents":[{"tag":"TypeApp","contents":[{"tag":"TypeConstructor","contents":[["Prim"],"Function"]},{"tag":"TypeApp","contents":[{"tag":"TypeVar","contents":"f"},{"tag":"TypeVar","contents":"b"}]}]},{"tag":"TypeApp","contents":[{"tag":"TypeApp","contents":[{"tag":"TypeConstructor","contents":[["Prim"],"Function"]},{"tag":"TypeApp","contents":[{"tag":"TypeVar","contents":"f"},{"tag":"TypeVar","contents":"c"}]}]},{"tag":"TypeApp","contents":[{"tag":"TypeVar","contents":"f"},{"tag":"TypeVar","contents":"a"}]}]}]}]},null]},null]},null]},{"tag":"RCons","contents":["Contravariant0",{"tag":"TypeApp","contents":[{"tag":"TypeApp","contents":[{"tag":"TypeConstructor","contents":[["Prim"],"Function"]},{"tag":"TypeApp","contents":[{"tag":"TypeConstructor","contents":[["Prim"],"Record"]},{"tag":"REmpty"}]}]},{"tag":"TypeApp","contents":[{"tag":"TypeConstructor","contents":[["Data","Functor","Contravariant"],"Contravariant"]},{"tag":"TypeVar","contents":"f"}]}]},{"tag":"REmpty"}]}]}]}}},{"EDClass":{"edClassName":"Divide","edClassTypeArguments":[["f",null]],"edClassMembers":[[{"Ident":"divide"},{"tag":"ForAll","contents":["c",{"tag":"ForAll","contents":["b",{"tag":"ForAll","contents":["a",{"tag":"TypeApp","contents":[{"tag":"TypeApp","contents":[{"tag":"TypeConstructor","contents":[["Prim"],"Function"]},{"tag":"TypeApp","contents":[{"tag":"TypeApp","contents":[{"tag":"TypeConstructor","contents":[["Prim"],"Function"]},{"tag":"TypeVar","contents":"a"}]},{"tag":"TypeApp","contents":[{"tag":"TypeApp","contents":[{"tag":"TypeConstructor","contents":[["Data","Tuple"],"Tuple"]},{"tag":"TypeVar","contents":"b"}]},{"tag":"TypeVar","contents":"c"}]}]}]},{"tag":"TypeApp","contents":[{"tag":"TypeApp","contents":[{"tag":"TypeConstructor","contents":[["Prim"],"Function"]},{"tag":"TypeApp","contents":[{"tag":"TypeVar","contents":"f"},{"tag":"TypeVar","contents":"b"}]}]},{"tag":"TypeApp","contents":[{"tag":"TypeApp","contents":[{"tag":"TypeConstructor","contents":[["Prim"],"Function"]},{"tag":"TypeApp","contents":[{"tag":"TypeVar","contents":"f"},{"tag":"TypeVar","contents":"c"}]}]},{"tag":"TypeApp","contents":[{"tag":"TypeVar","contents":"f"},{"tag":"TypeVar","contents":"a"}]}]}]}]},null]},null]},null]}]],"edClassConstraints":[{"constraintClass":[["Data","Functor","Contravariant"],"Contravariant"],"constraintArgs":[{"tag":"TypeVar","contents":"f"}],"constraintData":null}],"edFunctionalDependencies":[]}},{"EDValue":{"edValueName":{"Ident":"divided"},"edValueType":{"tag":"ForAll","contents":["b",{"tag":"ForAll","contents":["a",{"tag":"ForAll","contents":["f",{"tag":"ConstrainedType","contents":[{"constraintClass":[["Data","Divide"],"Divide"],"constraintArgs":[{"tag":"TypeVar","contents":"f"}],"constraintData":null},{"tag":"TypeApp","contents":[{"tag":"TypeApp","contents":[{"tag":"TypeConstructor","contents":[["Prim"],"Function"]},{"tag":"TypeApp","contents":[{"tag":"TypeVar","contents":"f"},{"tag":"TypeVar","contents":"a"}]}]},{"tag":"TypeApp","contents":[{"tag":"TypeApp","contents":[{"tag":"TypeConstructor","contents":[["Prim"],"Function"]},{"tag":"TypeApp","contents":[{"tag":"TypeVar","contents":"f"},{"tag":"TypeVar","contents":"b"}]}]},{"tag":"TypeApp","contents":[{"tag":"TypeVar","contents":"f"},{"tag":"TypeApp","contents":[{"tag":"TypeApp","contents":[{"tag":"TypeConstructor","contents":[["Data","Tuple"],"Tuple"]},{"tag":"TypeVar","contents":"a"}]},{"tag":"TypeVar","contents":"b"}]}]}]}]}]},38]},39]},40]}}},{"EDInstance":{"edInstanceClassName":[["Data","Divide"],"Divide"],"edInstanceName":{"Ident":"divideComparison"},"edInstanceTypes":[{"tag":"TypeConstructor","contents":[["Data","Comparison"],"Comparison"]}],"edInstanceConstraints":[]}},{"EDInstance":{"edInstanceClassName":[["Data","Divide"],"Divide"],"edInstanceName":{"Ident":"divideEquivalence"},"edInstanceTypes":[{"tag":"TypeConstructor","contents":[["Data","Equivalence"],"Equivalence"]}],"edInstanceConstraints":[]}},{"EDInstance":{"edInstanceClassName":[["Data","Divide"],"Divide"],"edInstanceName":{"Ident":"dividePredicate"},"edInstanceTypes":[{"tag":"TypeConstructor","contents":[["Data","Predicate"],"Predicate"]}],"edInstanceConstraints":[]}},{"EDInstance":{"edInstanceClassName":[["Data","Divide"],"Divide"],"edInstanceName":{"Ident":"divideOp"},"edInstanceTypes":[{"tag":"TypeApp","contents":[{"tag":"TypeConstructor","contents":[["Data","Op"],"Op"]},{"tag":"TypeVar","contents":"r"}]}],"edInstanceConstraints":[{"constraintClass":[["Data","Semigroup"],"Semigroup"],"constraintArgs":[{"tag":"TypeVar","contents":"r"}],"constraintData":null}]}}],"efSourceSpan":{"start":[1,1],"name":"/home/stpl/Desktop/purs/MainRebuilt/bower_components/purescript-contravariant/src/Data/Divide.purs","end":[46,18]}}