{"efVersion":"0.11.7","efModuleName":["FFI","Util","Log"],"efExports":[{"ValueRef":[{"start":[1,1],"name":"/home/stpl/Desktop/purs/MainRebuilt/bower_components/purescript-ffi-utils/src/FFI/Util/Log.purs","end":[16,67]},{"Ident":"logAny"}]},{"ValueRef":[{"start":[1,1],"name":"/home/stpl/Desktop/purs/MainRebuilt/bower_components/purescript-ffi-utils/src/FFI/Util/Log.purs","end":[16,67]},{"Ident":"logObject"}]},{"ValueRef":[{"start":[1,1],"name":"/home/stpl/Desktop/purs/MainRebuilt/bower_components/purescript-ffi-utils/src/FFI/Util/Log.purs","end":[16,67]},{"Ident":"logStringify"}]}],"efImports":[{"eiModule":["Prim"],"eiImportType":{"Implicit":[]},"eiImportedAs":["Prim"]},{"eiModule":["Prim"],"eiImportType":{"Implicit":[]},"eiImportedAs":null},{"eiModule":["Prelude"],"eiImportType":{"Explicit":[{"TypeRef":[{"start":[3,17],"name":"/home/stpl/Desktop/purs/MainRebuilt/bower_components/purescript-ffi-utils/src/FFI/Util/Log.purs","end":[3,21]},"Unit",[]]}]},"eiImportedAs":null},{"eiModule":["Control","Monad","Eff"],"eiImportType":{"Explicit":[{"TypeRef":[{"start":[4,27],"name":"/home/stpl/Desktop/purs/MainRebuilt/bower_components/purescript-ffi-utils/src/FFI/Util/Log.purs","end":[4,30]},"Eff",[]]}]},"eiImportedAs":null},{"eiModule":["Control","Monad","Eff","Console"],"eiImportType":{"Explicit":[{"TypeRef":[{"start":[5,35],"name":"/home/stpl/Desktop/purs/MainRebuilt/bower_components/purescript-ffi-utils/src/FFI/Util/Log.purs","end":[5,42]},"CONSOLE",[]]}]},"eiImportedAs":null},{"eiModule":["Control","Monad","Eff","Exception"],"eiImportType":{"Explicit":[{"TypeRef":[{"start":[6,37],"name":"/home/stpl/Desktop/purs/MainRebuilt/bower_components/purescript-ffi-utils/src/FFI/Util/Log.purs","end":[6,46]},"EXCEPTION",[]]}]},"eiImportedAs":null}],"efFixities":[],"efTypeFixities":[],"efDeclarations":[{"EDValue":{"edValueName":{"Ident":"logAny"},"edValueType":{"tag":"ForAll","contents":["e",{"tag":"ForAll","contents":["a",{"tag":"TypeApp","contents":[{"tag":"TypeApp","contents":[{"tag":"TypeConstructor","contents":[["Prim"],"Function"]},{"tag":"TypeVar","contents":"a"}]},{"tag":"TypeApp","contents":[{"tag":"TypeApp","contents":[{"tag":"TypeConstructor","contents":[["Control","Monad","Eff"],"Eff"]},{"tag":"RCons","contents":["console",{"tag":"TypeConstructor","contents":[["Control","Monad","Eff","Console"],"CONSOLE"]},{"tag":"TypeVar","contents":"e"}]}]},{"tag":"TypeConstructor","contents":[["Data","Unit"],"Unit"]}]}]},null]},null]}}},{"EDValue":{"edValueName":{"Ident":"logObject"},"edValueType":{"tag":"ForAll","contents":["r",{"tag":"ForAll","contents":["e",{"tag":"TypeApp","contents":[{"tag":"TypeApp","contents":[{"tag":"TypeConstructor","contents":[["Prim"],"Function"]},{"tag":"TypeApp","contents":[{"tag":"TypeConstructor","contents":[["Prim"],"Record"]},{"tag":"TypeVar","contents":"r"}]}]},{"tag":"TypeApp","contents":[{"tag":"TypeApp","contents":[{"tag":"TypeConstructor","contents":[["Control","Monad","Eff"],"Eff"]},{"tag":"RCons","contents":["console",{"tag":"TypeConstructor","contents":[["Control","Monad","Eff","Console"],"CONSOLE"]},{"tag":"TypeVar","contents":"e"}]}]},{"tag":"TypeConstructor","contents":[["Data","Unit"],"Unit"]}]}]},null]},null]}}},{"EDValue":{"edValueName":{"Ident":"logStringify"},"edValueType":{"tag":"ForAll","contents":["r",{"tag":"ForAll","contents":["e",{"tag":"TypeApp","contents":[{"tag":"TypeApp","contents":[{"tag":"TypeConstructor","contents":[["Prim"],"Function"]},{"tag":"TypeApp","contents":[{"tag":"TypeConstructor","contents":[["Prim"],"Record"]},{"tag":"TypeVar","contents":"r"}]}]},{"tag":"TypeApp","contents":[{"tag":"TypeApp","contents":[{"tag":"TypeConstructor","contents":[["Control","Monad","Eff"],"Eff"]},{"tag":"RCons","contents":["console",{"tag":"TypeConstructor","contents":[["Control","Monad","Eff","Console"],"CONSOLE"]},{"tag":"RCons","contents":["err",{"tag":"TypeConstructor","contents":[["Control","Monad","Eff","Exception"],"EXCEPTION"]},{"tag":"TypeVar","contents":"e"}]}]}]},{"tag":"TypeConstructor","contents":[["Data","Unit"],"Unit"]}]}]},null]},null]}}}],"efSourceSpan":{"start":[1,1],"name":"/home/stpl/Desktop/purs/MainRebuilt/bower_components/purescript-ffi-utils/src/FFI/Util/Log.purs","end":[16,67]}}