{"efVersion":"0.11.7","efModuleName":["Data","Array","ST"],"efExports":[{"TypeRef":[{"start":[1,1],"name":"/home/stpl/Desktop/purs/Main-Project/bower_components/purescript-arrays/src/Data/Array/ST.purs","end":[138,43]},"STArray",[]]},{"TypeRef":[{"start":[1,1],"name":"/home/stpl/Desktop/purs/Main-Project/bower_components/purescript-arrays/src/Data/Array/ST.purs","end":[138,43]},"Assoc",[]]},{"ValueRef":[{"start":[1,1],"name":"/home/stpl/Desktop/purs/Main-Project/bower_components/purescript-arrays/src/Data/Array/ST.purs","end":[138,43]},{"Ident":"runSTArray"}]},{"ValueRef":[{"start":[1,1],"name":"/home/stpl/Desktop/purs/Main-Project/bower_components/purescript-arrays/src/Data/Array/ST.purs","end":[138,43]},{"Ident":"withArray"}]},{"ValueRef":[{"start":[1,1],"name":"/home/stpl/Desktop/purs/Main-Project/bower_components/purescript-arrays/src/Data/Array/ST.purs","end":[138,43]},{"Ident":"emptySTArray"}]},{"ValueRef":[{"start":[1,1],"name":"/home/stpl/Desktop/purs/Main-Project/bower_components/purescript-arrays/src/Data/Array/ST.purs","end":[138,43]},{"Ident":"peekSTArray"}]},{"ValueRef":[{"start":[1,1],"name":"/home/stpl/Desktop/purs/Main-Project/bower_components/purescript-arrays/src/Data/Array/ST.purs","end":[138,43]},{"Ident":"pokeSTArray"}]},{"ValueRef":[{"start":[1,1],"name":"/home/stpl/Desktop/purs/Main-Project/bower_components/purescript-arrays/src/Data/Array/ST.purs","end":[138,43]},{"Ident":"pushSTArray"}]},{"ValueRef":[{"start":[1,1],"name":"/home/stpl/Desktop/purs/Main-Project/bower_components/purescript-arrays/src/Data/Array/ST.purs","end":[138,43]},{"Ident":"modifySTArray"}]},{"ValueRef":[{"start":[1,1],"name":"/home/stpl/Desktop/purs/Main-Project/bower_components/purescript-arrays/src/Data/Array/ST.purs","end":[138,43]},{"Ident":"pushAllSTArray"}]},{"ValueRef":[{"start":[1,1],"name":"/home/stpl/Desktop/purs/Main-Project/bower_components/purescript-arrays/src/Data/Array/ST.purs","end":[138,43]},{"Ident":"spliceSTArray"}]},{"ValueRef":[{"start":[1,1],"name":"/home/stpl/Desktop/purs/Main-Project/bower_components/purescript-arrays/src/Data/Array/ST.purs","end":[138,43]},{"Ident":"freeze"}]},{"ValueRef":[{"start":[1,1],"name":"/home/stpl/Desktop/purs/Main-Project/bower_components/purescript-arrays/src/Data/Array/ST.purs","end":[138,43]},{"Ident":"thaw"}]},{"ValueRef":[{"start":[1,1],"name":"/home/stpl/Desktop/purs/Main-Project/bower_components/purescript-arrays/src/Data/Array/ST.purs","end":[138,43]},{"Ident":"unsafeFreeze"}]},{"ValueRef":[{"start":[1,1],"name":"/home/stpl/Desktop/purs/Main-Project/bower_components/purescript-arrays/src/Data/Array/ST.purs","end":[138,43]},{"Ident":"toAssocArray"}]}],"efImports":[{"eiModule":["Prim"],"eiImportType":{"Implicit":[]},"eiImportedAs":["Prim"]},{"eiModule":["Prim"],"eiImportType":{"Implicit":[]},"eiImportedAs":null},{"eiModule":["Prelude"],"eiImportType":{"Implicit":[]},"eiImportedAs":null},{"eiModule":["Control","Monad","Eff"],"eiImportType":{"Explicit":[{"TypeRef":[{"start":[23,27],"name":"/home/stpl/Desktop/purs/Main-Project/bower_components/purescript-arrays/src/Data/Array/ST.purs","end":[23,30]},"Eff",[]]}]},"eiImportedAs":null},{"eiModule":["Control","Monad","ST"],"eiImportType":{"Explicit":[{"TypeRef":[{"start":[24,26],"name":"/home/stpl/Desktop/purs/Main-Project/bower_components/purescript-arrays/src/Data/Array/ST.purs","end":[24,28]},"ST",[]]}]},"eiImportedAs":null},{"eiModule":["Data","Maybe"],"eiImportType":{"Explicit":[{"TypeRef":[{"start":[26,20],"name":"/home/stpl/Desktop/purs/Main-Project/bower_components/purescript-arrays/src/Data/Array/ST.purs","end":[26,29]},"Maybe",null]}]},"eiImportedAs":null},{"eiModule":["Unsafe","Coerce"],"eiImportType":{"Explicit":[{"ValueRef":[{"start":[27,23],"name":"/home/stpl/Desktop/purs/Main-Project/bower_components/purescript-arrays/src/Data/Array/ST.purs","end":[27,35]},{"Ident":"unsafeCoerce"}]}]},"eiImportedAs":null}],"efFixities":[],"efTypeFixities":[],"efDeclarations":[{"EDType":{"edTypeName":"STArray","edTypeKind":{"tag":"FunKind","contents":[{"tag":"NamedKind","contents":[["Prim"],"Type"]},{"tag":"FunKind","contents":[{"tag":"NamedKind","contents":[["Prim"],"Type"]},{"tag":"NamedKind","contents":[["Prim"],"Type"]}]}]},"edTypeDeclarationKind":"ExternData"}},{"EDType":{"edTypeName":"Assoc","edTypeKind":{"tag":"FunKind","contents":[{"tag":"NamedKind","contents":[["Prim"],"Type"]},{"tag":"NamedKind","contents":[["Prim"],"Type"]}]},"edTypeDeclarationKind":"TypeSynonym"}},{"EDTypeSynonym":{"edTypeSynonymName":"Assoc","edTypeSynonymArguments":[["a",{"tag":"NamedKind","contents":[["Prim"],"Type"]}]],"edTypeSynonymType":{"tag":"TypeApp","contents":[{"tag":"TypeConstructor","contents":[["Prim"],"Record"]},{"tag":"RCons","contents":["value",{"tag":"TypeVar","contents":"a"},{"tag":"RCons","contents":["index",{"tag":"TypeConstructor","contents":[["Prim"],"Int"]},{"tag":"REmpty"}]}]}]}}},{"EDValue":{"edValueName":{"Ident":"runSTArray"},"edValueType":{"tag":"ForAll","contents":["r",{"tag":"ForAll","contents":["a",{"tag":"TypeApp","contents":[{"tag":"TypeApp","contents":[{"tag":"TypeConstructor","contents":[["Prim"],"Function"]},{"tag":"ForAll","contents":["h",{"tag":"TypeApp","contents":[{"tag":"TypeApp","contents":[{"tag":"TypeConstructor","contents":[["Control","Monad","Eff"],"Eff"]},{"tag":"RCons","contents":["st",{"tag":"TypeApp","contents":[{"tag":"TypeConstructor","contents":[["Control","Monad","ST"],"ST"]},{"tag":"TypeVar","contents":"h"}]},{"tag":"TypeVar","contents":"r"}]}]},{"tag":"TypeApp","contents":[{"tag":"TypeApp","contents":[{"tag":"TypeConstructor","contents":[["Data","Array","ST"],"STArray"]},{"tag":"TypeVar","contents":"h"}]},{"tag":"TypeVar","contents":"a"}]}]},null]}]},{"tag":"TypeApp","contents":[{"tag":"TypeApp","contents":[{"tag":"TypeConstructor","contents":[["Control","Monad","Eff"],"Eff"]},{"tag":"TypeVar","contents":"r"}]},{"tag":"TypeApp","contents":[{"tag":"TypeConstructor","contents":[["Prim"],"Array"]},{"tag":"TypeVar","contents":"a"}]}]}]},null]},null]}}},{"EDValue":{"edValueName":{"Ident":"withArray"},"edValueType":{"tag":"ForAll","contents":["h",{"tag":"ForAll","contents":["r",{"tag":"ForAll","contents":["b",{"tag":"ForAll","contents":["a",{"tag":"TypeApp","contents":[{"tag":"TypeApp","contents":[{"tag":"TypeConstructor","contents":[["Prim"],"Function"]},{"tag":"TypeApp","contents":[{"tag":"TypeApp","contents":[{"tag":"TypeConstructor","contents":[["Prim"],"Function"]},{"tag":"TypeApp","contents":[{"tag":"TypeApp","contents":[{"tag":"TypeConstructor","contents":[["Data","Array","ST"],"STArray"]},{"tag":"TypeVar","contents":"h"}]},{"tag":"TypeVar","contents":"a"}]}]},{"tag":"TypeApp","contents":[{"tag":"TypeApp","contents":[{"tag":"TypeConstructor","contents":[["Control","Monad","Eff"],"Eff"]},{"tag":"RCons","contents":["st",{"tag":"TypeApp","contents":[{"tag":"TypeConstructor","contents":[["Control","Monad","ST"],"ST"]},{"tag":"TypeVar","contents":"h"}]},{"tag":"TypeVar","contents":"r"}]}]},{"tag":"TypeVar","contents":"b"}]}]}]},{"tag":"TypeApp","contents":[{"tag":"TypeApp","contents":[{"tag":"TypeConstructor","contents":[["Prim"],"Function"]},{"tag":"TypeApp","contents":[{"tag":"TypeConstructor","contents":[["Prim"],"Array"]},{"tag":"TypeVar","contents":"a"}]}]},{"tag":"TypeApp","contents":[{"tag":"TypeApp","contents":[{"tag":"TypeConstructor","contents":[["Control","Monad","Eff"],"Eff"]},{"tag":"RCons","contents":["st",{"tag":"TypeApp","contents":[{"tag":"TypeConstructor","contents":[["Control","Monad","ST"],"ST"]},{"tag":"TypeVar","contents":"h"}]},{"tag":"TypeVar","contents":"r"}]}]},{"tag":"TypeApp","contents":[{"tag":"TypeConstructor","contents":[["Prim"],"Array"]},{"tag":"TypeVar","contents":"a"}]}]}]}]},18]},19]},20]},21]}}},{"EDValue":{"edValueName":{"Ident":"emptySTArray"},"edValueType":{"tag":"ForAll","contents":["r",{"tag":"ForAll","contents":["h",{"tag":"ForAll","contents":["a",{"tag":"TypeApp","contents":[{"tag":"TypeApp","contents":[{"tag":"TypeConstructor","contents":[["Control","Monad","Eff"],"Eff"]},{"tag":"RCons","contents":["st",{"tag":"TypeApp","contents":[{"tag":"TypeConstructor","contents":[["Control","Monad","ST"],"ST"]},{"tag":"TypeVar","contents":"h"}]},{"tag":"TypeVar","contents":"r"}]}]},{"tag":"TypeApp","contents":[{"tag":"TypeApp","contents":[{"tag":"TypeConstructor","contents":[["Data","Array","ST"],"STArray"]},{"tag":"TypeVar","contents":"h"}]},{"tag":"TypeVar","contents":"a"}]}]},null]},null]},null]}}},{"EDValue":{"edValueName":{"Ident":"peekSTArray"},"edValueType":{"tag":"ForAll","contents":["r",{"tag":"ForAll","contents":["h",{"tag":"ForAll","contents":["a",{"tag":"TypeApp","contents":[{"tag":"TypeApp","contents":[{"tag":"TypeConstructor","contents":[["Prim"],"Function"]},{"tag":"TypeApp","contents":[{"tag":"TypeApp","contents":[{"tag":"TypeConstructor","contents":[["Data","Array","ST"],"STArray"]},{"tag":"TypeVar","contents":"h"}]},{"tag":"TypeVar","contents":"a"}]}]},{"tag":"TypeApp","contents":[{"tag":"TypeApp","contents":[{"tag":"TypeConstructor","contents":[["Prim"],"Function"]},{"tag":"TypeConstructor","contents":[["Prim"],"Int"]}]},{"tag":"TypeApp","contents":[{"tag":"TypeApp","contents":[{"tag":"TypeConstructor","contents":[["Control","Monad","Eff"],"Eff"]},{"tag":"RCons","contents":["st",{"tag":"TypeApp","contents":[{"tag":"TypeConstructor","contents":[["Control","Monad","ST"],"ST"]},{"tag":"TypeVar","contents":"h"}]},{"tag":"TypeVar","contents":"r"}]}]},{"tag":"TypeApp","contents":[{"tag":"TypeConstructor","contents":[["Data","Maybe"],"Maybe"]},{"tag":"TypeVar","contents":"a"}]}]}]}]},35]},36]},37]}}},{"EDValue":{"edValueName":{"Ident":"pokeSTArray"},"edValueType":{"tag":"ForAll","contents":["r",{"tag":"ForAll","contents":["h",{"tag":"ForAll","contents":["a",{"tag":"TypeApp","contents":[{"tag":"TypeApp","contents":[{"tag":"TypeConstructor","contents":[["Prim"],"Function"]},{"tag":"TypeApp","contents":[{"tag":"TypeApp","contents":[{"tag":"TypeConstructor","contents":[["Data","Array","ST"],"STArray"]},{"tag":"TypeVar","contents":"h"}]},{"tag":"TypeVar","contents":"a"}]}]},{"tag":"TypeApp","contents":[{"tag":"TypeApp","contents":[{"tag":"TypeConstructor","contents":[["Prim"],"Function"]},{"tag":"TypeConstructor","contents":[["Prim"],"Int"]}]},{"tag":"TypeApp","contents":[{"tag":"TypeApp","contents":[{"tag":"TypeConstructor","contents":[["Prim"],"Function"]},{"tag":"TypeVar","contents":"a"}]},{"tag":"TypeApp","contents":[{"tag":"TypeApp","contents":[{"tag":"TypeConstructor","contents":[["Control","Monad","Eff"],"Eff"]},{"tag":"RCons","contents":["st",{"tag":"TypeApp","contents":[{"tag":"TypeConstructor","contents":[["Control","Monad","ST"],"ST"]},{"tag":"TypeVar","contents":"h"}]},{"tag":"TypeVar","contents":"r"}]}]},{"tag":"TypeConstructor","contents":[["Prim"],"Boolean"]}]}]}]}]},null]},null]},null]}}},{"EDValue":{"edValueName":{"Ident":"pushSTArray"},"edValueType":{"tag":"ForAll","contents":["r",{"tag":"ForAll","contents":["h",{"tag":"ForAll","contents":["a",{"tag":"TypeApp","contents":[{"tag":"TypeApp","contents":[{"tag":"TypeConstructor","contents":[["Prim"],"Function"]},{"tag":"TypeApp","contents":[{"tag":"TypeApp","contents":[{"tag":"TypeConstructor","contents":[["Data","Array","ST"],"STArray"]},{"tag":"TypeVar","contents":"h"}]},{"tag":"TypeVar","contents":"a"}]}]},{"tag":"TypeApp","contents":[{"tag":"TypeApp","contents":[{"tag":"TypeConstructor","contents":[["Prim"],"Function"]},{"tag":"TypeVar","contents":"a"}]},{"tag":"TypeApp","contents":[{"tag":"TypeApp","contents":[{"tag":"TypeConstructor","contents":[["Control","Monad","Eff"],"Eff"]},{"tag":"RCons","contents":["st",{"tag":"TypeApp","contents":[{"tag":"TypeConstructor","contents":[["Control","Monad","ST"],"ST"]},{"tag":"TypeVar","contents":"h"}]},{"tag":"TypeVar","contents":"r"}]}]},{"tag":"TypeConstructor","contents":[["Prim"],"Int"]}]}]}]},26]},27]},28]}}},{"EDValue":{"edValueName":{"Ident":"modifySTArray"},"edValueType":{"tag":"ForAll","contents":["r",{"tag":"ForAll","contents":["h",{"tag":"ForAll","contents":["a",{"tag":"TypeApp","contents":[{"tag":"TypeApp","contents":[{"tag":"TypeConstructor","contents":[["Prim"],"Function"]},{"tag":"TypeApp","contents":[{"tag":"TypeApp","contents":[{"tag":"TypeConstructor","contents":[["Data","Array","ST"],"STArray"]},{"tag":"TypeVar","contents":"h"}]},{"tag":"TypeVar","contents":"a"}]}]},{"tag":"TypeApp","contents":[{"tag":"TypeApp","contents":[{"tag":"TypeConstructor","contents":[["Prim"],"Function"]},{"tag":"TypeConstructor","contents":[["Prim"],"Int"]}]},{"tag":"TypeApp","contents":[{"tag":"TypeApp","contents":[{"tag":"TypeConstructor","contents":[["Prim"],"Function"]},{"tag":"TypeApp","contents":[{"tag":"TypeApp","contents":[{"tag":"TypeConstructor","contents":[["Prim"],"Function"]},{"tag":"TypeVar","contents":"a"}]},{"tag":"TypeVar","contents":"a"}]}]},{"tag":"TypeApp","contents":[{"tag":"TypeApp","contents":[{"tag":"TypeConstructor","contents":[["Control","Monad","Eff"],"Eff"]},{"tag":"RCons","contents":["st",{"tag":"TypeApp","contents":[{"tag":"TypeConstructor","contents":[["Control","Monad","ST"],"ST"]},{"tag":"TypeVar","contents":"h"}]},{"tag":"TypeVar","contents":"r"}]}]},{"tag":"TypeConstructor","contents":[["Prim"],"Boolean"]}]}]}]}]},47]},48]},49]}}},{"EDValue":{"edValueName":{"Ident":"pushAllSTArray"},"edValueType":{"tag":"ForAll","contents":["r",{"tag":"ForAll","contents":["h",{"tag":"ForAll","contents":["a",{"tag":"TypeApp","contents":[{"tag":"TypeApp","contents":[{"tag":"TypeConstructor","contents":[["Prim"],"Function"]},{"tag":"TypeApp","contents":[{"tag":"TypeApp","contents":[{"tag":"TypeConstructor","contents":[["Data","Array","ST"],"STArray"]},{"tag":"TypeVar","contents":"h"}]},{"tag":"TypeVar","contents":"a"}]}]},{"tag":"TypeApp","contents":[{"tag":"TypeApp","contents":[{"tag":"TypeConstructor","contents":[["Prim"],"Function"]},{"tag":"TypeApp","contents":[{"tag":"TypeConstructor","contents":[["Prim"],"Array"]},{"tag":"TypeVar","contents":"a"}]}]},{"tag":"TypeApp","contents":[{"tag":"TypeApp","contents":[{"tag":"TypeConstructor","contents":[["Control","Monad","Eff"],"Eff"]},{"tag":"RCons","contents":["st",{"tag":"TypeApp","contents":[{"tag":"TypeConstructor","contents":[["Control","Monad","ST"],"ST"]},{"tag":"TypeVar","contents":"h"}]},{"tag":"TypeVar","contents":"r"}]}]},{"tag":"TypeConstructor","contents":[["Prim"],"Int"]}]}]}]},null]},null]},null]}}},{"EDValue":{"edValueName":{"Ident":"spliceSTArray"},"edValueType":{"tag":"ForAll","contents":["r",{"tag":"ForAll","contents":["h",{"tag":"ForAll","contents":["a",{"tag":"TypeApp","contents":[{"tag":"TypeApp","contents":[{"tag":"TypeConstructor","contents":[["Prim"],"Function"]},{"tag":"TypeApp","contents":[{"tag":"TypeApp","contents":[{"tag":"TypeConstructor","contents":[["Data","Array","ST"],"STArray"]},{"tag":"TypeVar","contents":"h"}]},{"tag":"TypeVar","contents":"a"}]}]},{"tag":"TypeApp","contents":[{"tag":"TypeApp","contents":[{"tag":"TypeConstructor","contents":[["Prim"],"Function"]},{"tag":"TypeConstructor","contents":[["Prim"],"Int"]}]},{"tag":"TypeApp","contents":[{"tag":"TypeApp","contents":[{"tag":"TypeConstructor","contents":[["Prim"],"Function"]},{"tag":"TypeConstructor","contents":[["Prim"],"Int"]}]},{"tag":"TypeApp","contents":[{"tag":"TypeApp","contents":[{"tag":"TypeConstructor","contents":[["Prim"],"Function"]},{"tag":"TypeApp","contents":[{"tag":"TypeConstructor","contents":[["Prim"],"Array"]},{"tag":"TypeVar","contents":"a"}]}]},{"tag":"TypeApp","contents":[{"tag":"TypeApp","contents":[{"tag":"TypeConstructor","contents":[["Control","Monad","Eff"],"Eff"]},{"tag":"RCons","contents":["st",{"tag":"TypeApp","contents":[{"tag":"TypeConstructor","contents":[["Control","Monad","ST"],"ST"]},{"tag":"TypeVar","contents":"h"}]},{"tag":"TypeVar","contents":"r"}]}]},{"tag":"TypeApp","contents":[{"tag":"TypeConstructor","contents":[["Prim"],"Array"]},{"tag":"TypeVar","contents":"a"}]}]}]}]}]}]},null]},null]},null]}}},{"EDValue":{"edValueName":{"Ident":"freeze"},"edValueType":{"tag":"ForAll","contents":["r",{"tag":"ForAll","contents":["h",{"tag":"ForAll","contents":["a",{"tag":"TypeApp","contents":[{"tag":"TypeApp","contents":[{"tag":"TypeConstructor","contents":[["Prim"],"Function"]},{"tag":"TypeApp","contents":[{"tag":"TypeApp","contents":[{"tag":"TypeConstructor","contents":[["Data","Array","ST"],"STArray"]},{"tag":"TypeVar","contents":"h"}]},{"tag":"TypeVar","contents":"a"}]}]},{"tag":"TypeApp","contents":[{"tag":"TypeApp","contents":[{"tag":"TypeConstructor","contents":[["Control","Monad","Eff"],"Eff"]},{"tag":"RCons","contents":["st",{"tag":"TypeApp","contents":[{"tag":"TypeConstructor","contents":[["Control","Monad","ST"],"ST"]},{"tag":"TypeVar","contents":"h"}]},{"tag":"TypeVar","contents":"r"}]}]},{"tag":"TypeApp","contents":[{"tag":"TypeConstructor","contents":[["Prim"],"Array"]},{"tag":"TypeVar","contents":"a"}]}]}]},56]},57]},58]}}},{"EDValue":{"edValueName":{"Ident":"thaw"},"edValueType":{"tag":"ForAll","contents":["r",{"tag":"ForAll","contents":["h",{"tag":"ForAll","contents":["a",{"tag":"TypeApp","contents":[{"tag":"TypeApp","contents":[{"tag":"TypeConstructor","contents":[["Prim"],"Function"]},{"tag":"TypeApp","contents":[{"tag":"TypeConstructor","contents":[["Prim"],"Array"]},{"tag":"TypeVar","contents":"a"}]}]},{"tag":"TypeApp","contents":[{"tag":"TypeApp","contents":[{"tag":"TypeConstructor","contents":[["Control","Monad","Eff"],"Eff"]},{"tag":"RCons","contents":["st",{"tag":"TypeApp","contents":[{"tag":"TypeConstructor","contents":[["Control","Monad","ST"],"ST"]},{"tag":"TypeVar","contents":"h"}]},{"tag":"TypeVar","contents":"r"}]}]},{"tag":"TypeApp","contents":[{"tag":"TypeApp","contents":[{"tag":"TypeConstructor","contents":[["Data","Array","ST"],"STArray"]},{"tag":"TypeVar","contents":"h"}]},{"tag":"TypeVar","contents":"a"}]}]}]},8]},9]},10]}}},{"EDValue":{"edValueName":{"Ident":"unsafeFreeze"},"edValueType":{"tag":"ForAll","contents":["h",{"tag":"ForAll","contents":["r",{"tag":"ForAll","contents":["a",{"tag":"TypeApp","contents":[{"tag":"TypeApp","contents":[{"tag":"TypeConstructor","contents":[["Prim"],"Function"]},{"tag":"TypeApp","contents":[{"tag":"TypeApp","contents":[{"tag":"TypeConstructor","contents":[["Data","Array","ST"],"STArray"]},{"tag":"TypeVar","contents":"h"}]},{"tag":"TypeVar","contents":"a"}]}]},{"tag":"TypeApp","contents":[{"tag":"TypeApp","contents":[{"tag":"TypeConstructor","contents":[["Control","Monad","Eff"],"Eff"]},{"tag":"RCons","contents":["st",{"tag":"TypeApp","contents":[{"tag":"TypeConstructor","contents":[["Control","Monad","ST"],"ST"]},{"tag":"TypeVar","contents":"h"}]},{"tag":"TypeVar","contents":"r"}]}]},{"tag":"TypeApp","contents":[{"tag":"TypeConstructor","contents":[["Prim"],"Array"]},{"tag":"TypeVar","contents":"a"}]}]}]},0]},1]},2]}}},{"EDValue":{"edValueName":{"Ident":"toAssocArray"},"edValueType":{"tag":"ForAll","contents":["r",{"tag":"ForAll","contents":["h",{"tag":"ForAll","contents":["a",{"tag":"TypeApp","contents":[{"tag":"TypeApp","contents":[{"tag":"TypeConstructor","contents":[["Prim"],"Function"]},{"tag":"TypeApp","contents":[{"tag":"TypeApp","contents":[{"tag":"TypeConstructor","contents":[["Data","Array","ST"],"STArray"]},{"tag":"TypeVar","contents":"h"}]},{"tag":"TypeVar","contents":"a"}]}]},{"tag":"TypeApp","contents":[{"tag":"TypeApp","contents":[{"tag":"TypeConstructor","contents":[["Control","Monad","Eff"],"Eff"]},{"tag":"RCons","contents":["st",{"tag":"TypeApp","contents":[{"tag":"TypeConstructor","contents":[["Control","Monad","ST"],"ST"]},{"tag":"TypeVar","contents":"h"}]},{"tag":"TypeVar","contents":"r"}]}]},{"tag":"TypeApp","contents":[{"tag":"TypeConstructor","contents":[["Prim"],"Array"]},{"tag":"TypeApp","contents":[{"tag":"TypeConstructor","contents":[["Data","Array","ST"],"Assoc"]},{"tag":"TypeVar","contents":"a"}]}]}]}]},null]},null]},null]}}}],"efSourceSpan":{"start":[1,1],"name":"/home/stpl/Desktop/purs/Main-Project/bower_components/purescript-arrays/src/Data/Array/ST.purs","end":[138,43]}}