{"efVersion":"0.11.7","efModuleName":["Control","Monad","Aff","AVar"],"efExports":[{"ReExportRef":[{"start":[1,1],"name":"/home/stpl/Desktop/purs/MainRebuilt/bower_components/purescript-aff/src/Control/Monad/Aff/AVar.purs","end":[92,42]},["Control","Monad","Eff","AVar"],{"TypeRef":[{"start":[1,1],"name":"/home/stpl/Desktop/purs/MainRebuilt/bower_components/purescript-aff/src/Control/Monad/Aff/AVar.purs","end":[92,42]},"AVAR",[]]}]},{"ReExportRef":[{"start":[1,1],"name":"/home/stpl/Desktop/purs/MainRebuilt/bower_components/purescript-aff/src/Control/Monad/Aff/AVar.purs","end":[92,42]},["Control","Monad","Eff","AVar"],{"TypeRef":[{"start":[1,1],"name":"/home/stpl/Desktop/purs/MainRebuilt/bower_components/purescript-aff/src/Control/Monad/Aff/AVar.purs","end":[92,42]},"AVar",[]]}]},{"ReExportRef":[{"start":[1,1],"name":"/home/stpl/Desktop/purs/MainRebuilt/bower_components/purescript-aff/src/Control/Monad/Aff/AVar.purs","end":[92,42]},["Control","Monad","Eff","AVar"],{"TypeRef":[{"start":[1,1],"name":"/home/stpl/Desktop/purs/MainRebuilt/bower_components/purescript-aff/src/Control/Monad/Aff/AVar.purs","end":[92,42]},"AVarStatus",["Empty","Filled","Killed"]]}]},{"ReExportRef":[{"start":[1,1],"name":"/home/stpl/Desktop/purs/MainRebuilt/bower_components/purescript-aff/src/Control/Monad/Aff/AVar.purs","end":[92,42]},["Control","Monad","Eff","AVar"],{"ValueRef":[{"start":[1,1],"name":"/home/stpl/Desktop/purs/MainRebuilt/bower_components/purescript-aff/src/Control/Monad/Aff/AVar.purs","end":[92,42]},{"Ident":"isEmpty"}]}]},{"ReExportRef":[{"start":[1,1],"name":"/home/stpl/Desktop/purs/MainRebuilt/bower_components/purescript-aff/src/Control/Monad/Aff/AVar.purs","end":[92,42]},["Control","Monad","Eff","AVar"],{"ValueRef":[{"start":[1,1],"name":"/home/stpl/Desktop/purs/MainRebuilt/bower_components/purescript-aff/src/Control/Monad/Aff/AVar.purs","end":[92,42]},{"Ident":"isFilled"}]}]},{"ReExportRef":[{"start":[1,1],"name":"/home/stpl/Desktop/purs/MainRebuilt/bower_components/purescript-aff/src/Control/Monad/Aff/AVar.purs","end":[92,42]},["Control","Monad","Eff","AVar"],{"ValueRef":[{"start":[1,1],"name":"/home/stpl/Desktop/purs/MainRebuilt/bower_components/purescript-aff/src/Control/Monad/Aff/AVar.purs","end":[92,42]},{"Ident":"isKilled"}]}]},{"ModuleRef":[{"start":[2,5],"name":"/home/stpl/Desktop/purs/MainRebuilt/bower_components/purescript-aff/src/Control/Monad/Aff/AVar.purs","end":[2,34]},["Control","Monad","Eff","AVar"]]},{"ValueRef":[{"start":[1,1],"name":"/home/stpl/Desktop/purs/MainRebuilt/bower_components/purescript-aff/src/Control/Monad/Aff/AVar.purs","end":[92,42]},{"Ident":"makeVar"}]},{"ValueRef":[{"start":[1,1],"name":"/home/stpl/Desktop/purs/MainRebuilt/bower_components/purescript-aff/src/Control/Monad/Aff/AVar.purs","end":[92,42]},{"Ident":"makeEmptyVar"}]},{"ValueRef":[{"start":[1,1],"name":"/home/stpl/Desktop/purs/MainRebuilt/bower_components/purescript-aff/src/Control/Monad/Aff/AVar.purs","end":[92,42]},{"Ident":"status"}]},{"ValueRef":[{"start":[1,1],"name":"/home/stpl/Desktop/purs/MainRebuilt/bower_components/purescript-aff/src/Control/Monad/Aff/AVar.purs","end":[92,42]},{"Ident":"isEmptyVar"}]},{"ValueRef":[{"start":[1,1],"name":"/home/stpl/Desktop/purs/MainRebuilt/bower_components/purescript-aff/src/Control/Monad/Aff/AVar.purs","end":[92,42]},{"Ident":"isFilledVar"}]},{"ValueRef":[{"start":[1,1],"name":"/home/stpl/Desktop/purs/MainRebuilt/bower_components/purescript-aff/src/Control/Monad/Aff/AVar.purs","end":[92,42]},{"Ident":"isKilledVar"}]},{"ValueRef":[{"start":[1,1],"name":"/home/stpl/Desktop/purs/MainRebuilt/bower_components/purescript-aff/src/Control/Monad/Aff/AVar.purs","end":[92,42]},{"Ident":"takeVar"}]},{"ValueRef":[{"start":[1,1],"name":"/home/stpl/Desktop/purs/MainRebuilt/bower_components/purescript-aff/src/Control/Monad/Aff/AVar.purs","end":[92,42]},{"Ident":"tryTakeVar"}]},{"ValueRef":[{"start":[1,1],"name":"/home/stpl/Desktop/purs/MainRebuilt/bower_components/purescript-aff/src/Control/Monad/Aff/AVar.purs","end":[92,42]},{"Ident":"putVar"}]},{"ValueRef":[{"start":[1,1],"name":"/home/stpl/Desktop/purs/MainRebuilt/bower_components/purescript-aff/src/Control/Monad/Aff/AVar.purs","end":[92,42]},{"Ident":"tryPutVar"}]},{"ValueRef":[{"start":[1,1],"name":"/home/stpl/Desktop/purs/MainRebuilt/bower_components/purescript-aff/src/Control/Monad/Aff/AVar.purs","end":[92,42]},{"Ident":"readVar"}]},{"ValueRef":[{"start":[1,1],"name":"/home/stpl/Desktop/purs/MainRebuilt/bower_components/purescript-aff/src/Control/Monad/Aff/AVar.purs","end":[92,42]},{"Ident":"tryReadVar"}]},{"ValueRef":[{"start":[1,1],"name":"/home/stpl/Desktop/purs/MainRebuilt/bower_components/purescript-aff/src/Control/Monad/Aff/AVar.purs","end":[92,42]},{"Ident":"killVar"}]}],"efImports":[{"eiModule":["Prim"],"eiImportType":{"Implicit":[]},"eiImportedAs":["Prim"]},{"eiModule":["Prim"],"eiImportType":{"Implicit":[]},"eiImportedAs":null},{"eiModule":["Prelude"],"eiImportType":{"Implicit":[]},"eiImportedAs":null},{"eiModule":["Control","Monad","Aff"],"eiImportType":{"Explicit":[{"TypeRef":[{"start":[19,27],"name":"/home/stpl/Desktop/purs/MainRebuilt/bower_components/purescript-aff/src/Control/Monad/Aff/AVar.purs","end":[19,30]},"Aff",[]]},{"ValueRef":[{"start":[19,32],"name":"/home/stpl/Desktop/purs/MainRebuilt/bower_components/purescript-aff/src/Control/Monad/Aff/AVar.purs","end":[19,39]},{"Ident":"makeAff"}]},{"ValueRef":[{"start":[19,41],"name":"/home/stpl/Desktop/purs/MainRebuilt/bower_components/purescript-aff/src/Control/Monad/Aff/AVar.purs","end":[19,52]},{"Ident":"effCanceler"}]}]},"eiImportedAs":null},{"eiModule":["Control","Monad","Eff","AVar"],"eiImportType":{"Explicit":[{"TypeRef":[{"start":[20,32],"name":"/home/stpl/Desktop/purs/MainRebuilt/bower_components/purescript-aff/src/Control/Monad/Aff/AVar.purs","end":[20,36]},"AVar",[]]},{"TypeRef":[{"start":[20,38],"name":"/home/stpl/Desktop/purs/MainRebuilt/bower_components/purescript-aff/src/Control/Monad/Aff/AVar.purs","end":[20,42]},"AVAR",[]]},{"TypeRef":[{"start":[20,44],"name":"/home/stpl/Desktop/purs/MainRebuilt/bower_components/purescript-aff/src/Control/Monad/Aff/AVar.purs","end":[20,58]},"AVarStatus",null]},{"ValueRef":[{"start":[20,60],"name":"/home/stpl/Desktop/purs/MainRebuilt/bower_components/purescript-aff/src/Control/Monad/Aff/AVar.purs","end":[20,67]},{"Ident":"isEmpty"}]},{"ValueRef":[{"start":[20,69],"name":"/home/stpl/Desktop/purs/MainRebuilt/bower_components/purescript-aff/src/Control/Monad/Aff/AVar.purs","end":[20,77]},{"Ident":"isFilled"}]},{"ValueRef":[{"start":[20,79],"name":"/home/stpl/Desktop/purs/MainRebuilt/bower_components/purescript-aff/src/Control/Monad/Aff/AVar.purs","end":[20,87]},{"Ident":"isKilled"}]}]},"eiImportedAs":null},{"eiModule":["Control","Monad","Eff","AVar"],"eiImportType":{"Implicit":[]},"eiImportedAs":["AVar"]},{"eiModule":["Control","Monad","Eff","Class"],"eiImportType":{"Explicit":[{"ValueRef":[{"start":[22,33],"name":"/home/stpl/Desktop/purs/MainRebuilt/bower_components/purescript-aff/src/Control/Monad/Aff/AVar.purs","end":[22,40]},{"Ident":"liftEff"}]}]},"eiImportedAs":null},{"eiModule":["Control","Monad","Eff","Exception"],"eiImportType":{"Explicit":[{"TypeRef":[{"start":[23,37],"name":"/home/stpl/Desktop/purs/MainRebuilt/bower_components/purescript-aff/src/Control/Monad/Aff/AVar.purs","end":[23,42]},"Error",[]]}]},"eiImportedAs":null},{"eiModule":["Data","Maybe"],"eiImportType":{"Explicit":[{"TypeRef":[{"start":[24,20],"name":"/home/stpl/Desktop/purs/MainRebuilt/bower_components/purescript-aff/src/Control/Monad/Aff/AVar.purs","end":[24,25]},"Maybe",[]]}]},"eiImportedAs":null}],"efFixities":[],"efTypeFixities":[],"efDeclarations":[{"EDValue":{"edValueName":{"Ident":"makeVar"},"edValueType":{"tag":"ForAll","contents":["a",{"tag":"ForAll","contents":["eff",{"tag":"TypeApp","contents":[{"tag":"TypeApp","contents":[{"tag":"TypeConstructor","contents":[["Prim"],"Function"]},{"tag":"TypeVar","contents":"a"}]},{"tag":"TypeApp","contents":[{"tag":"TypeApp","contents":[{"tag":"TypeConstructor","contents":[["Control","Monad","Aff"],"Aff"]},{"tag":"RCons","contents":["avar",{"tag":"TypeConstructor","contents":[["Control","Monad","Eff","AVar"],"AVAR"]},{"tag":"TypeVar","contents":"eff"}]}]},{"tag":"TypeApp","contents":[{"tag":"TypeConstructor","contents":[["Control","Monad","Eff","AVar"],"AVar"]},{"tag":"TypeVar","contents":"a"}]}]}]},34]},35]}}},{"EDValue":{"edValueName":{"Ident":"makeEmptyVar"},"edValueType":{"tag":"ForAll","contents":["a",{"tag":"ForAll","contents":["eff",{"tag":"TypeApp","contents":[{"tag":"TypeApp","contents":[{"tag":"TypeConstructor","contents":[["Control","Monad","Aff"],"Aff"]},{"tag":"RCons","contents":["avar",{"tag":"TypeConstructor","contents":[["Control","Monad","Eff","AVar"],"AVAR"]},{"tag":"TypeVar","contents":"eff"}]}]},{"tag":"TypeApp","contents":[{"tag":"TypeConstructor","contents":[["Control","Monad","Eff","AVar"],"AVar"]},{"tag":"TypeVar","contents":"a"}]}]},40]},41]}}},{"EDValue":{"edValueName":{"Ident":"status"},"edValueType":{"tag":"ForAll","contents":["a",{"tag":"ForAll","contents":["eff",{"tag":"TypeApp","contents":[{"tag":"TypeApp","contents":[{"tag":"TypeConstructor","contents":[["Prim"],"Function"]},{"tag":"TypeApp","contents":[{"tag":"TypeConstructor","contents":[["Control","Monad","Eff","AVar"],"AVar"]},{"tag":"TypeVar","contents":"a"}]}]},{"tag":"TypeApp","contents":[{"tag":"TypeApp","contents":[{"tag":"TypeConstructor","contents":[["Control","Monad","Aff"],"Aff"]},{"tag":"RCons","contents":["avar",{"tag":"TypeConstructor","contents":[["Control","Monad","Eff","AVar"],"AVAR"]},{"tag":"TypeVar","contents":"eff"}]}]},{"tag":"TypeApp","contents":[{"tag":"TypeConstructor","contents":[["Control","Monad","Eff","AVar"],"AVarStatus"]},{"tag":"TypeVar","contents":"a"}]}]}]},18]},19]}}},{"EDValue":{"edValueName":{"Ident":"isEmptyVar"},"edValueType":{"tag":"ForAll","contents":["a",{"tag":"ForAll","contents":["eff",{"tag":"TypeApp","contents":[{"tag":"TypeApp","contents":[{"tag":"TypeConstructor","contents":[["Prim"],"Function"]},{"tag":"TypeApp","contents":[{"tag":"TypeConstructor","contents":[["Control","Monad","Eff","AVar"],"AVar"]},{"tag":"TypeVar","contents":"a"}]}]},{"tag":"TypeApp","contents":[{"tag":"TypeApp","contents":[{"tag":"TypeConstructor","contents":[["Control","Monad","Aff"],"Aff"]},{"tag":"RCons","contents":["avar",{"tag":"TypeConstructor","contents":[["Control","Monad","Eff","AVar"],"AVAR"]},{"tag":"TypeVar","contents":"eff"}]}]},{"tag":"TypeConstructor","contents":[["Prim"],"Boolean"]}]}]},58]},59]}}},{"EDValue":{"edValueName":{"Ident":"isFilledVar"},"edValueType":{"tag":"ForAll","contents":["a",{"tag":"ForAll","contents":["eff",{"tag":"TypeApp","contents":[{"tag":"TypeApp","contents":[{"tag":"TypeConstructor","contents":[["Prim"],"Function"]},{"tag":"TypeApp","contents":[{"tag":"TypeConstructor","contents":[["Control","Monad","Eff","AVar"],"AVar"]},{"tag":"TypeVar","contents":"a"}]}]},{"tag":"TypeApp","contents":[{"tag":"TypeApp","contents":[{"tag":"TypeConstructor","contents":[["Control","Monad","Aff"],"Aff"]},{"tag":"RCons","contents":["avar",{"tag":"TypeConstructor","contents":[["Control","Monad","Eff","AVar"],"AVAR"]},{"tag":"TypeVar","contents":"eff"}]}]},{"tag":"TypeConstructor","contents":[["Prim"],"Boolean"]}]}]},54]},55]}}},{"EDValue":{"edValueName":{"Ident":"isKilledVar"},"edValueType":{"tag":"ForAll","contents":["a",{"tag":"ForAll","contents":["eff",{"tag":"TypeApp","contents":[{"tag":"TypeApp","contents":[{"tag":"TypeConstructor","contents":[["Prim"],"Function"]},{"tag":"TypeApp","contents":[{"tag":"TypeConstructor","contents":[["Control","Monad","Eff","AVar"],"AVar"]},{"tag":"TypeVar","contents":"a"}]}]},{"tag":"TypeApp","contents":[{"tag":"TypeApp","contents":[{"tag":"TypeConstructor","contents":[["Control","Monad","Aff"],"Aff"]},{"tag":"RCons","contents":["avar",{"tag":"TypeConstructor","contents":[["Control","Monad","Eff","AVar"],"AVAR"]},{"tag":"TypeVar","contents":"eff"}]}]},{"tag":"TypeConstructor","contents":[["Prim"],"Boolean"]}]}]},50]},51]}}},{"EDValue":{"edValueName":{"Ident":"takeVar"},"edValueType":{"tag":"ForAll","contents":["a",{"tag":"ForAll","contents":["eff",{"tag":"TypeApp","contents":[{"tag":"TypeApp","contents":[{"tag":"TypeConstructor","contents":[["Prim"],"Function"]},{"tag":"TypeApp","contents":[{"tag":"TypeConstructor","contents":[["Control","Monad","Eff","AVar"],"AVar"]},{"tag":"TypeVar","contents":"a"}]}]},{"tag":"TypeApp","contents":[{"tag":"TypeApp","contents":[{"tag":"TypeConstructor","contents":[["Control","Monad","Aff"],"Aff"]},{"tag":"RCons","contents":["avar",{"tag":"TypeConstructor","contents":[["Control","Monad","Eff","AVar"],"AVAR"]},{"tag":"TypeVar","contents":"eff"}]}]},{"tag":"TypeVar","contents":"a"}]}]},12]},13]}}},{"EDValue":{"edValueName":{"Ident":"tryTakeVar"},"edValueType":{"tag":"ForAll","contents":["a",{"tag":"ForAll","contents":["eff",{"tag":"TypeApp","contents":[{"tag":"TypeApp","contents":[{"tag":"TypeConstructor","contents":[["Prim"],"Function"]},{"tag":"TypeApp","contents":[{"tag":"TypeConstructor","contents":[["Control","Monad","Eff","AVar"],"AVar"]},{"tag":"TypeVar","contents":"a"}]}]},{"tag":"TypeApp","contents":[{"tag":"TypeApp","contents":[{"tag":"TypeConstructor","contents":[["Control","Monad","Aff"],"Aff"]},{"tag":"RCons","contents":["avar",{"tag":"TypeConstructor","contents":[["Control","Monad","Eff","AVar"],"AVAR"]},{"tag":"TypeVar","contents":"eff"}]}]},{"tag":"TypeApp","contents":[{"tag":"TypeConstructor","contents":[["Data","Maybe"],"Maybe"]},{"tag":"TypeVar","contents":"a"}]}]}]},0]},1]}}},{"EDValue":{"edValueName":{"Ident":"putVar"},"edValueType":{"tag":"ForAll","contents":["a",{"tag":"ForAll","contents":["eff",{"tag":"TypeApp","contents":[{"tag":"TypeApp","contents":[{"tag":"TypeConstructor","contents":[["Prim"],"Function"]},{"tag":"TypeVar","contents":"a"}]},{"tag":"TypeApp","contents":[{"tag":"TypeApp","contents":[{"tag":"TypeConstructor","contents":[["Prim"],"Function"]},{"tag":"TypeApp","contents":[{"tag":"TypeConstructor","contents":[["Control","Monad","Eff","AVar"],"AVar"]},{"tag":"TypeVar","contents":"a"}]}]},{"tag":"TypeApp","contents":[{"tag":"TypeApp","contents":[{"tag":"TypeConstructor","contents":[["Control","Monad","Aff"],"Aff"]},{"tag":"RCons","contents":["avar",{"tag":"TypeConstructor","contents":[["Control","Monad","Eff","AVar"],"AVAR"]},{"tag":"TypeVar","contents":"eff"}]}]},{"tag":"TypeConstructor","contents":[["Data","Unit"],"Unit"]}]}]}]},28]},29]}}},{"EDValue":{"edValueName":{"Ident":"tryPutVar"},"edValueType":{"tag":"ForAll","contents":["a",{"tag":"ForAll","contents":["eff",{"tag":"TypeApp","contents":[{"tag":"TypeApp","contents":[{"tag":"TypeConstructor","contents":[["Prim"],"Function"]},{"tag":"TypeVar","contents":"a"}]},{"tag":"TypeApp","contents":[{"tag":"TypeApp","contents":[{"tag":"TypeConstructor","contents":[["Prim"],"Function"]},{"tag":"TypeApp","contents":[{"tag":"TypeConstructor","contents":[["Control","Monad","Eff","AVar"],"AVar"]},{"tag":"TypeVar","contents":"a"}]}]},{"tag":"TypeApp","contents":[{"tag":"TypeApp","contents":[{"tag":"TypeConstructor","contents":[["Control","Monad","Aff"],"Aff"]},{"tag":"RCons","contents":["avar",{"tag":"TypeConstructor","contents":[["Control","Monad","Eff","AVar"],"AVAR"]},{"tag":"TypeVar","contents":"eff"}]}]},{"tag":"TypeConstructor","contents":[["Prim"],"Boolean"]}]}]}]},8]},9]}}},{"EDValue":{"edValueName":{"Ident":"readVar"},"edValueType":{"tag":"ForAll","contents":["a",{"tag":"ForAll","contents":["eff",{"tag":"TypeApp","contents":[{"tag":"TypeApp","contents":[{"tag":"TypeConstructor","contents":[["Prim"],"Function"]},{"tag":"TypeApp","contents":[{"tag":"TypeConstructor","contents":[["Control","Monad","Eff","AVar"],"AVar"]},{"tag":"TypeVar","contents":"a"}]}]},{"tag":"TypeApp","contents":[{"tag":"TypeApp","contents":[{"tag":"TypeConstructor","contents":[["Control","Monad","Aff"],"Aff"]},{"tag":"RCons","contents":["avar",{"tag":"TypeConstructor","contents":[["Control","Monad","Eff","AVar"],"AVAR"]},{"tag":"TypeVar","contents":"eff"}]}]},{"tag":"TypeVar","contents":"a"}]}]},22]},23]}}},{"EDValue":{"edValueName":{"Ident":"tryReadVar"},"edValueType":{"tag":"ForAll","contents":["a",{"tag":"ForAll","contents":["eff",{"tag":"TypeApp","contents":[{"tag":"TypeApp","contents":[{"tag":"TypeConstructor","contents":[["Prim"],"Function"]},{"tag":"TypeApp","contents":[{"tag":"TypeConstructor","contents":[["Control","Monad","Eff","AVar"],"AVar"]},{"tag":"TypeVar","contents":"a"}]}]},{"tag":"TypeApp","contents":[{"tag":"TypeApp","contents":[{"tag":"TypeConstructor","contents":[["Control","Monad","Aff"],"Aff"]},{"tag":"RCons","contents":["avar",{"tag":"TypeConstructor","contents":[["Control","Monad","Eff","AVar"],"AVAR"]},{"tag":"TypeVar","contents":"eff"}]}]},{"tag":"TypeApp","contents":[{"tag":"TypeConstructor","contents":[["Data","Maybe"],"Maybe"]},{"tag":"TypeVar","contents":"a"}]}]}]},4]},5]}}},{"EDValue":{"edValueName":{"Ident":"killVar"},"edValueType":{"tag":"ForAll","contents":["a",{"tag":"ForAll","contents":["eff",{"tag":"TypeApp","contents":[{"tag":"TypeApp","contents":[{"tag":"TypeConstructor","contents":[["Prim"],"Function"]},{"tag":"TypeConstructor","contents":[["Control","Monad","Eff","Exception"],"Error"]}]},{"tag":"TypeApp","contents":[{"tag":"TypeApp","contents":[{"tag":"TypeConstructor","contents":[["Prim"],"Function"]},{"tag":"TypeApp","contents":[{"tag":"TypeConstructor","contents":[["Control","Monad","Eff","AVar"],"AVar"]},{"tag":"TypeVar","contents":"a"}]}]},{"tag":"TypeApp","contents":[{"tag":"TypeApp","contents":[{"tag":"TypeConstructor","contents":[["Control","Monad","Aff"],"Aff"]},{"tag":"RCons","contents":["avar",{"tag":"TypeConstructor","contents":[["Control","Monad","Eff","AVar"],"AVAR"]},{"tag":"TypeVar","contents":"eff"}]}]},{"tag":"TypeConstructor","contents":[["Data","Unit"],"Unit"]}]}]}]},46]},47]}}}],"efSourceSpan":{"start":[1,1],"name":"/home/stpl/Desktop/purs/MainRebuilt/bower_components/purescript-aff/src/Control/Monad/Aff/AVar.purs","end":[92,42]}}