{"efVersion":"0.11.7","efModuleName":["Data","List","Types"],"efExports":[{"TypeRef":[{"start":[1,1],"name":"/home/stpl/Desktop/purs/MainRebuilt/bower_components/purescript-lists/src/Data/List/Types.purs","end":[217,25]},"List",["Nil","Cons"]]},{"ValueOpRef":[{"start":[1,1],"name":"/home/stpl/Desktop/purs/MainRebuilt/bower_components/purescript-lists/src/Data/List/Types.purs","end":[217,25]},":"]},{"TypeRef":[{"start":[1,1],"name":"/home/stpl/Desktop/purs/MainRebuilt/bower_components/purescript-lists/src/Data/List/Types.purs","end":[217,25]},"NonEmptyList",["NonEmptyList"]]},{"ValueRef":[{"start":[1,1],"name":"/home/stpl/Desktop/purs/MainRebuilt/bower_components/purescript-lists/src/Data/List/Types.purs","end":[217,25]},{"Ident":"toList"}]},{"ValueRef":[{"start":[1,1],"name":"/home/stpl/Desktop/purs/MainRebuilt/bower_components/purescript-lists/src/Data/List/Types.purs","end":[217,25]},{"Ident":"nelCons"}]},{"TypeInstanceRef":[{"start":[0,0],"name":"<generated>","end":[0,0]},{"Ident":"showList"}]},{"TypeInstanceRef":[{"start":[0,0],"name":"<generated>","end":[0,0]},{"Ident":"eqList"}]},{"TypeInstanceRef":[{"start":[0,0],"name":"<generated>","end":[0,0]},{"Ident":"eq1List"}]},{"TypeInstanceRef":[{"start":[0,0],"name":"<generated>","end":[0,0]},{"Ident":"ordList"}]},{"TypeInstanceRef":[{"start":[0,0],"name":"<generated>","end":[0,0]},{"Ident":"ord1List"}]},{"TypeInstanceRef":[{"start":[0,0],"name":"<generated>","end":[0,0]},{"Ident":"semigroupList"}]},{"TypeInstanceRef":[{"start":[0,0],"name":"<generated>","end":[0,0]},{"Ident":"monoidList"}]},{"TypeInstanceRef":[{"start":[0,0],"name":"<generated>","end":[0,0]},{"Ident":"functorList"}]},{"TypeInstanceRef":[{"start":[0,0],"name":"<generated>","end":[0,0]},{"Ident":"functorWithIndexList"}]},{"TypeInstanceRef":[{"start":[0,0],"name":"<generated>","end":[0,0]},{"Ident":"foldableList"}]},{"TypeInstanceRef":[{"start":[0,0],"name":"<generated>","end":[0,0]},{"Ident":"foldableWithIndexList"}]},{"TypeInstanceRef":[{"start":[0,0],"name":"<generated>","end":[0,0]},{"Ident":"unfoldableList"}]},{"TypeInstanceRef":[{"start":[0,0],"name":"<generated>","end":[0,0]},{"Ident":"traversableList"}]},{"TypeInstanceRef":[{"start":[0,0],"name":"<generated>","end":[0,0]},{"Ident":"traversableWithIndexList"}]},{"TypeInstanceRef":[{"start":[0,0],"name":"<generated>","end":[0,0]},{"Ident":"applyList"}]},{"TypeInstanceRef":[{"start":[0,0],"name":"<generated>","end":[0,0]},{"Ident":"applicativeList"}]},{"TypeInstanceRef":[{"start":[0,0],"name":"<generated>","end":[0,0]},{"Ident":"bindList"}]},{"TypeInstanceRef":[{"start":[0,0],"name":"<generated>","end":[0,0]},{"Ident":"monadList"}]},{"TypeInstanceRef":[{"start":[0,0],"name":"<generated>","end":[0,0]},{"Ident":"altList"}]},{"TypeInstanceRef":[{"start":[0,0],"name":"<generated>","end":[0,0]},{"Ident":"plusList"}]},{"TypeInstanceRef":[{"start":[0,0],"name":"<generated>","end":[0,0]},{"Ident":"alternativeList"}]},{"TypeInstanceRef":[{"start":[0,0],"name":"<generated>","end":[0,0]},{"Ident":"monadZeroList"}]},{"TypeInstanceRef":[{"start":[0,0],"name":"<generated>","end":[0,0]},{"Ident":"monadPlusList"}]},{"TypeInstanceRef":[{"start":[0,0],"name":"<generated>","end":[0,0]},{"Ident":"extendList"}]},{"TypeInstanceRef":[{"start":[0,0],"name":"<generated>","end":[0,0]},{"Ident":"newtypeNonEmptyList"}]},{"TypeInstanceRef":[{"start":[0,0],"name":"<generated>","end":[0,0]},{"Ident":"eqNonEmptyList"}]},{"TypeInstanceRef":[{"start":[0,0],"name":"<generated>","end":[0,0]},{"Ident":"ordNonEmptyList"}]},{"TypeInstanceRef":[{"start":[0,0],"name":"<generated>","end":[0,0]},{"Ident":"showNonEmptyList"}]},{"TypeInstanceRef":[{"start":[0,0],"name":"<generated>","end":[0,0]},{"Ident":"functorNonEmptyList"}]},{"TypeInstanceRef":[{"start":[0,0],"name":"<generated>","end":[0,0]},{"Ident":"applyNonEmptyList"}]},{"TypeInstanceRef":[{"start":[0,0],"name":"<generated>","end":[0,0]},{"Ident":"applicativeNonEmptyList"}]},{"TypeInstanceRef":[{"start":[0,0],"name":"<generated>","end":[0,0]},{"Ident":"bindNonEmptyList"}]},{"TypeInstanceRef":[{"start":[0,0],"name":"<generated>","end":[0,0]},{"Ident":"monadNonEmptyList"}]},{"TypeInstanceRef":[{"start":[0,0],"name":"<generated>","end":[0,0]},{"Ident":"altNonEmptyList"}]},{"TypeInstanceRef":[{"start":[0,0],"name":"<generated>","end":[0,0]},{"Ident":"extendNonEmptyList"}]},{"TypeInstanceRef":[{"start":[0,0],"name":"<generated>","end":[0,0]},{"Ident":"comonadNonEmptyList"}]},{"TypeInstanceRef":[{"start":[0,0],"name":"<generated>","end":[0,0]},{"Ident":"semigroupNonEmptyList"}]},{"TypeInstanceRef":[{"start":[0,0],"name":"<generated>","end":[0,0]},{"Ident":"foldableNonEmptyList"}]},{"TypeInstanceRef":[{"start":[0,0],"name":"<generated>","end":[0,0]},{"Ident":"traversableNonEmptyList"}]},{"TypeInstanceRef":[{"start":[0,0],"name":"<generated>","end":[0,0]},{"Ident":"foldable1NonEmptyList"}]},{"TypeInstanceRef":[{"start":[0,0],"name":"<generated>","end":[0,0]},{"Ident":"traversable1NonEmptyList"}]}],"efImports":[{"eiModule":["Prim"],"eiImportType":{"Implicit":[]},"eiImportedAs":["Prim"]},{"eiModule":["Prim"],"eiImportType":{"Implicit":[]},"eiImportedAs":null},{"eiModule":["Prelude"],"eiImportType":{"Implicit":[]},"eiImportedAs":null},{"eiModule":["Control","Alt"],"eiImportType":{"Explicit":[{"TypeClassRef":[{"start":[5,21],"name":"/home/stpl/Desktop/purs/MainRebuilt/bower_components/purescript-lists/src/Data/List/Types.purs","end":[5,30]},"Alt"]}]},"eiImportedAs":null},{"eiModule":["Control","Alternative"],"eiImportType":{"Explicit":[{"TypeClassRef":[{"start":[6,29],"name":"/home/stpl/Desktop/purs/MainRebuilt/bower_components/purescript-lists/src/Data/List/Types.purs","end":[6,46]},"Alternative"]}]},"eiImportedAs":null},{"eiModule":["Control","Apply"],"eiImportType":{"Explicit":[{"ValueRef":[{"start":[7,23],"name":"/home/stpl/Desktop/purs/MainRebuilt/bower_components/purescript-lists/src/Data/List/Types.purs","end":[7,28]},{"Ident":"lift2"}]}]},"eiImportedAs":null},{"eiModule":["Control","Comonad"],"eiImportType":{"Explicit":[{"TypeClassRef":[{"start":[8,25],"name":"/home/stpl/Desktop/purs/MainRebuilt/bower_components/purescript-lists/src/Data/List/Types.purs","end":[8,38]},"Comonad"]}]},"eiImportedAs":null},{"eiModule":["Control","Extend"],"eiImportType":{"Explicit":[{"TypeClassRef":[{"start":[9,24],"name":"/home/stpl/Desktop/purs/MainRebuilt/bower_components/purescript-lists/src/Data/List/Types.purs","end":[9,36]},"Extend"]}]},"eiImportedAs":null},{"eiModule":["Control","MonadPlus"],"eiImportType":{"Explicit":[{"TypeClassRef":[{"start":[10,27],"name":"/home/stpl/Desktop/purs/MainRebuilt/bower_components/purescript-lists/src/Data/List/Types.purs","end":[10,42]},"MonadPlus"]}]},"eiImportedAs":null},{"eiModule":["Control","MonadZero"],"eiImportType":{"Explicit":[{"TypeClassRef":[{"start":[11,27],"name":"/home/stpl/Desktop/purs/MainRebuilt/bower_components/purescript-lists/src/Data/List/Types.purs","end":[11,42]},"MonadZero"]}]},"eiImportedAs":null},{"eiModule":["Control","Plus"],"eiImportType":{"Explicit":[{"TypeClassRef":[{"start":[12,22],"name":"/home/stpl/Desktop/purs/MainRebuilt/bower_components/purescript-lists/src/Data/List/Types.purs","end":[12,32]},"Plus"]}]},"eiImportedAs":null},{"eiModule":["Data","Eq"],"eiImportType":{"Explicit":[{"TypeClassRef":[{"start":[13,17],"name":"/home/stpl/Desktop/purs/MainRebuilt/bower_components/purescript-lists/src/Data/List/Types.purs","end":[13,26]},"Eq1"]},{"ValueRef":[{"start":[13,28],"name":"/home/stpl/Desktop/purs/MainRebuilt/bower_components/purescript-lists/src/Data/List/Types.purs","end":[13,31]},{"Ident":"eq1"}]}]},"eiImportedAs":null},{"eiModule":["Data","Foldable"],"eiImportType":{"Explicit":[{"TypeClassRef":[{"start":[14,23],"name":"/home/stpl/Desktop/purs/MainRebuilt/bower_components/purescript-lists/src/Data/List/Types.purs","end":[14,37]},"Foldable"]},{"ValueRef":[{"start":[14,39],"name":"/home/stpl/Desktop/purs/MainRebuilt/bower_components/purescript-lists/src/Data/List/Types.purs","end":[14,44]},{"Ident":"foldl"}]},{"ValueRef":[{"start":[14,46],"name":"/home/stpl/Desktop/purs/MainRebuilt/bower_components/purescript-lists/src/Data/List/Types.purs","end":[14,51]},{"Ident":"foldr"}]},{"ValueRef":[{"start":[14,53],"name":"/home/stpl/Desktop/purs/MainRebuilt/bower_components/purescript-lists/src/Data/List/Types.purs","end":[14,64]},{"Ident":"intercalate"}]}]},"eiImportedAs":null},{"eiModule":["Data","FoldableWithIndex"],"eiImportType":{"Explicit":[{"TypeClassRef":[{"start":[15,32],"name":"/home/stpl/Desktop/purs/MainRebuilt/bower_components/purescript-lists/src/Data/List/Types.purs","end":[15,55]},"FoldableWithIndex"]},{"ValueRef":[{"start":[15,57],"name":"/home/stpl/Desktop/purs/MainRebuilt/bower_components/purescript-lists/src/Data/List/Types.purs","end":[15,71]},{"Ident":"foldlWithIndex"}]},{"ValueRef":[{"start":[15,73],"name":"/home/stpl/Desktop/purs/MainRebuilt/bower_components/purescript-lists/src/Data/List/Types.purs","end":[15,87]},{"Ident":"foldrWithIndex"}]}]},"eiImportedAs":null},{"eiModule":["Data","FunctorWithIndex"],"eiImportType":{"Explicit":[{"TypeClassRef":[{"start":[16,31],"name":"/home/stpl/Desktop/purs/MainRebuilt/bower_components/purescript-lists/src/Data/List/Types.purs","end":[16,53]},"FunctorWithIndex"]}]},"eiImportedAs":null},{"eiModule":["Data","Maybe"],"eiImportType":{"Explicit":[{"TypeRef":[{"start":[17,20],"name":"/home/stpl/Desktop/purs/MainRebuilt/bower_components/purescript-lists/src/Data/List/Types.purs","end":[17,29]},"Maybe",null]}]},"eiImportedAs":null},{"eiModule":["Data","Monoid"],"eiImportType":{"Explicit":[{"TypeClassRef":[{"start":[18,21],"name":"/home/stpl/Desktop/purs/MainRebuilt/bower_components/purescript-lists/src/Data/List/Types.purs","end":[18,33]},"Monoid"]},{"ValueRef":[{"start":[18,35],"name":"/home/stpl/Desktop/purs/MainRebuilt/bower_components/purescript-lists/src/Data/List/Types.purs","end":[18,41]},{"Ident":"mempty"}]}]},"eiImportedAs":null},{"eiModule":["Data","Newtype"],"eiImportType":{"Explicit":[{"TypeClassRef":[{"start":[19,22],"name":"/home/stpl/Desktop/purs/MainRebuilt/bower_components/purescript-lists/src/Data/List/Types.purs","end":[19,35]},"Newtype"]}]},"eiImportedAs":null},{"eiModule":["Data","NonEmpty"],"eiImportType":{"Explicit":[{"TypeRef":[{"start":[20,23],"name":"/home/stpl/Desktop/purs/MainRebuilt/bower_components/purescript-lists/src/Data/List/Types.purs","end":[20,31]},"NonEmpty",[]]},{"ValueOpRef":[{"start":[20,33],"name":"/home/stpl/Desktop/purs/MainRebuilt/bower_components/purescript-lists/src/Data/List/Types.purs","end":[20,37]},":|"]}]},"eiImportedAs":null},{"eiModule":["Data","NonEmpty"],"eiImportType":{"Implicit":[]},"eiImportedAs":["NE"]},{"eiModule":["Data","Ord"],"eiImportType":{"Explicit":[{"TypeClassRef":[{"start":[22,18],"name":"/home/stpl/Desktop/purs/MainRebuilt/bower_components/purescript-lists/src/Data/List/Types.purs","end":[22,28]},"Ord1"]},{"ValueRef":[{"start":[22,30],"name":"/home/stpl/Desktop/purs/MainRebuilt/bower_components/purescript-lists/src/Data/List/Types.purs","end":[22,38]},{"Ident":"compare1"}]}]},"eiImportedAs":null},{"eiModule":["Data","Semigroup","Foldable"],"eiImportType":{"Explicit":[{"TypeClassRef":[{"start":[23,33],"name":"/home/stpl/Desktop/purs/MainRebuilt/bower_components/purescript-lists/src/Data/List/Types.purs","end":[23,48]},"Foldable1"]}]},"eiImportedAs":null},{"eiModule":["Data","Semigroup","Traversable"],"eiImportType":{"Explicit":[{"TypeClassRef":[{"start":[24,36],"name":"/home/stpl/Desktop/purs/MainRebuilt/bower_components/purescript-lists/src/Data/List/Types.purs","end":[24,54]},"Traversable1"]},{"ValueRef":[{"start":[24,56],"name":"/home/stpl/Desktop/purs/MainRebuilt/bower_components/purescript-lists/src/Data/List/Types.purs","end":[24,65]},{"Ident":"traverse1"}]}]},"eiImportedAs":null},{"eiModule":["Data","Traversable"],"eiImportType":{"Explicit":[{"TypeClassRef":[{"start":[25,26],"name":"/home/stpl/Desktop/purs/MainRebuilt/bower_components/purescript-lists/src/Data/List/Types.purs","end":[25,43]},"Traversable"]},{"ValueRef":[{"start":[25,45],"name":"/home/stpl/Desktop/purs/MainRebuilt/bower_components/purescript-lists/src/Data/List/Types.purs","end":[25,53]},{"Ident":"traverse"}]}]},"eiImportedAs":null},{"eiModule":["Data","TraversableWithIndex"],"eiImportType":{"Explicit":[{"TypeClassRef":[{"start":[26,35],"name":"/home/stpl/Desktop/purs/MainRebuilt/bower_components/purescript-lists/src/Data/List/Types.purs","end":[26,61]},"TraversableWithIndex"]}]},"eiImportedAs":null},{"eiModule":["Data","Tuple"],"eiImportType":{"Explicit":[{"TypeRef":[{"start":[27,20],"name":"/home/stpl/Desktop/purs/MainRebuilt/bower_components/purescript-lists/src/Data/List/Types.purs","end":[27,29]},"Tuple",null]},{"ValueRef":[{"start":[27,31],"name":"/home/stpl/Desktop/purs/MainRebuilt/bower_components/purescript-lists/src/Data/List/Types.purs","end":[27,34]},{"Ident":"snd"}]}]},"eiImportedAs":null},{"eiModule":["Data","Unfoldable"],"eiImportType":{"Explicit":[{"TypeClassRef":[{"start":[28,25],"name":"/home/stpl/Desktop/purs/MainRebuilt/bower_components/purescript-lists/src/Data/List/Types.purs","end":[28,41]},"Unfoldable"]}]},"eiImportedAs":null}],"efFixities":[{"efAssociativity":"infixr","efPrecedence":6,"efOperator":":","efAlias":[["Data","List","Types"],{"Right":"Cons"}]}],"efTypeFixities":[],"efDeclarations":[{"EDType":{"edTypeName":"List","edTypeKind":{"tag":"FunKind","contents":[{"tag":"NamedKind","contents":[["Prim"],"Type"]},{"tag":"NamedKind","contents":[["Prim"],"Type"]}]},"edTypeDeclarationKind":{"DataType":{"args":[["a",{"tag":"NamedKind","contents":[["Prim"],"Type"]}]],"ctors":[["Nil",[]],["Cons",[{"tag":"TypeVar","contents":"a"},{"tag":"TypeApp","contents":[{"tag":"TypeConstructor","contents":[["Data","List","Types"],"List"]},{"tag":"TypeVar","contents":"a"}]}]]]}}}},{"EDDataConstructor":{"edDataCtorName":"Nil","edDataCtorOrigin":"data","edDataCtorTypeCtor":"List","edDataCtorType":{"tag":"ForAll","contents":["a",{"tag":"TypeApp","contents":[{"tag":"TypeConstructor","contents":[["Data","List","Types"],"List"]},{"tag":"TypeVar","contents":"a"}]},null]},"edDataCtorFields":[]}},{"EDDataConstructor":{"edDataCtorName":"Cons","edDataCtorOrigin":"data","edDataCtorTypeCtor":"List","edDataCtorType":{"tag":"ForAll","contents":["a",{"tag":"TypeApp","contents":[{"tag":"TypeApp","contents":[{"tag":"TypeConstructor","contents":[["Prim"],"Function"]},{"tag":"TypeVar","contents":"a"}]},{"tag":"TypeApp","contents":[{"tag":"TypeApp","contents":[{"tag":"TypeConstructor","contents":[["Prim"],"Function"]},{"tag":"TypeApp","contents":[{"tag":"TypeConstructor","contents":[["Data","List","Types"],"List"]},{"tag":"TypeVar","contents":"a"}]}]},{"tag":"TypeApp","contents":[{"tag":"TypeConstructor","contents":[["Data","List","Types"],"List"]},{"tag":"TypeVar","contents":"a"}]}]}]},null]},"edDataCtorFields":[{"Ident":"value0"},{"Ident":"value1"}]}},{"EDType":{"edTypeName":"NonEmptyList","edTypeKind":{"tag":"FunKind","contents":[{"tag":"NamedKind","contents":[["Prim"],"Type"]},{"tag":"NamedKind","contents":[["Prim"],"Type"]}]},"edTypeDeclarationKind":{"DataType":{"args":[["a",{"tag":"NamedKind","contents":[["Prim"],"Type"]}]],"ctors":[["NonEmptyList",[{"tag":"TypeApp","contents":[{"tag":"TypeApp","contents":[{"tag":"TypeConstructor","contents":[["Data","NonEmpty"],"NonEmpty"]},{"tag":"TypeConstructor","contents":[["Data","List","Types"],"List"]}]},{"tag":"TypeVar","contents":"a"}]}]]]}}}},{"EDDataConstructor":{"edDataCtorName":"NonEmptyList","edDataCtorOrigin":"newtype","edDataCtorTypeCtor":"NonEmptyList","edDataCtorType":{"tag":"ForAll","contents":["a",{"tag":"TypeApp","contents":[{"tag":"TypeApp","contents":[{"tag":"TypeConstructor","contents":[["Prim"],"Function"]},{"tag":"TypeApp","contents":[{"tag":"TypeApp","contents":[{"tag":"TypeConstructor","contents":[["Data","NonEmpty"],"NonEmpty"]},{"tag":"TypeConstructor","contents":[["Data","List","Types"],"List"]}]},{"tag":"TypeVar","contents":"a"}]}]},{"tag":"TypeApp","contents":[{"tag":"TypeConstructor","contents":[["Data","List","Types"],"NonEmptyList"]},{"tag":"TypeVar","contents":"a"}]}]},null]},"edDataCtorFields":[{"Ident":"value0"}]}},{"EDValue":{"edValueName":{"Ident":"toList"},"edValueType":{"tag":"ForAll","contents":["a",{"tag":"TypeApp","contents":[{"tag":"TypeApp","contents":[{"tag":"TypeConstructor","contents":[["Prim"],"Function"]},{"tag":"TypeApp","contents":[{"tag":"TypeConstructor","contents":[["Data","List","Types"],"NonEmptyList"]},{"tag":"TypeVar","contents":"a"}]}]},{"tag":"TypeApp","contents":[{"tag":"TypeConstructor","contents":[["Data","List","Types"],"List"]},{"tag":"TypeVar","contents":"a"}]}]},79]}}},{"EDValue":{"edValueName":{"Ident":"nelCons"},"edValueType":{"tag":"ForAll","contents":["a",{"tag":"TypeApp","contents":[{"tag":"TypeApp","contents":[{"tag":"TypeConstructor","contents":[["Prim"],"Function"]},{"tag":"TypeVar","contents":"a"}]},{"tag":"TypeApp","contents":[{"tag":"TypeApp","contents":[{"tag":"TypeConstructor","contents":[["Prim"],"Function"]},{"tag":"TypeApp","contents":[{"tag":"TypeConstructor","contents":[["Data","List","Types"],"NonEmptyList"]},{"tag":"TypeVar","contents":"a"}]}]},{"tag":"TypeApp","contents":[{"tag":"TypeConstructor","contents":[["Data","List","Types"],"NonEmptyList"]},{"tag":"TypeVar","contents":"a"}]}]}]},106]}}},{"EDInstance":{"edInstanceClassName":[["Data","Show"],"Show"],"edInstanceName":{"Ident":"showList"},"edInstanceTypes":[{"tag":"TypeApp","contents":[{"tag":"TypeConstructor","contents":[["Data","List","Types"],"List"]},{"tag":"TypeVar","contents":"a"}]}],"edInstanceConstraints":[{"constraintClass":[["Data","Show"],"Show"],"constraintArgs":[{"tag":"TypeVar","contents":"a"}],"constraintData":null}]}},{"EDInstance":{"edInstanceClassName":[["Data","Eq"],"Eq"],"edInstanceName":{"Ident":"eqList"},"edInstanceTypes":[{"tag":"TypeApp","contents":[{"tag":"TypeConstructor","contents":[["Data","List","Types"],"List"]},{"tag":"TypeVar","contents":"a"}]}],"edInstanceConstraints":[{"constraintClass":[["Data","Eq"],"Eq"],"constraintArgs":[{"tag":"TypeVar","contents":"a"}],"constraintData":null}]}},{"EDInstance":{"edInstanceClassName":[["Data","Eq"],"Eq1"],"edInstanceName":{"Ident":"eq1List"},"edInstanceTypes":[{"tag":"TypeConstructor","contents":[["Data","List","Types"],"List"]}],"edInstanceConstraints":[]}},{"EDInstance":{"edInstanceClassName":[["Data","Ord"],"Ord"],"edInstanceName":{"Ident":"ordList"},"edInstanceTypes":[{"tag":"TypeApp","contents":[{"tag":"TypeConstructor","contents":[["Data","List","Types"],"List"]},{"tag":"TypeVar","contents":"a"}]}],"edInstanceConstraints":[{"constraintClass":[["Data","Ord"],"Ord"],"constraintArgs":[{"tag":"TypeVar","contents":"a"}],"constraintData":null}]}},{"EDInstance":{"edInstanceClassName":[["Data","Ord"],"Ord1"],"edInstanceName":{"Ident":"ord1List"},"edInstanceTypes":[{"tag":"TypeConstructor","contents":[["Data","List","Types"],"List"]}],"edInstanceConstraints":[]}},{"EDInstance":{"edInstanceClassName":[["Data","Semigroup"],"Semigroup"],"edInstanceName":{"Ident":"semigroupList"},"edInstanceTypes":[{"tag":"TypeApp","contents":[{"tag":"TypeConstructor","contents":[["Data","List","Types"],"List"]},{"tag":"TypeVar","contents":"a"}]}],"edInstanceConstraints":[]}},{"EDInstance":{"edInstanceClassName":[["Data","Monoid"],"Monoid"],"edInstanceName":{"Ident":"monoidList"},"edInstanceTypes":[{"tag":"TypeApp","contents":[{"tag":"TypeConstructor","contents":[["Data","List","Types"],"List"]},{"tag":"TypeVar","contents":"a"}]}],"edInstanceConstraints":[]}},{"EDInstance":{"edInstanceClassName":[["Data","Functor"],"Functor"],"edInstanceName":{"Ident":"functorList"},"edInstanceTypes":[{"tag":"TypeConstructor","contents":[["Data","List","Types"],"List"]}],"edInstanceConstraints":[]}},{"EDInstance":{"edInstanceClassName":[["Data","FunctorWithIndex"],"FunctorWithIndex"],"edInstanceName":{"Ident":"functorWithIndexList"},"edInstanceTypes":[{"tag":"TypeConstructor","contents":[["Prim"],"Int"]},{"tag":"TypeConstructor","contents":[["Data","List","Types"],"List"]}],"edInstanceConstraints":[]}},{"EDInstance":{"edInstanceClassName":[["Data","Foldable"],"Foldable"],"edInstanceName":{"Ident":"foldableList"},"edInstanceTypes":[{"tag":"TypeConstructor","contents":[["Data","List","Types"],"List"]}],"edInstanceConstraints":[]}},{"EDInstance":{"edInstanceClassName":[["Data","FoldableWithIndex"],"FoldableWithIndex"],"edInstanceName":{"Ident":"foldableWithIndexList"},"edInstanceTypes":[{"tag":"TypeConstructor","contents":[["Prim"],"Int"]},{"tag":"TypeConstructor","contents":[["Data","List","Types"],"List"]}],"edInstanceConstraints":[]}},{"EDInstance":{"edInstanceClassName":[["Data","Unfoldable"],"Unfoldable"],"edInstanceName":{"Ident":"unfoldableList"},"edInstanceTypes":[{"tag":"TypeConstructor","contents":[["Data","List","Types"],"List"]}],"edInstanceConstraints":[]}},{"EDInstance":{"edInstanceClassName":[["Data","Traversable"],"Traversable"],"edInstanceName":{"Ident":"traversableList"},"edInstanceTypes":[{"tag":"TypeConstructor","contents":[["Data","List","Types"],"List"]}],"edInstanceConstraints":[]}},{"EDInstance":{"edInstanceClassName":[["Data","TraversableWithIndex"],"TraversableWithIndex"],"edInstanceName":{"Ident":"traversableWithIndexList"},"edInstanceTypes":[{"tag":"TypeConstructor","contents":[["Prim"],"Int"]},{"tag":"TypeConstructor","contents":[["Data","List","Types"],"List"]}],"edInstanceConstraints":[]}},{"EDInstance":{"edInstanceClassName":[["Control","Apply"],"Apply"],"edInstanceName":{"Ident":"applyList"},"edInstanceTypes":[{"tag":"TypeConstructor","contents":[["Data","List","Types"],"List"]}],"edInstanceConstraints":[]}},{"EDInstance":{"edInstanceClassName":[["Control","Applicative"],"Applicative"],"edInstanceName":{"Ident":"applicativeList"},"edInstanceTypes":[{"tag":"TypeConstructor","contents":[["Data","List","Types"],"List"]}],"edInstanceConstraints":[]}},{"EDInstance":{"edInstanceClassName":[["Control","Bind"],"Bind"],"edInstanceName":{"Ident":"bindList"},"edInstanceTypes":[{"tag":"TypeConstructor","contents":[["Data","List","Types"],"List"]}],"edInstanceConstraints":[]}},{"EDInstance":{"edInstanceClassName":[["Control","Monad"],"Monad"],"edInstanceName":{"Ident":"monadList"},"edInstanceTypes":[{"tag":"TypeConstructor","contents":[["Data","List","Types"],"List"]}],"edInstanceConstraints":[]}},{"EDInstance":{"edInstanceClassName":[["Control","Alt"],"Alt"],"edInstanceName":{"Ident":"altList"},"edInstanceTypes":[{"tag":"TypeConstructor","contents":[["Data","List","Types"],"List"]}],"edInstanceConstraints":[]}},{"EDInstance":{"edInstanceClassName":[["Control","Plus"],"Plus"],"edInstanceName":{"Ident":"plusList"},"edInstanceTypes":[{"tag":"TypeConstructor","contents":[["Data","List","Types"],"List"]}],"edInstanceConstraints":[]}},{"EDInstance":{"edInstanceClassName":[["Control","Alternative"],"Alternative"],"edInstanceName":{"Ident":"alternativeList"},"edInstanceTypes":[{"tag":"TypeConstructor","contents":[["Data","List","Types"],"List"]}],"edInstanceConstraints":[]}},{"EDInstance":{"edInstanceClassName":[["Control","MonadZero"],"MonadZero"],"edInstanceName":{"Ident":"monadZeroList"},"edInstanceTypes":[{"tag":"TypeConstructor","contents":[["Data","List","Types"],"List"]}],"edInstanceConstraints":[]}},{"EDInstance":{"edInstanceClassName":[["Control","MonadPlus"],"MonadPlus"],"edInstanceName":{"Ident":"monadPlusList"},"edInstanceTypes":[{"tag":"TypeConstructor","contents":[["Data","List","Types"],"List"]}],"edInstanceConstraints":[]}},{"EDInstance":{"edInstanceClassName":[["Control","Extend"],"Extend"],"edInstanceName":{"Ident":"extendList"},"edInstanceTypes":[{"tag":"TypeConstructor","contents":[["Data","List","Types"],"List"]}],"edInstanceConstraints":[]}},{"EDInstance":{"edInstanceClassName":[["Data","Newtype"],"Newtype"],"edInstanceName":{"Ident":"newtypeNonEmptyList"},"edInstanceTypes":[{"tag":"TypeApp","contents":[{"tag":"TypeConstructor","contents":[["Data","List","Types"],"NonEmptyList"]},{"tag":"TypeVar","contents":"a"}]},{"tag":"TypeApp","contents":[{"tag":"TypeApp","contents":[{"tag":"TypeConstructor","contents":[["Data","NonEmpty"],"NonEmpty"]},{"tag":"TypeConstructor","contents":[["Data","List","Types"],"List"]}]},{"tag":"TypeVar","contents":"a"}]}],"edInstanceConstraints":[]}},{"EDInstance":{"edInstanceClassName":[["Data","Eq"],"Eq"],"edInstanceName":{"Ident":"eqNonEmptyList"},"edInstanceTypes":[{"tag":"TypeApp","contents":[{"tag":"TypeConstructor","contents":[["Data","List","Types"],"NonEmptyList"]},{"tag":"TypeVar","contents":"a"}]}],"edInstanceConstraints":[{"constraintClass":[["Data","Eq"],"Eq"],"constraintArgs":[{"tag":"TypeVar","contents":"a"}],"constraintData":null}]}},{"EDInstance":{"edInstanceClassName":[["Data","Ord"],"Ord"],"edInstanceName":{"Ident":"ordNonEmptyList"},"edInstanceTypes":[{"tag":"TypeApp","contents":[{"tag":"TypeConstructor","contents":[["Data","List","Types"],"NonEmptyList"]},{"tag":"TypeVar","contents":"a"}]}],"edInstanceConstraints":[{"constraintClass":[["Data","Ord"],"Ord"],"constraintArgs":[{"tag":"TypeVar","contents":"a"}],"constraintData":null}]}},{"EDInstance":{"edInstanceClassName":[["Data","Show"],"Show"],"edInstanceName":{"Ident":"showNonEmptyList"},"edInstanceTypes":[{"tag":"TypeApp","contents":[{"tag":"TypeConstructor","contents":[["Data","List","Types"],"NonEmptyList"]},{"tag":"TypeVar","contents":"a"}]}],"edInstanceConstraints":[{"constraintClass":[["Data","Show"],"Show"],"constraintArgs":[{"tag":"TypeVar","contents":"a"}],"constraintData":null}]}},{"EDInstance":{"edInstanceClassName":[["Data","Functor"],"Functor"],"edInstanceName":{"Ident":"functorNonEmptyList"},"edInstanceTypes":[{"tag":"TypeConstructor","contents":[["Data","List","Types"],"NonEmptyList"]}],"edInstanceConstraints":[]}},{"EDInstance":{"edInstanceClassName":[["Control","Apply"],"Apply"],"edInstanceName":{"Ident":"applyNonEmptyList"},"edInstanceTypes":[{"tag":"TypeConstructor","contents":[["Data","List","Types"],"NonEmptyList"]}],"edInstanceConstraints":[]}},{"EDInstance":{"edInstanceClassName":[["Control","Applicative"],"Applicative"],"edInstanceName":{"Ident":"applicativeNonEmptyList"},"edInstanceTypes":[{"tag":"TypeConstructor","contents":[["Data","List","Types"],"NonEmptyList"]}],"edInstanceConstraints":[]}},{"EDInstance":{"edInstanceClassName":[["Control","Bind"],"Bind"],"edInstanceName":{"Ident":"bindNonEmptyList"},"edInstanceTypes":[{"tag":"TypeConstructor","contents":[["Data","List","Types"],"NonEmptyList"]}],"edInstanceConstraints":[]}},{"EDInstance":{"edInstanceClassName":[["Control","Monad"],"Monad"],"edInstanceName":{"Ident":"monadNonEmptyList"},"edInstanceTypes":[{"tag":"TypeConstructor","contents":[["Data","List","Types"],"NonEmptyList"]}],"edInstanceConstraints":[]}},{"EDInstance":{"edInstanceClassName":[["Control","Alt"],"Alt"],"edInstanceName":{"Ident":"altNonEmptyList"},"edInstanceTypes":[{"tag":"TypeConstructor","contents":[["Data","List","Types"],"NonEmptyList"]}],"edInstanceConstraints":[]}},{"EDInstance":{"edInstanceClassName":[["Control","Extend"],"Extend"],"edInstanceName":{"Ident":"extendNonEmptyList"},"edInstanceTypes":[{"tag":"TypeConstructor","contents":[["Data","List","Types"],"NonEmptyList"]}],"edInstanceConstraints":[]}},{"EDInstance":{"edInstanceClassName":[["Control","Comonad"],"Comonad"],"edInstanceName":{"Ident":"comonadNonEmptyList"},"edInstanceTypes":[{"tag":"TypeConstructor","contents":[["Data","List","Types"],"NonEmptyList"]}],"edInstanceConstraints":[]}},{"EDInstance":{"edInstanceClassName":[["Data","Semigroup"],"Semigroup"],"edInstanceName":{"Ident":"semigroupNonEmptyList"},"edInstanceTypes":[{"tag":"TypeApp","contents":[{"tag":"TypeConstructor","contents":[["Data","List","Types"],"NonEmptyList"]},{"tag":"TypeVar","contents":"a"}]}],"edInstanceConstraints":[]}},{"EDInstance":{"edInstanceClassName":[["Data","Foldable"],"Foldable"],"edInstanceName":{"Ident":"foldableNonEmptyList"},"edInstanceTypes":[{"tag":"TypeConstructor","contents":[["Data","List","Types"],"NonEmptyList"]}],"edInstanceConstraints":[]}},{"EDInstance":{"edInstanceClassName":[["Data","Traversable"],"Traversable"],"edInstanceName":{"Ident":"traversableNonEmptyList"},"edInstanceTypes":[{"tag":"TypeConstructor","contents":[["Data","List","Types"],"NonEmptyList"]}],"edInstanceConstraints":[]}},{"EDInstance":{"edInstanceClassName":[["Data","Semigroup","Foldable"],"Foldable1"],"edInstanceName":{"Ident":"foldable1NonEmptyList"},"edInstanceTypes":[{"tag":"TypeConstructor","contents":[["Data","List","Types"],"NonEmptyList"]}],"edInstanceConstraints":[]}},{"EDInstance":{"edInstanceClassName":[["Data","Semigroup","Traversable"],"Traversable1"],"edInstanceName":{"Ident":"traversable1NonEmptyList"},"edInstanceTypes":[{"tag":"TypeConstructor","contents":[["Data","List","Types"],"NonEmptyList"]}],"edInstanceConstraints":[]}}],"efSourceSpan":{"start":[1,1],"name":"/home/stpl/Desktop/purs/MainRebuilt/bower_components/purescript-lists/src/Data/List/Types.purs","end":[217,25]}}