{"efVersion":"0.11.7","efModuleName":["Control","Monad","Reader","Trans"],"efExports":[{"ReExportRef":[{"start":[1,1],"name":"/home/stpl/Desktop/purs/MainRebuilt/bower_components/purescript-transformers/src/Control/Monad/Reader/Trans.purs","end":[125,52]},["Control","Monad","Reader","Class"],{"TypeClassRef":[{"start":[1,1],"name":"/home/stpl/Desktop/purs/MainRebuilt/bower_components/purescript-transformers/src/Control/Monad/Reader/Trans.purs","end":[125,52]},"MonadAsk"]}]},{"ReExportRef":[{"start":[1,1],"name":"/home/stpl/Desktop/purs/MainRebuilt/bower_components/purescript-transformers/src/Control/Monad/Reader/Trans.purs","end":[125,52]},["Control","Monad","Reader","Class"],{"TypeClassRef":[{"start":[1,1],"name":"/home/stpl/Desktop/purs/MainRebuilt/bower_components/purescript-transformers/src/Control/Monad/Reader/Trans.purs","end":[125,52]},"MonadReader"]}]},{"ReExportRef":[{"start":[1,1],"name":"/home/stpl/Desktop/purs/MainRebuilt/bower_components/purescript-transformers/src/Control/Monad/Reader/Trans.purs","end":[125,52]},["Control","Monad","Trans","Class"],{"TypeClassRef":[{"start":[1,1],"name":"/home/stpl/Desktop/purs/MainRebuilt/bower_components/purescript-transformers/src/Control/Monad/Reader/Trans.purs","end":[125,52]},"MonadTrans"]}]},{"ReExportRef":[{"start":[1,1],"name":"/home/stpl/Desktop/purs/MainRebuilt/bower_components/purescript-transformers/src/Control/Monad/Reader/Trans.purs","end":[125,52]},["Control","Monad","Reader","Class"],{"ValueRef":[{"start":[1,1],"name":"/home/stpl/Desktop/purs/MainRebuilt/bower_components/purescript-transformers/src/Control/Monad/Reader/Trans.purs","end":[125,52]},{"Ident":"ask"}]}]},{"ReExportRef":[{"start":[1,1],"name":"/home/stpl/Desktop/purs/MainRebuilt/bower_components/purescript-transformers/src/Control/Monad/Reader/Trans.purs","end":[125,52]},["Control","Monad","Reader","Class"],{"ValueRef":[{"start":[1,1],"name":"/home/stpl/Desktop/purs/MainRebuilt/bower_components/purescript-transformers/src/Control/Monad/Reader/Trans.purs","end":[125,52]},{"Ident":"asks"}]}]},{"ReExportRef":[{"start":[1,1],"name":"/home/stpl/Desktop/purs/MainRebuilt/bower_components/purescript-transformers/src/Control/Monad/Reader/Trans.purs","end":[125,52]},["Control","Monad","Trans","Class"],{"ValueRef":[{"start":[1,1],"name":"/home/stpl/Desktop/purs/MainRebuilt/bower_components/purescript-transformers/src/Control/Monad/Reader/Trans.purs","end":[125,52]},{"Ident":"lift"}]}]},{"ReExportRef":[{"start":[1,1],"name":"/home/stpl/Desktop/purs/MainRebuilt/bower_components/purescript-transformers/src/Control/Monad/Reader/Trans.purs","end":[125,52]},["Control","Monad","Reader","Class"],{"ValueRef":[{"start":[1,1],"name":"/home/stpl/Desktop/purs/MainRebuilt/bower_components/purescript-transformers/src/Control/Monad/Reader/Trans.purs","end":[125,52]},{"Ident":"local"}]}]},{"TypeRef":[{"start":[1,1],"name":"/home/stpl/Desktop/purs/MainRebuilt/bower_components/purescript-transformers/src/Control/Monad/Reader/Trans.purs","end":[125,52]},"ReaderT",["ReaderT"]]},{"ValueRef":[{"start":[1,1],"name":"/home/stpl/Desktop/purs/MainRebuilt/bower_components/purescript-transformers/src/Control/Monad/Reader/Trans.purs","end":[125,52]},{"Ident":"runReaderT"}]},{"ValueRef":[{"start":[1,1],"name":"/home/stpl/Desktop/purs/MainRebuilt/bower_components/purescript-transformers/src/Control/Monad/Reader/Trans.purs","end":[125,52]},{"Ident":"withReaderT"}]},{"ValueRef":[{"start":[1,1],"name":"/home/stpl/Desktop/purs/MainRebuilt/bower_components/purescript-transformers/src/Control/Monad/Reader/Trans.purs","end":[125,52]},{"Ident":"mapReaderT"}]},{"ModuleRef":[{"start":[5,5],"name":"/home/stpl/Desktop/purs/MainRebuilt/bower_components/purescript-transformers/src/Control/Monad/Reader/Trans.purs","end":[5,37]},["Control","Monad","Trans","Class"]]},{"ModuleRef":[{"start":[6,5],"name":"/home/stpl/Desktop/purs/MainRebuilt/bower_components/purescript-transformers/src/Control/Monad/Reader/Trans.purs","end":[6,38]},["Control","Monad","Reader","Class"]]},{"TypeInstanceRef":[{"start":[0,0],"name":"<generated>","end":[0,0]},{"Ident":"newtypeReaderT"}]},{"TypeInstanceRef":[{"start":[0,0],"name":"<generated>","end":[0,0]},{"Ident":"functorReaderT"}]},{"TypeInstanceRef":[{"start":[0,0],"name":"<generated>","end":[0,0]},{"Ident":"applyReaderT"}]},{"TypeInstanceRef":[{"start":[0,0],"name":"<generated>","end":[0,0]},{"Ident":"applicativeReaderT"}]},{"TypeInstanceRef":[{"start":[0,0],"name":"<generated>","end":[0,0]},{"Ident":"altReaderT"}]},{"TypeInstanceRef":[{"start":[0,0],"name":"<generated>","end":[0,0]},{"Ident":"plusReaderT"}]},{"TypeInstanceRef":[{"start":[0,0],"name":"<generated>","end":[0,0]},{"Ident":"alternativeReaderT"}]},{"TypeInstanceRef":[{"start":[0,0],"name":"<generated>","end":[0,0]},{"Ident":"bindReaderT"}]},{"TypeInstanceRef":[{"start":[0,0],"name":"<generated>","end":[0,0]},{"Ident":"monadReaderT"}]},{"TypeInstanceRef":[{"start":[0,0],"name":"<generated>","end":[0,0]},{"Ident":"monadZeroReaderT"}]},{"TypeInstanceRef":[{"start":[0,0],"name":"<generated>","end":[0,0]},{"Ident":"semigroupReaderT"}]},{"TypeInstanceRef":[{"start":[0,0],"name":"<generated>","end":[0,0]},{"Ident":"monoidReaderT"}]},{"TypeInstanceRef":[{"start":[0,0],"name":"<generated>","end":[0,0]},{"Ident":"monadPlusReaderT"}]},{"TypeInstanceRef":[{"start":[0,0],"name":"<generated>","end":[0,0]},{"Ident":"monadTransReaderT"}]},{"TypeInstanceRef":[{"start":[0,0],"name":"<generated>","end":[0,0]},{"Ident":"monadEffReader"}]},{"TypeInstanceRef":[{"start":[0,0],"name":"<generated>","end":[0,0]},{"Ident":"monadContReaderT"}]},{"TypeInstanceRef":[{"start":[0,0],"name":"<generated>","end":[0,0]},{"Ident":"monadThrowReaderT"}]},{"TypeInstanceRef":[{"start":[0,0],"name":"<generated>","end":[0,0]},{"Ident":"monadErrorReaderT"}]},{"TypeInstanceRef":[{"start":[0,0],"name":"<generated>","end":[0,0]},{"Ident":"monadAskReaderT"}]},{"TypeInstanceRef":[{"start":[0,0],"name":"<generated>","end":[0,0]},{"Ident":"monadReaderReaderT"}]},{"TypeInstanceRef":[{"start":[0,0],"name":"<generated>","end":[0,0]},{"Ident":"monadStateReaderT"}]},{"TypeInstanceRef":[{"start":[0,0],"name":"<generated>","end":[0,0]},{"Ident":"monadTellReaderT"}]},{"TypeInstanceRef":[{"start":[0,0],"name":"<generated>","end":[0,0]},{"Ident":"monadWriterReaderT"}]},{"TypeInstanceRef":[{"start":[0,0],"name":"<generated>","end":[0,0]},{"Ident":"distributiveReaderT"}]},{"TypeInstanceRef":[{"start":[0,0],"name":"<generated>","end":[0,0]},{"Ident":"monadRecReaderT"}]}],"efImports":[{"eiModule":["Prim"],"eiImportType":{"Implicit":[]},"eiImportedAs":["Prim"]},{"eiModule":["Prim"],"eiImportType":{"Implicit":[]},"eiImportedAs":null},{"eiModule":["Prelude"],"eiImportType":{"Implicit":[]},"eiImportedAs":null},{"eiModule":["Control","Alt"],"eiImportType":{"Explicit":[{"TypeClassRef":[{"start":[11,21],"name":"/home/stpl/Desktop/purs/MainRebuilt/bower_components/purescript-transformers/src/Control/Monad/Reader/Trans.purs","end":[11,30]},"Alt"]},{"ValueOpRef":[{"start":[11,32],"name":"/home/stpl/Desktop/purs/MainRebuilt/bower_components/purescript-transformers/src/Control/Monad/Reader/Trans.purs","end":[11,37]},"<|>"]}]},"eiImportedAs":null},{"eiModule":["Control","Alternative"],"eiImportType":{"Explicit":[{"TypeClassRef":[{"start":[12,29],"name":"/home/stpl/Desktop/purs/MainRebuilt/bower_components/purescript-transformers/src/Control/Monad/Reader/Trans.purs","end":[12,46]},"Alternative"]}]},"eiImportedAs":null},{"eiModule":["Control","Apply"],"eiImportType":{"Explicit":[{"ValueRef":[{"start":[13,23],"name":"/home/stpl/Desktop/purs/MainRebuilt/bower_components/purescript-transformers/src/Control/Monad/Reader/Trans.purs","end":[13,28]},{"Ident":"lift2"}]}]},"eiImportedAs":null},{"eiModule":["Control","Monad","Cont","Class"],"eiImportType":{"Explicit":[{"TypeClassRef":[{"start":[14,34],"name":"/home/stpl/Desktop/purs/MainRebuilt/bower_components/purescript-transformers/src/Control/Monad/Reader/Trans.purs","end":[14,49]},"MonadCont"]},{"ValueRef":[{"start":[14,51],"name":"/home/stpl/Desktop/purs/MainRebuilt/bower_components/purescript-transformers/src/Control/Monad/Reader/Trans.purs","end":[14,57]},{"Ident":"callCC"}]}]},"eiImportedAs":null},{"eiModule":["Control","Monad","Eff","Class"],"eiImportType":{"Explicit":[{"TypeClassRef":[{"start":[15,33],"name":"/home/stpl/Desktop/purs/MainRebuilt/bower_components/purescript-transformers/src/Control/Monad/Reader/Trans.purs","end":[15,47]},"MonadEff"]},{"ValueRef":[{"start":[15,49],"name":"/home/stpl/Desktop/purs/MainRebuilt/bower_components/purescript-transformers/src/Control/Monad/Reader/Trans.purs","end":[15,56]},{"Ident":"liftEff"}]}]},"eiImportedAs":null},{"eiModule":["Control","Monad","Error","Class"],"eiImportType":{"Explicit":[{"TypeClassRef":[{"start":[16,35],"name":"/home/stpl/Desktop/purs/MainRebuilt/bower_components/purescript-transformers/src/Control/Monad/Reader/Trans.purs","end":[16,51]},"MonadThrow"]},{"TypeClassRef":[{"start":[16,53],"name":"/home/stpl/Desktop/purs/MainRebuilt/bower_components/purescript-transformers/src/Control/Monad/Reader/Trans.purs","end":[16,69]},"MonadError"]},{"ValueRef":[{"start":[16,71],"name":"/home/stpl/Desktop/purs/MainRebuilt/bower_components/purescript-transformers/src/Control/Monad/Reader/Trans.purs","end":[16,81]},{"Ident":"catchError"}]},{"ValueRef":[{"start":[16,83],"name":"/home/stpl/Desktop/purs/MainRebuilt/bower_components/purescript-transformers/src/Control/Monad/Reader/Trans.purs","end":[16,93]},{"Ident":"throwError"}]}]},"eiImportedAs":null},{"eiModule":["Control","Monad","Reader","Class"],"eiImportType":{"Explicit":[{"TypeClassRef":[{"start":[17,36],"name":"/home/stpl/Desktop/purs/MainRebuilt/bower_components/purescript-transformers/src/Control/Monad/Reader/Trans.purs","end":[17,50]},"MonadAsk"]},{"TypeClassRef":[{"start":[17,52],"name":"/home/stpl/Desktop/purs/MainRebuilt/bower_components/purescript-transformers/src/Control/Monad/Reader/Trans.purs","end":[17,69]},"MonadReader"]},{"ValueRef":[{"start":[17,71],"name":"/home/stpl/Desktop/purs/MainRebuilt/bower_components/purescript-transformers/src/Control/Monad/Reader/Trans.purs","end":[17,74]},{"Ident":"ask"}]},{"ValueRef":[{"start":[17,76],"name":"/home/stpl/Desktop/purs/MainRebuilt/bower_components/purescript-transformers/src/Control/Monad/Reader/Trans.purs","end":[17,80]},{"Ident":"asks"}]},{"ValueRef":[{"start":[17,82],"name":"/home/stpl/Desktop/purs/MainRebuilt/bower_components/purescript-transformers/src/Control/Monad/Reader/Trans.purs","end":[17,87]},{"Ident":"local"}]}]},"eiImportedAs":null},{"eiModule":["Control","Monad","Rec","Class"],"eiImportType":{"Explicit":[{"TypeClassRef":[{"start":[18,33],"name":"/home/stpl/Desktop/purs/MainRebuilt/bower_components/purescript-transformers/src/Control/Monad/Reader/Trans.purs","end":[18,47]},"MonadRec"]},{"ValueRef":[{"start":[18,49],"name":"/home/stpl/Desktop/purs/MainRebuilt/bower_components/purescript-transformers/src/Control/Monad/Reader/Trans.purs","end":[18,57]},{"Ident":"tailRecM"}]}]},"eiImportedAs":null},{"eiModule":["Control","Monad","State","Class"],"eiImportType":{"Explicit":[{"TypeClassRef":[{"start":[19,35],"name":"/home/stpl/Desktop/purs/MainRebuilt/bower_components/purescript-transformers/src/Control/Monad/Reader/Trans.purs","end":[19,51]},"MonadState"]},{"ValueRef":[{"start":[19,53],"name":"/home/stpl/Desktop/purs/MainRebuilt/bower_components/purescript-transformers/src/Control/Monad/Reader/Trans.purs","end":[19,58]},{"Ident":"state"}]}]},"eiImportedAs":null},{"eiModule":["Control","Monad","Trans","Class"],"eiImportType":{"Explicit":[{"TypeClassRef":[{"start":[20,35],"name":"/home/stpl/Desktop/purs/MainRebuilt/bower_components/purescript-transformers/src/Control/Monad/Reader/Trans.purs","end":[20,51]},"MonadTrans"]},{"ValueRef":[{"start":[20,53],"name":"/home/stpl/Desktop/purs/MainRebuilt/bower_components/purescript-transformers/src/Control/Monad/Reader/Trans.purs","end":[20,57]},{"Ident":"lift"}]}]},"eiImportedAs":null},{"eiModule":["Control","Monad","Writer","Class"],"eiImportType":{"Explicit":[{"TypeClassRef":[{"start":[21,36],"name":"/home/stpl/Desktop/purs/MainRebuilt/bower_components/purescript-transformers/src/Control/Monad/Reader/Trans.purs","end":[21,53]},"MonadWriter"]},{"TypeClassRef":[{"start":[21,55],"name":"/home/stpl/Desktop/purs/MainRebuilt/bower_components/purescript-transformers/src/Control/Monad/Reader/Trans.purs","end":[21,70]},"MonadTell"]},{"ValueRef":[{"start":[21,72],"name":"/home/stpl/Desktop/purs/MainRebuilt/bower_components/purescript-transformers/src/Control/Monad/Reader/Trans.purs","end":[21,76]},{"Ident":"pass"}]},{"ValueRef":[{"start":[21,78],"name":"/home/stpl/Desktop/purs/MainRebuilt/bower_components/purescript-transformers/src/Control/Monad/Reader/Trans.purs","end":[21,84]},{"Ident":"listen"}]},{"ValueRef":[{"start":[21,86],"name":"/home/stpl/Desktop/purs/MainRebuilt/bower_components/purescript-transformers/src/Control/Monad/Reader/Trans.purs","end":[21,90]},{"Ident":"tell"}]}]},"eiImportedAs":null},{"eiModule":["Control","MonadPlus"],"eiImportType":{"Explicit":[{"TypeClassRef":[{"start":[22,27],"name":"/home/stpl/Desktop/purs/MainRebuilt/bower_components/purescript-transformers/src/Control/Monad/Reader/Trans.purs","end":[22,42]},"MonadPlus"]}]},"eiImportedAs":null},{"eiModule":["Control","MonadZero"],"eiImportType":{"Explicit":[{"TypeClassRef":[{"start":[23,27],"name":"/home/stpl/Desktop/purs/MainRebuilt/bower_components/purescript-transformers/src/Control/Monad/Reader/Trans.purs","end":[23,42]},"MonadZero"]}]},"eiImportedAs":null},{"eiModule":["Control","Plus"],"eiImportType":{"Explicit":[{"TypeClassRef":[{"start":[24,22],"name":"/home/stpl/Desktop/purs/MainRebuilt/bower_components/purescript-transformers/src/Control/Monad/Reader/Trans.purs","end":[24,32]},"Plus"]},{"ValueRef":[{"start":[24,34],"name":"/home/stpl/Desktop/purs/MainRebuilt/bower_components/purescript-transformers/src/Control/Monad/Reader/Trans.purs","end":[24,39]},{"Ident":"empty"}]}]},"eiImportedAs":null},{"eiModule":["Data","Distributive"],"eiImportType":{"Explicit":[{"TypeClassRef":[{"start":[26,27],"name":"/home/stpl/Desktop/purs/MainRebuilt/bower_components/purescript-transformers/src/Control/Monad/Reader/Trans.purs","end":[26,45]},"Distributive"]},{"ValueRef":[{"start":[26,47],"name":"/home/stpl/Desktop/purs/MainRebuilt/bower_components/purescript-transformers/src/Control/Monad/Reader/Trans.purs","end":[26,57]},{"Ident":"distribute"}]},{"ValueRef":[{"start":[26,59],"name":"/home/stpl/Desktop/purs/MainRebuilt/bower_components/purescript-transformers/src/Control/Monad/Reader/Trans.purs","end":[26,66]},{"Ident":"collect"}]}]},"eiImportedAs":null},{"eiModule":["Data","Monoid"],"eiImportType":{"Explicit":[{"TypeClassRef":[{"start":[27,21],"name":"/home/stpl/Desktop/purs/MainRebuilt/bower_components/purescript-transformers/src/Control/Monad/Reader/Trans.purs","end":[27,33]},"Monoid"]},{"ValueRef":[{"start":[27,35],"name":"/home/stpl/Desktop/purs/MainRebuilt/bower_components/purescript-transformers/src/Control/Monad/Reader/Trans.purs","end":[27,41]},{"Ident":"mempty"}]}]},"eiImportedAs":null},{"eiModule":["Data","Newtype"],"eiImportType":{"Explicit":[{"TypeClassRef":[{"start":[28,22],"name":"/home/stpl/Desktop/purs/MainRebuilt/bower_components/purescript-transformers/src/Control/Monad/Reader/Trans.purs","end":[28,35]},"Newtype"]}]},"eiImportedAs":null}],"efFixities":[],"efTypeFixities":[],"efDeclarations":[{"EDType":{"edTypeName":"ReaderT","edTypeKind":{"tag":"FunKind","contents":[{"tag":"NamedKind","contents":[["Prim"],"Type"]},{"tag":"FunKind","contents":[{"tag":"FunKind","contents":[{"tag":"NamedKind","contents":[["Prim"],"Type"]},{"tag":"NamedKind","contents":[["Prim"],"Type"]}]},{"tag":"FunKind","contents":[{"tag":"NamedKind","contents":[["Prim"],"Type"]},{"tag":"NamedKind","contents":[["Prim"],"Type"]}]}]}]},"edTypeDeclarationKind":{"DataType":{"args":[["r",{"tag":"NamedKind","contents":[["Prim"],"Type"]}],["m",{"tag":"FunKind","contents":[{"tag":"NamedKind","contents":[["Prim"],"Type"]},{"tag":"NamedKind","contents":[["Prim"],"Type"]}]}],["a",{"tag":"NamedKind","contents":[["Prim"],"Type"]}]],"ctors":[["ReaderT",[{"tag":"TypeApp","contents":[{"tag":"TypeApp","contents":[{"tag":"TypeConstructor","contents":[["Prim"],"Function"]},{"tag":"TypeVar","contents":"r"}]},{"tag":"TypeApp","contents":[{"tag":"TypeVar","contents":"m"},{"tag":"TypeVar","contents":"a"}]}]}]]]}}}},{"EDDataConstructor":{"edDataCtorName":"ReaderT","edDataCtorOrigin":"newtype","edDataCtorTypeCtor":"ReaderT","edDataCtorType":{"tag":"ForAll","contents":["a",{"tag":"ForAll","contents":["m",{"tag":"ForAll","contents":["r",{"tag":"TypeApp","contents":[{"tag":"TypeApp","contents":[{"tag":"TypeConstructor","contents":[["Prim"],"Function"]},{"tag":"TypeApp","contents":[{"tag":"TypeApp","contents":[{"tag":"TypeConstructor","contents":[["Prim"],"Function"]},{"tag":"TypeVar","contents":"r"}]},{"tag":"TypeApp","contents":[{"tag":"TypeVar","contents":"m"},{"tag":"TypeVar","contents":"a"}]}]}]},{"tag":"TypeApp","contents":[{"tag":"TypeApp","contents":[{"tag":"TypeApp","contents":[{"tag":"TypeConstructor","contents":[["Control","Monad","Reader","Trans"],"ReaderT"]},{"tag":"TypeVar","contents":"r"}]},{"tag":"TypeVar","contents":"m"}]},{"tag":"TypeVar","contents":"a"}]}]},null]},null]},null]},"edDataCtorFields":[{"Ident":"value0"}]}},{"EDValue":{"edValueName":{"Ident":"runReaderT"},"edValueType":{"tag":"ForAll","contents":["a",{"tag":"ForAll","contents":["m",{"tag":"ForAll","contents":["r",{"tag":"TypeApp","contents":[{"tag":"TypeApp","contents":[{"tag":"TypeConstructor","contents":[["Prim"],"Function"]},{"tag":"TypeApp","contents":[{"tag":"TypeApp","contents":[{"tag":"TypeApp","contents":[{"tag":"TypeConstructor","contents":[["Control","Monad","Reader","Trans"],"ReaderT"]},{"tag":"TypeVar","contents":"r"}]},{"tag":"TypeVar","contents":"m"}]},{"tag":"TypeVar","contents":"a"}]}]},{"tag":"TypeApp","contents":[{"tag":"TypeApp","contents":[{"tag":"TypeConstructor","contents":[["Prim"],"Function"]},{"tag":"TypeVar","contents":"r"}]},{"tag":"TypeApp","contents":[{"tag":"TypeVar","contents":"m"},{"tag":"TypeVar","contents":"a"}]}]}]},14]},15]},16]}}},{"EDValue":{"edValueName":{"Ident":"withReaderT"},"edValueType":{"tag":"ForAll","contents":["a",{"tag":"ForAll","contents":["m",{"tag":"ForAll","contents":["r2",{"tag":"ForAll","contents":["r1",{"tag":"TypeApp","contents":[{"tag":"TypeApp","contents":[{"tag":"TypeConstructor","contents":[["Prim"],"Function"]},{"tag":"TypeApp","contents":[{"tag":"TypeApp","contents":[{"tag":"TypeConstructor","contents":[["Prim"],"Function"]},{"tag":"TypeVar","contents":"r2"}]},{"tag":"TypeVar","contents":"r1"}]}]},{"tag":"TypeApp","contents":[{"tag":"TypeApp","contents":[{"tag":"TypeConstructor","contents":[["Prim"],"Function"]},{"tag":"TypeApp","contents":[{"tag":"TypeApp","contents":[{"tag":"TypeApp","contents":[{"tag":"TypeConstructor","contents":[["Control","Monad","Reader","Trans"],"ReaderT"]},{"tag":"TypeVar","contents":"r1"}]},{"tag":"TypeVar","contents":"m"}]},{"tag":"TypeVar","contents":"a"}]}]},{"tag":"TypeApp","contents":[{"tag":"TypeApp","contents":[{"tag":"TypeApp","contents":[{"tag":"TypeConstructor","contents":[["Control","Monad","Reader","Trans"],"ReaderT"]},{"tag":"TypeVar","contents":"r2"}]},{"tag":"TypeVar","contents":"m"}]},{"tag":"TypeVar","contents":"a"}]}]}]},0]},1]},2]},3]}}},{"EDValue":{"edValueName":{"Ident":"mapReaderT"},"edValueType":{"tag":"ForAll","contents":["b",{"tag":"ForAll","contents":["a",{"tag":"ForAll","contents":["m2",{"tag":"ForAll","contents":["m1",{"tag":"ForAll","contents":["r",{"tag":"TypeApp","contents":[{"tag":"TypeApp","contents":[{"tag":"TypeConstructor","contents":[["Prim"],"Function"]},{"tag":"TypeApp","contents":[{"tag":"TypeApp","contents":[{"tag":"TypeConstructor","contents":[["Prim"],"Function"]},{"tag":"TypeApp","contents":[{"tag":"TypeVar","contents":"m1"},{"tag":"TypeVar","contents":"a"}]}]},{"tag":"TypeApp","contents":[{"tag":"TypeVar","contents":"m2"},{"tag":"TypeVar","contents":"b"}]}]}]},{"tag":"TypeApp","contents":[{"tag":"TypeApp","contents":[{"tag":"TypeConstructor","contents":[["Prim"],"Function"]},{"tag":"TypeApp","contents":[{"tag":"TypeApp","contents":[{"tag":"TypeApp","contents":[{"tag":"TypeConstructor","contents":[["Control","Monad","Reader","Trans"],"ReaderT"]},{"tag":"TypeVar","contents":"r"}]},{"tag":"TypeVar","contents":"m1"}]},{"tag":"TypeVar","contents":"a"}]}]},{"tag":"TypeApp","contents":[{"tag":"TypeApp","contents":[{"tag":"TypeApp","contents":[{"tag":"TypeConstructor","contents":[["Control","Monad","Reader","Trans"],"ReaderT"]},{"tag":"TypeVar","contents":"r"}]},{"tag":"TypeVar","contents":"m2"}]},{"tag":"TypeVar","contents":"b"}]}]}]},283]},284]},285]},286]},287]}}},{"EDInstance":{"edInstanceClassName":[["Data","Newtype"],"Newtype"],"edInstanceName":{"Ident":"newtypeReaderT"},"edInstanceTypes":[{"tag":"TypeApp","contents":[{"tag":"TypeApp","contents":[{"tag":"TypeApp","contents":[{"tag":"TypeConstructor","contents":[["Control","Monad","Reader","Trans"],"ReaderT"]},{"tag":"TypeVar","contents":"r"}]},{"tag":"TypeVar","contents":"m"}]},{"tag":"TypeVar","contents":"a"}]},{"tag":"TypeApp","contents":[{"tag":"TypeApp","contents":[{"tag":"TypeConstructor","contents":[["Prim"],"Function"]},{"tag":"TypeVar","contents":"r"}]},{"tag":"TypeApp","contents":[{"tag":"TypeVar","contents":"m"},{"tag":"TypeVar","contents":"a"}]}]}],"edInstanceConstraints":[]}},{"EDInstance":{"edInstanceClassName":[["Data","Functor"],"Functor"],"edInstanceName":{"Ident":"functorReaderT"},"edInstanceTypes":[{"tag":"TypeApp","contents":[{"tag":"TypeApp","contents":[{"tag":"TypeConstructor","contents":[["Control","Monad","Reader","Trans"],"ReaderT"]},{"tag":"TypeVar","contents":"r"}]},{"tag":"TypeVar","contents":"m"}]}],"edInstanceConstraints":[{"constraintClass":[["Data","Functor"],"Functor"],"constraintArgs":[{"tag":"TypeVar","contents":"m"}],"constraintData":null}]}},{"EDInstance":{"edInstanceClassName":[["Control","Apply"],"Apply"],"edInstanceName":{"Ident":"applyReaderT"},"edInstanceTypes":[{"tag":"TypeApp","contents":[{"tag":"TypeApp","contents":[{"tag":"TypeConstructor","contents":[["Control","Monad","Reader","Trans"],"ReaderT"]},{"tag":"TypeVar","contents":"r"}]},{"tag":"TypeVar","contents":"m"}]}],"edInstanceConstraints":[{"constraintClass":[["Control","Apply"],"Apply"],"constraintArgs":[{"tag":"TypeVar","contents":"m"}],"constraintData":null}]}},{"EDInstance":{"edInstanceClassName":[["Control","Applicative"],"Applicative"],"edInstanceName":{"Ident":"applicativeReaderT"},"edInstanceTypes":[{"tag":"TypeApp","contents":[{"tag":"TypeApp","contents":[{"tag":"TypeConstructor","contents":[["Control","Monad","Reader","Trans"],"ReaderT"]},{"tag":"TypeVar","contents":"r"}]},{"tag":"TypeVar","contents":"m"}]}],"edInstanceConstraints":[{"constraintClass":[["Control","Applicative"],"Applicative"],"constraintArgs":[{"tag":"TypeVar","contents":"m"}],"constraintData":null}]}},{"EDInstance":{"edInstanceClassName":[["Control","Alt"],"Alt"],"edInstanceName":{"Ident":"altReaderT"},"edInstanceTypes":[{"tag":"TypeApp","contents":[{"tag":"TypeApp","contents":[{"tag":"TypeConstructor","contents":[["Control","Monad","Reader","Trans"],"ReaderT"]},{"tag":"TypeVar","contents":"r"}]},{"tag":"TypeVar","contents":"m"}]}],"edInstanceConstraints":[{"constraintClass":[["Control","Alt"],"Alt"],"constraintArgs":[{"tag":"TypeVar","contents":"m"}],"constraintData":null}]}},{"EDInstance":{"edInstanceClassName":[["Control","Plus"],"Plus"],"edInstanceName":{"Ident":"plusReaderT"},"edInstanceTypes":[{"tag":"TypeApp","contents":[{"tag":"TypeApp","contents":[{"tag":"TypeConstructor","contents":[["Control","Monad","Reader","Trans"],"ReaderT"]},{"tag":"TypeVar","contents":"r"}]},{"tag":"TypeVar","contents":"m"}]}],"edInstanceConstraints":[{"constraintClass":[["Control","Plus"],"Plus"],"constraintArgs":[{"tag":"TypeVar","contents":"m"}],"constraintData":null}]}},{"EDInstance":{"edInstanceClassName":[["Control","Alternative"],"Alternative"],"edInstanceName":{"Ident":"alternativeReaderT"},"edInstanceTypes":[{"tag":"TypeApp","contents":[{"tag":"TypeApp","contents":[{"tag":"TypeConstructor","contents":[["Control","Monad","Reader","Trans"],"ReaderT"]},{"tag":"TypeVar","contents":"r"}]},{"tag":"TypeVar","contents":"m"}]}],"edInstanceConstraints":[{"constraintClass":[["Control","Alternative"],"Alternative"],"constraintArgs":[{"tag":"TypeVar","contents":"m"}],"constraintData":null}]}},{"EDInstance":{"edInstanceClassName":[["Control","Bind"],"Bind"],"edInstanceName":{"Ident":"bindReaderT"},"edInstanceTypes":[{"tag":"TypeApp","contents":[{"tag":"TypeApp","contents":[{"tag":"TypeConstructor","contents":[["Control","Monad","Reader","Trans"],"ReaderT"]},{"tag":"TypeVar","contents":"r"}]},{"tag":"TypeVar","contents":"m"}]}],"edInstanceConstraints":[{"constraintClass":[["Control","Bind"],"Bind"],"constraintArgs":[{"tag":"TypeVar","contents":"m"}],"constraintData":null}]}},{"EDInstance":{"edInstanceClassName":[["Control","Monad"],"Monad"],"edInstanceName":{"Ident":"monadReaderT"},"edInstanceTypes":[{"tag":"TypeApp","contents":[{"tag":"TypeApp","contents":[{"tag":"TypeConstructor","contents":[["Control","Monad","Reader","Trans"],"ReaderT"]},{"tag":"TypeVar","contents":"r"}]},{"tag":"TypeVar","contents":"m"}]}],"edInstanceConstraints":[{"constraintClass":[["Control","Monad"],"Monad"],"constraintArgs":[{"tag":"TypeVar","contents":"m"}],"constraintData":null}]}},{"EDInstance":{"edInstanceClassName":[["Control","MonadZero"],"MonadZero"],"edInstanceName":{"Ident":"monadZeroReaderT"},"edInstanceTypes":[{"tag":"TypeApp","contents":[{"tag":"TypeApp","contents":[{"tag":"TypeConstructor","contents":[["Control","Monad","Reader","Trans"],"ReaderT"]},{"tag":"TypeVar","contents":"r"}]},{"tag":"TypeVar","contents":"m"}]}],"edInstanceConstraints":[{"constraintClass":[["Control","MonadZero"],"MonadZero"],"constraintArgs":[{"tag":"TypeVar","contents":"m"}],"constraintData":null}]}},{"EDInstance":{"edInstanceClassName":[["Data","Semigroup"],"Semigroup"],"edInstanceName":{"Ident":"semigroupReaderT"},"edInstanceTypes":[{"tag":"TypeApp","contents":[{"tag":"TypeApp","contents":[{"tag":"TypeApp","contents":[{"tag":"TypeConstructor","contents":[["Control","Monad","Reader","Trans"],"ReaderT"]},{"tag":"TypeVar","contents":"s"}]},{"tag":"TypeVar","contents":"m"}]},{"tag":"TypeVar","contents":"a"}]}],"edInstanceConstraints":[{"constraintClass":[["Control","Apply"],"Apply"],"constraintArgs":[{"tag":"TypeVar","contents":"m"}],"constraintData":null},{"constraintClass":[["Data","Semigroup"],"Semigroup"],"constraintArgs":[{"tag":"TypeVar","contents":"a"}],"constraintData":null}]}},{"EDInstance":{"edInstanceClassName":[["Data","Monoid"],"Monoid"],"edInstanceName":{"Ident":"monoidReaderT"},"edInstanceTypes":[{"tag":"TypeApp","contents":[{"tag":"TypeApp","contents":[{"tag":"TypeApp","contents":[{"tag":"TypeConstructor","contents":[["Control","Monad","Reader","Trans"],"ReaderT"]},{"tag":"TypeVar","contents":"s"}]},{"tag":"TypeVar","contents":"m"}]},{"tag":"TypeVar","contents":"a"}]}],"edInstanceConstraints":[{"constraintClass":[["Control","Applicative"],"Applicative"],"constraintArgs":[{"tag":"TypeVar","contents":"m"}],"constraintData":null},{"constraintClass":[["Data","Monoid"],"Monoid"],"constraintArgs":[{"tag":"TypeVar","contents":"a"}],"constraintData":null}]}},{"EDInstance":{"edInstanceClassName":[["Control","MonadPlus"],"MonadPlus"],"edInstanceName":{"Ident":"monadPlusReaderT"},"edInstanceTypes":[{"tag":"TypeApp","contents":[{"tag":"TypeApp","contents":[{"tag":"TypeConstructor","contents":[["Control","Monad","Reader","Trans"],"ReaderT"]},{"tag":"TypeVar","contents":"r"}]},{"tag":"TypeVar","contents":"m"}]}],"edInstanceConstraints":[{"constraintClass":[["Control","MonadPlus"],"MonadPlus"],"constraintArgs":[{"tag":"TypeVar","contents":"m"}],"constraintData":null}]}},{"EDInstance":{"edInstanceClassName":[["Control","Monad","Trans","Class"],"MonadTrans"],"edInstanceName":{"Ident":"monadTransReaderT"},"edInstanceTypes":[{"tag":"TypeApp","contents":[{"tag":"TypeConstructor","contents":[["Control","Monad","Reader","Trans"],"ReaderT"]},{"tag":"TypeVar","contents":"r"}]}],"edInstanceConstraints":[]}},{"EDInstance":{"edInstanceClassName":[["Control","Monad","Eff","Class"],"MonadEff"],"edInstanceName":{"Ident":"monadEffReader"},"edInstanceTypes":[{"tag":"TypeVar","contents":"eff"},{"tag":"TypeApp","contents":[{"tag":"TypeApp","contents":[{"tag":"TypeConstructor","contents":[["Control","Monad","Reader","Trans"],"ReaderT"]},{"tag":"TypeVar","contents":"r"}]},{"tag":"TypeVar","contents":"m"}]}],"edInstanceConstraints":[{"constraintClass":[["Control","Monad","Eff","Class"],"MonadEff"],"constraintArgs":[{"tag":"TypeVar","contents":"eff"},{"tag":"TypeVar","contents":"m"}],"constraintData":null}]}},{"EDInstance":{"edInstanceClassName":[["Control","Monad","Cont","Class"],"MonadCont"],"edInstanceName":{"Ident":"monadContReaderT"},"edInstanceTypes":[{"tag":"TypeApp","contents":[{"tag":"TypeApp","contents":[{"tag":"TypeConstructor","contents":[["Control","Monad","Reader","Trans"],"ReaderT"]},{"tag":"TypeVar","contents":"r"}]},{"tag":"TypeVar","contents":"m"}]}],"edInstanceConstraints":[{"constraintClass":[["Control","Monad","Cont","Class"],"MonadCont"],"constraintArgs":[{"tag":"TypeVar","contents":"m"}],"constraintData":null}]}},{"EDInstance":{"edInstanceClassName":[["Control","Monad","Error","Class"],"MonadThrow"],"edInstanceName":{"Ident":"monadThrowReaderT"},"edInstanceTypes":[{"tag":"TypeVar","contents":"e"},{"tag":"TypeApp","contents":[{"tag":"TypeApp","contents":[{"tag":"TypeConstructor","contents":[["Control","Monad","Reader","Trans"],"ReaderT"]},{"tag":"TypeVar","contents":"r"}]},{"tag":"TypeVar","contents":"m"}]}],"edInstanceConstraints":[{"constraintClass":[["Control","Monad","Error","Class"],"MonadThrow"],"constraintArgs":[{"tag":"TypeVar","contents":"e"},{"tag":"TypeVar","contents":"m"}],"constraintData":null}]}},{"EDInstance":{"edInstanceClassName":[["Control","Monad","Error","Class"],"MonadError"],"edInstanceName":{"Ident":"monadErrorReaderT"},"edInstanceTypes":[{"tag":"TypeVar","contents":"e"},{"tag":"TypeApp","contents":[{"tag":"TypeApp","contents":[{"tag":"TypeConstructor","contents":[["Control","Monad","Reader","Trans"],"ReaderT"]},{"tag":"TypeVar","contents":"r"}]},{"tag":"TypeVar","contents":"m"}]}],"edInstanceConstraints":[{"constraintClass":[["Control","Monad","Error","Class"],"MonadError"],"constraintArgs":[{"tag":"TypeVar","contents":"e"},{"tag":"TypeVar","contents":"m"}],"constraintData":null}]}},{"EDInstance":{"edInstanceClassName":[["Control","Monad","Reader","Class"],"MonadAsk"],"edInstanceName":{"Ident":"monadAskReaderT"},"edInstanceTypes":[{"tag":"TypeVar","contents":"r"},{"tag":"TypeApp","contents":[{"tag":"TypeApp","contents":[{"tag":"TypeConstructor","contents":[["Control","Monad","Reader","Trans"],"ReaderT"]},{"tag":"TypeVar","contents":"r"}]},{"tag":"TypeVar","contents":"m"}]}],"edInstanceConstraints":[{"constraintClass":[["Control","Monad"],"Monad"],"constraintArgs":[{"tag":"TypeVar","contents":"m"}],"constraintData":null}]}},{"EDInstance":{"edInstanceClassName":[["Control","Monad","Reader","Class"],"MonadReader"],"edInstanceName":{"Ident":"monadReaderReaderT"},"edInstanceTypes":[{"tag":"TypeVar","contents":"r"},{"tag":"TypeApp","contents":[{"tag":"TypeApp","contents":[{"tag":"TypeConstructor","contents":[["Control","Monad","Reader","Trans"],"ReaderT"]},{"tag":"TypeVar","contents":"r"}]},{"tag":"TypeVar","contents":"m"}]}],"edInstanceConstraints":[{"constraintClass":[["Control","Monad"],"Monad"],"constraintArgs":[{"tag":"TypeVar","contents":"m"}],"constraintData":null}]}},{"EDInstance":{"edInstanceClassName":[["Control","Monad","State","Class"],"MonadState"],"edInstanceName":{"Ident":"monadStateReaderT"},"edInstanceTypes":[{"tag":"TypeVar","contents":"s"},{"tag":"TypeApp","contents":[{"tag":"TypeApp","contents":[{"tag":"TypeConstructor","contents":[["Control","Monad","Reader","Trans"],"ReaderT"]},{"tag":"TypeVar","contents":"r"}]},{"tag":"TypeVar","contents":"m"}]}],"edInstanceConstraints":[{"constraintClass":[["Control","Monad","State","Class"],"MonadState"],"constraintArgs":[{"tag":"TypeVar","contents":"s"},{"tag":"TypeVar","contents":"m"}],"constraintData":null}]}},{"EDInstance":{"edInstanceClassName":[["Control","Monad","Writer","Class"],"MonadTell"],"edInstanceName":{"Ident":"monadTellReaderT"},"edInstanceTypes":[{"tag":"TypeVar","contents":"w"},{"tag":"TypeApp","contents":[{"tag":"TypeApp","contents":[{"tag":"TypeConstructor","contents":[["Control","Monad","Reader","Trans"],"ReaderT"]},{"tag":"TypeVar","contents":"r"}]},{"tag":"TypeVar","contents":"m"}]}],"edInstanceConstraints":[{"constraintClass":[["Control","Monad","Writer","Class"],"MonadTell"],"constraintArgs":[{"tag":"TypeVar","contents":"w"},{"tag":"TypeVar","contents":"m"}],"constraintData":null}]}},{"EDInstance":{"edInstanceClassName":[["Control","Monad","Writer","Class"],"MonadWriter"],"edInstanceName":{"Ident":"monadWriterReaderT"},"edInstanceTypes":[{"tag":"TypeVar","contents":"w"},{"tag":"TypeApp","contents":[{"tag":"TypeApp","contents":[{"tag":"TypeConstructor","contents":[["Control","Monad","Reader","Trans"],"ReaderT"]},{"tag":"TypeVar","contents":"r"}]},{"tag":"TypeVar","contents":"m"}]}],"edInstanceConstraints":[{"constraintClass":[["Control","Monad","Writer","Class"],"MonadWriter"],"constraintArgs":[{"tag":"TypeVar","contents":"w"},{"tag":"TypeVar","contents":"m"}],"constraintData":null}]}},{"EDInstance":{"edInstanceClassName":[["Data","Distributive"],"Distributive"],"edInstanceName":{"Ident":"distributiveReaderT"},"edInstanceTypes":[{"tag":"TypeApp","contents":[{"tag":"TypeApp","contents":[{"tag":"TypeConstructor","contents":[["Control","Monad","Reader","Trans"],"ReaderT"]},{"tag":"TypeVar","contents":"e"}]},{"tag":"TypeVar","contents":"g"}]}],"edInstanceConstraints":[{"constraintClass":[["Data","Distributive"],"Distributive"],"constraintArgs":[{"tag":"TypeVar","contents":"g"}],"constraintData":null}]}},{"EDInstance":{"edInstanceClassName":[["Control","Monad","Rec","Class"],"MonadRec"],"edInstanceName":{"Ident":"monadRecReaderT"},"edInstanceTypes":[{"tag":"TypeApp","contents":[{"tag":"TypeApp","contents":[{"tag":"TypeConstructor","contents":[["Control","Monad","Reader","Trans"],"ReaderT"]},{"tag":"TypeVar","contents":"r"}]},{"tag":"TypeVar","contents":"m"}]}],"edInstanceConstraints":[{"constraintClass":[["Control","Monad","Rec","Class"],"MonadRec"],"constraintArgs":[{"tag":"TypeVar","contents":"m"}],"constraintData":null}]}}],"efSourceSpan":{"start":[1,1],"name":"/home/stpl/Desktop/purs/MainRebuilt/bower_components/purescript-transformers/src/Control/Monad/Reader/Trans.purs","end":[125,52]}}