{"efVersion":"0.11.7","efModuleName":["Data","Array","ST","Partial"],"efExports":[{"ValueRef":[{"start":[1,1],"name":"/home/stpl/Desktop/purs/Main-Project/bower_components/purescript-arrays/src/Data/Array/ST/Partial.purs","end":[45,27]},{"Ident":"peekSTArray"}]},{"ValueRef":[{"start":[1,1],"name":"/home/stpl/Desktop/purs/Main-Project/bower_components/purescript-arrays/src/Data/Array/ST/Partial.purs","end":[45,27]},{"Ident":"pokeSTArray"}]}],"efImports":[{"eiModule":["Prim"],"eiImportType":{"Implicit":[]},"eiImportedAs":["Prim"]},{"eiModule":["Prim"],"eiImportType":{"Implicit":[]},"eiImportedAs":null},{"eiModule":["Control","Monad","Eff"],"eiImportType":{"Explicit":[{"TypeRef":[{"start":[10,27],"name":"/home/stpl/Desktop/purs/Main-Project/bower_components/purescript-arrays/src/Data/Array/ST/Partial.purs","end":[10,30]},"Eff",[]]}]},"eiImportedAs":null},{"eiModule":["Control","Monad","ST"],"eiImportType":{"Explicit":[{"TypeRef":[{"start":[11,26],"name":"/home/stpl/Desktop/purs/Main-Project/bower_components/purescript-arrays/src/Data/Array/ST/Partial.purs","end":[11,28]},"ST",[]]}]},"eiImportedAs":null},{"eiModule":["Data","Array","ST"],"eiImportType":{"Explicit":[{"TypeRef":[{"start":[12,23],"name":"/home/stpl/Desktop/purs/Main-Project/bower_components/purescript-arrays/src/Data/Array/ST/Partial.purs","end":[12,30]},"STArray",[]]}]},"eiImportedAs":null},{"eiModule":["Data","Unit"],"eiImportType":{"Explicit":[{"TypeRef":[{"start":[13,19],"name":"/home/stpl/Desktop/purs/Main-Project/bower_components/purescript-arrays/src/Data/Array/ST/Partial.purs","end":[13,23]},"Unit",[]]}]},"eiImportedAs":null}],"efFixities":[],"efTypeFixities":[],"efDeclarations":[{"EDValue":{"edValueName":{"Ident":"peekSTArray"},"edValueType":{"tag":"ForAll","contents":["r",{"tag":"ForAll","contents":["h",{"tag":"ForAll","contents":["a",{"tag":"ConstrainedType","contents":[{"constraintClass":[["Prim"],"Partial"],"constraintArgs":[],"constraintData":null},{"tag":"TypeApp","contents":[{"tag":"TypeApp","contents":[{"tag":"TypeConstructor","contents":[["Prim"],"Function"]},{"tag":"TypeApp","contents":[{"tag":"TypeApp","contents":[{"tag":"TypeConstructor","contents":[["Data","Array","ST"],"STArray"]},{"tag":"TypeVar","contents":"h"}]},{"tag":"TypeVar","contents":"a"}]}]},{"tag":"TypeApp","contents":[{"tag":"TypeApp","contents":[{"tag":"TypeConstructor","contents":[["Prim"],"Function"]},{"tag":"TypeConstructor","contents":[["Prim"],"Int"]}]},{"tag":"TypeApp","contents":[{"tag":"TypeApp","contents":[{"tag":"TypeConstructor","contents":[["Control","Monad","Eff"],"Eff"]},{"tag":"RCons","contents":["st",{"tag":"TypeApp","contents":[{"tag":"TypeConstructor","contents":[["Control","Monad","ST"],"ST"]},{"tag":"TypeVar","contents":"h"}]},{"tag":"TypeVar","contents":"r"}]}]},{"tag":"TypeVar","contents":"a"}]}]}]}]},9]},10]},11]}}},{"EDValue":{"edValueName":{"Ident":"pokeSTArray"},"edValueType":{"tag":"ForAll","contents":["r",{"tag":"ForAll","contents":["h",{"tag":"ForAll","contents":["a",{"tag":"ConstrainedType","contents":[{"constraintClass":[["Prim"],"Partial"],"constraintArgs":[],"constraintData":null},{"tag":"TypeApp","contents":[{"tag":"TypeApp","contents":[{"tag":"TypeConstructor","contents":[["Prim"],"Function"]},{"tag":"TypeApp","contents":[{"tag":"TypeApp","contents":[{"tag":"TypeConstructor","contents":[["Data","Array","ST"],"STArray"]},{"tag":"TypeVar","contents":"h"}]},{"tag":"TypeVar","contents":"a"}]}]},{"tag":"TypeApp","contents":[{"tag":"TypeApp","contents":[{"tag":"TypeConstructor","contents":[["Prim"],"Function"]},{"tag":"TypeConstructor","contents":[["Prim"],"Int"]}]},{"tag":"TypeApp","contents":[{"tag":"TypeApp","contents":[{"tag":"TypeConstructor","contents":[["Prim"],"Function"]},{"tag":"TypeVar","contents":"a"}]},{"tag":"TypeApp","contents":[{"tag":"TypeApp","contents":[{"tag":"TypeConstructor","contents":[["Control","Monad","Eff"],"Eff"]},{"tag":"RCons","contents":["st",{"tag":"TypeApp","contents":[{"tag":"TypeConstructor","contents":[["Control","Monad","ST"],"ST"]},{"tag":"TypeVar","contents":"h"}]},{"tag":"TypeVar","contents":"r"}]}]},{"tag":"TypeConstructor","contents":[["Data","Unit"],"Unit"]}]}]}]}]}]},0]},1]},2]}}}],"efSourceSpan":{"start":[1,1],"name":"/home/stpl/Desktop/purs/Main-Project/bower_components/purescript-arrays/src/Data/Array/ST/Partial.purs","end":[45,27]}}