{"efVersion":"0.11.7","efModuleName":["Control","Monad","Aff","Console"],"efExports":[{"ReExportRef":[{"start":[1,1],"name":"/home/stpl/Desktop/purs/MainRebuilt/bower_components/purescript-aff/src/Control/Monad/Aff/Console.purs","end":[53,26]},["Control","Monad","Eff","Console"],{"TypeRef":[{"start":[1,1],"name":"/home/stpl/Desktop/purs/MainRebuilt/bower_components/purescript-aff/src/Control/Monad/Aff/Console.purs","end":[53,26]},"CONSOLE",[]]}]},{"ModuleRef":[{"start":[2,5],"name":"/home/stpl/Desktop/purs/MainRebuilt/bower_components/purescript-aff/src/Control/Monad/Aff/Console.purs","end":[2,19]},["Exports"]]},{"ValueRef":[{"start":[1,1],"name":"/home/stpl/Desktop/purs/MainRebuilt/bower_components/purescript-aff/src/Control/Monad/Aff/Console.purs","end":[53,26]},{"Ident":"log"}]},{"ValueRef":[{"start":[1,1],"name":"/home/stpl/Desktop/purs/MainRebuilt/bower_components/purescript-aff/src/Control/Monad/Aff/Console.purs","end":[53,26]},{"Ident":"logShow"}]},{"ValueRef":[{"start":[1,1],"name":"/home/stpl/Desktop/purs/MainRebuilt/bower_components/purescript-aff/src/Control/Monad/Aff/Console.purs","end":[53,26]},{"Ident":"warn"}]},{"ValueRef":[{"start":[1,1],"name":"/home/stpl/Desktop/purs/MainRebuilt/bower_components/purescript-aff/src/Control/Monad/Aff/Console.purs","end":[53,26]},{"Ident":"warnShow"}]},{"ValueRef":[{"start":[1,1],"name":"/home/stpl/Desktop/purs/MainRebuilt/bower_components/purescript-aff/src/Control/Monad/Aff/Console.purs","end":[53,26]},{"Ident":"error"}]},{"ValueRef":[{"start":[1,1],"name":"/home/stpl/Desktop/purs/MainRebuilt/bower_components/purescript-aff/src/Control/Monad/Aff/Console.purs","end":[53,26]},{"Ident":"errorShow"}]},{"ValueRef":[{"start":[1,1],"name":"/home/stpl/Desktop/purs/MainRebuilt/bower_components/purescript-aff/src/Control/Monad/Aff/Console.purs","end":[53,26]},{"Ident":"info"}]},{"ValueRef":[{"start":[1,1],"name":"/home/stpl/Desktop/purs/MainRebuilt/bower_components/purescript-aff/src/Control/Monad/Aff/Console.purs","end":[53,26]},{"Ident":"infoShow"}]}],"efImports":[{"eiModule":["Prim"],"eiImportType":{"Implicit":[]},"eiImportedAs":["Prim"]},{"eiModule":["Prim"],"eiImportType":{"Implicit":[]},"eiImportedAs":null},{"eiModule":["Prelude"],"eiImportType":{"Implicit":[]},"eiImportedAs":null},{"eiModule":["Control","Monad","Aff"],"eiImportType":{"Explicit":[{"TypeRef":[{"start":[14,27],"name":"/home/stpl/Desktop/purs/MainRebuilt/bower_components/purescript-aff/src/Control/Monad/Aff/Console.purs","end":[14,30]},"Aff",[]]}]},"eiImportedAs":null},{"eiModule":["Control","Monad","Eff","Class"],"eiImportType":{"Explicit":[{"ValueRef":[{"start":[15,33],"name":"/home/stpl/Desktop/purs/MainRebuilt/bower_components/purescript-aff/src/Control/Monad/Aff/Console.purs","end":[15,40]},{"Ident":"liftEff"}]}]},"eiImportedAs":null},{"eiModule":["Control","Monad","Eff","Console"],"eiImportType":{"Explicit":[{"TypeRef":[{"start":[16,35],"name":"/home/stpl/Desktop/purs/MainRebuilt/bower_components/purescript-aff/src/Control/Monad/Aff/Console.purs","end":[16,42]},"CONSOLE",[]]}]},"eiImportedAs":["Exports"]},{"eiModule":["Control","Monad","Eff","Console"],"eiImportType":{"Implicit":[]},"eiImportedAs":["C"]}],"efFixities":[],"efTypeFixities":[],"efDeclarations":[{"EDValue":{"edValueName":{"Ident":"log"},"edValueType":{"tag":"ForAll","contents":["eff",{"tag":"TypeApp","contents":[{"tag":"TypeApp","contents":[{"tag":"TypeConstructor","contents":[["Prim"],"Function"]},{"tag":"TypeConstructor","contents":[["Prim"],"String"]}]},{"tag":"TypeApp","contents":[{"tag":"TypeApp","contents":[{"tag":"TypeConstructor","contents":[["Control","Monad","Aff"],"Aff"]},{"tag":"RCons","contents":["console",{"tag":"TypeConstructor","contents":[["Control","Monad","Eff","Console"],"CONSOLE"]},{"tag":"TypeVar","contents":"eff"}]}]},{"tag":"TypeConstructor","contents":[["Data","Unit"],"Unit"]}]}]},11]}}},{"EDValue":{"edValueName":{"Ident":"logShow"},"edValueType":{"tag":"ForAll","contents":["eff",{"tag":"ForAll","contents":["a",{"tag":"ConstrainedType","contents":[{"constraintClass":[["Data","Show"],"Show"],"constraintArgs":[{"tag":"TypeVar","contents":"a"}],"constraintData":null},{"tag":"TypeApp","contents":[{"tag":"TypeApp","contents":[{"tag":"TypeConstructor","contents":[["Prim"],"Function"]},{"tag":"TypeVar","contents":"a"}]},{"tag":"TypeApp","contents":[{"tag":"TypeApp","contents":[{"tag":"TypeConstructor","contents":[["Control","Monad","Aff"],"Aff"]},{"tag":"RCons","contents":["console",{"tag":"TypeConstructor","contents":[["Control","Monad","Eff","Console"],"CONSOLE"]},{"tag":"TypeVar","contents":"eff"}]}]},{"tag":"TypeConstructor","contents":[["Data","Unit"],"Unit"]}]}]}]},7]},8]}}},{"EDValue":{"edValueName":{"Ident":"warn"},"edValueType":{"tag":"ForAll","contents":["eff",{"tag":"TypeApp","contents":[{"tag":"TypeApp","contents":[{"tag":"TypeConstructor","contents":[["Prim"],"Function"]},{"tag":"TypeConstructor","contents":[["Prim"],"String"]}]},{"tag":"TypeApp","contents":[{"tag":"TypeApp","contents":[{"tag":"TypeConstructor","contents":[["Control","Monad","Aff"],"Aff"]},{"tag":"RCons","contents":["console",{"tag":"TypeConstructor","contents":[["Control","Monad","Eff","Console"],"CONSOLE"]},{"tag":"TypeVar","contents":"eff"}]}]},{"tag":"TypeConstructor","contents":[["Data","Unit"],"Unit"]}]}]},4]}}},{"EDValue":{"edValueName":{"Ident":"warnShow"},"edValueType":{"tag":"ForAll","contents":["eff",{"tag":"ForAll","contents":["a",{"tag":"ConstrainedType","contents":[{"constraintClass":[["Data","Show"],"Show"],"constraintArgs":[{"tag":"TypeVar","contents":"a"}],"constraintData":null},{"tag":"TypeApp","contents":[{"tag":"TypeApp","contents":[{"tag":"TypeConstructor","contents":[["Prim"],"Function"]},{"tag":"TypeVar","contents":"a"}]},{"tag":"TypeApp","contents":[{"tag":"TypeApp","contents":[{"tag":"TypeConstructor","contents":[["Control","Monad","Aff"],"Aff"]},{"tag":"RCons","contents":["console",{"tag":"TypeConstructor","contents":[["Control","Monad","Eff","Console"],"CONSOLE"]},{"tag":"TypeVar","contents":"eff"}]}]},{"tag":"TypeConstructor","contents":[["Data","Unit"],"Unit"]}]}]}]},0]},1]}}},{"EDValue":{"edValueName":{"Ident":"error"},"edValueType":{"tag":"ForAll","contents":["eff",{"tag":"TypeApp","contents":[{"tag":"TypeApp","contents":[{"tag":"TypeConstructor","contents":[["Prim"],"Function"]},{"tag":"TypeConstructor","contents":[["Prim"],"String"]}]},{"tag":"TypeApp","contents":[{"tag":"TypeApp","contents":[{"tag":"TypeConstructor","contents":[["Control","Monad","Aff"],"Aff"]},{"tag":"RCons","contents":["console",{"tag":"TypeConstructor","contents":[["Control","Monad","Eff","Console"],"CONSOLE"]},{"tag":"TypeVar","contents":"eff"}]}]},{"tag":"TypeConstructor","contents":[["Data","Unit"],"Unit"]}]}]},25]}}},{"EDValue":{"edValueName":{"Ident":"errorShow"},"edValueType":{"tag":"ForAll","contents":["eff",{"tag":"ForAll","contents":["a",{"tag":"ConstrainedType","contents":[{"constraintClass":[["Data","Show"],"Show"],"constraintArgs":[{"tag":"TypeVar","contents":"a"}],"constraintData":null},{"tag":"TypeApp","contents":[{"tag":"TypeApp","contents":[{"tag":"TypeConstructor","contents":[["Prim"],"Function"]},{"tag":"TypeVar","contents":"a"}]},{"tag":"TypeApp","contents":[{"tag":"TypeApp","contents":[{"tag":"TypeConstructor","contents":[["Control","Monad","Aff"],"Aff"]},{"tag":"RCons","contents":["console",{"tag":"TypeConstructor","contents":[["Control","Monad","Eff","Console"],"CONSOLE"]},{"tag":"TypeVar","contents":"eff"}]}]},{"tag":"TypeConstructor","contents":[["Data","Unit"],"Unit"]}]}]}]},21]},22]}}},{"EDValue":{"edValueName":{"Ident":"info"},"edValueType":{"tag":"ForAll","contents":["eff",{"tag":"TypeApp","contents":[{"tag":"TypeApp","contents":[{"tag":"TypeConstructor","contents":[["Prim"],"Function"]},{"tag":"TypeConstructor","contents":[["Prim"],"String"]}]},{"tag":"TypeApp","contents":[{"tag":"TypeApp","contents":[{"tag":"TypeConstructor","contents":[["Control","Monad","Aff"],"Aff"]},{"tag":"RCons","contents":["console",{"tag":"TypeConstructor","contents":[["Control","Monad","Eff","Console"],"CONSOLE"]},{"tag":"TypeVar","contents":"eff"}]}]},{"tag":"TypeConstructor","contents":[["Data","Unit"],"Unit"]}]}]},18]}}},{"EDValue":{"edValueName":{"Ident":"infoShow"},"edValueType":{"tag":"ForAll","contents":["eff",{"tag":"ForAll","contents":["a",{"tag":"ConstrainedType","contents":[{"constraintClass":[["Data","Show"],"Show"],"constraintArgs":[{"tag":"TypeVar","contents":"a"}],"constraintData":null},{"tag":"TypeApp","contents":[{"tag":"TypeApp","contents":[{"tag":"TypeConstructor","contents":[["Prim"],"Function"]},{"tag":"TypeVar","contents":"a"}]},{"tag":"TypeApp","contents":[{"tag":"TypeApp","contents":[{"tag":"TypeConstructor","contents":[["Control","Monad","Aff"],"Aff"]},{"tag":"RCons","contents":["console",{"tag":"TypeConstructor","contents":[["Control","Monad","Eff","Console"],"CONSOLE"]},{"tag":"TypeVar","contents":"eff"}]}]},{"tag":"TypeConstructor","contents":[["Data","Unit"],"Unit"]}]}]}]},14]},15]}}}],"efSourceSpan":{"start":[1,1],"name":"/home/stpl/Desktop/purs/MainRebuilt/bower_components/purescript-aff/src/Control/Monad/Aff/Console.purs","end":[53,26]}}