{"efVersion":"0.11.7","efModuleName":["Data","Array","ST","Iterator"],"efExports":[{"TypeRef":[{"start":[1,1],"name":"/home/stpl/Desktop/purs/Main-Project/bower_components/purescript-arrays/src/Data/Array/ST/Iterator.purs","end":[77,32]},"Iterator",[]]},{"ValueRef":[{"start":[1,1],"name":"/home/stpl/Desktop/purs/Main-Project/bower_components/purescript-arrays/src/Data/Array/ST/Iterator.purs","end":[77,32]},{"Ident":"iterator"}]},{"ValueRef":[{"start":[1,1],"name":"/home/stpl/Desktop/purs/Main-Project/bower_components/purescript-arrays/src/Data/Array/ST/Iterator.purs","end":[77,32]},{"Ident":"iterate"}]},{"ValueRef":[{"start":[1,1],"name":"/home/stpl/Desktop/purs/Main-Project/bower_components/purescript-arrays/src/Data/Array/ST/Iterator.purs","end":[77,32]},{"Ident":"next"}]},{"ValueRef":[{"start":[1,1],"name":"/home/stpl/Desktop/purs/Main-Project/bower_components/purescript-arrays/src/Data/Array/ST/Iterator.purs","end":[77,32]},{"Ident":"peek"}]},{"ValueRef":[{"start":[1,1],"name":"/home/stpl/Desktop/purs/Main-Project/bower_components/purescript-arrays/src/Data/Array/ST/Iterator.purs","end":[77,32]},{"Ident":"exhausted"}]},{"ValueRef":[{"start":[1,1],"name":"/home/stpl/Desktop/purs/Main-Project/bower_components/purescript-arrays/src/Data/Array/ST/Iterator.purs","end":[77,32]},{"Ident":"pushWhile"}]},{"ValueRef":[{"start":[1,1],"name":"/home/stpl/Desktop/purs/Main-Project/bower_components/purescript-arrays/src/Data/Array/ST/Iterator.purs","end":[77,32]},{"Ident":"pushAll"}]}],"efImports":[{"eiModule":["Prim"],"eiImportType":{"Implicit":[]},"eiImportedAs":["Prim"]},{"eiModule":["Prim"],"eiImportType":{"Implicit":[]},"eiImportedAs":null},{"eiModule":["Prelude"],"eiImportType":{"Implicit":[]},"eiImportedAs":null},{"eiModule":["Control","Monad","Eff"],"eiImportType":{"Explicit":[{"TypeRef":[{"start":[13,27],"name":"/home/stpl/Desktop/purs/Main-Project/bower_components/purescript-arrays/src/Data/Array/ST/Iterator.purs","end":[13,30]},"Eff",[]]},{"ValueRef":[{"start":[13,32],"name":"/home/stpl/Desktop/purs/Main-Project/bower_components/purescript-arrays/src/Data/Array/ST/Iterator.purs","end":[13,38]},{"Ident":"whileE"}]}]},"eiImportedAs":null},{"eiModule":["Control","Monad","ST"],"eiImportType":{"Explicit":[{"TypeRef":[{"start":[14,26],"name":"/home/stpl/Desktop/purs/Main-Project/bower_components/purescript-arrays/src/Data/Array/ST/Iterator.purs","end":[14,28]},"ST",[]]},{"TypeRef":[{"start":[14,30],"name":"/home/stpl/Desktop/purs/Main-Project/bower_components/purescript-arrays/src/Data/Array/ST/Iterator.purs","end":[14,35]},"STRef",[]]},{"ValueRef":[{"start":[14,37],"name":"/home/stpl/Desktop/purs/Main-Project/bower_components/purescript-arrays/src/Data/Array/ST/Iterator.purs","end":[14,45]},{"Ident":"newSTRef"}]},{"ValueRef":[{"start":[14,47],"name":"/home/stpl/Desktop/purs/Main-Project/bower_components/purescript-arrays/src/Data/Array/ST/Iterator.purs","end":[14,56]},{"Ident":"readSTRef"}]},{"ValueRef":[{"start":[14,58],"name":"/home/stpl/Desktop/purs/Main-Project/bower_components/purescript-arrays/src/Data/Array/ST/Iterator.purs","end":[14,68]},{"Ident":"writeSTRef"}]},{"ValueRef":[{"start":[14,70],"name":"/home/stpl/Desktop/purs/Main-Project/bower_components/purescript-arrays/src/Data/Array/ST/Iterator.purs","end":[14,81]},{"Ident":"modifySTRef"}]}]},"eiImportedAs":null},{"eiModule":["Data","Array","ST"],"eiImportType":{"Explicit":[{"TypeRef":[{"start":[15,23],"name":"/home/stpl/Desktop/purs/Main-Project/bower_components/purescript-arrays/src/Data/Array/ST/Iterator.purs","end":[15,30]},"STArray",[]]},{"ValueRef":[{"start":[15,32],"name":"/home/stpl/Desktop/purs/Main-Project/bower_components/purescript-arrays/src/Data/Array/ST/Iterator.purs","end":[15,43]},{"Ident":"pushSTArray"}]}]},"eiImportedAs":null},{"eiModule":["Data","Maybe"],"eiImportType":{"Explicit":[{"TypeRef":[{"start":[17,20],"name":"/home/stpl/Desktop/purs/Main-Project/bower_components/purescript-arrays/src/Data/Array/ST/Iterator.purs","end":[17,29]},"Maybe",null]},{"ValueRef":[{"start":[17,31],"name":"/home/stpl/Desktop/purs/Main-Project/bower_components/purescript-arrays/src/Data/Array/ST/Iterator.purs","end":[17,40]},{"Ident":"isNothing"}]}]},"eiImportedAs":null}],"efFixities":[],"efTypeFixities":[],"efDeclarations":[{"EDType":{"edTypeName":"Iterator","edTypeKind":{"tag":"FunKind","contents":[{"tag":"NamedKind","contents":[["Prim"],"Type"]},{"tag":"FunKind","contents":[{"tag":"NamedKind","contents":[["Prim"],"Type"]},{"tag":"NamedKind","contents":[["Prim"],"Type"]}]}]},"edTypeDeclarationKind":{"DataType":{"args":[["h",{"tag":"NamedKind","contents":[["Prim"],"Type"]}],["a",{"tag":"NamedKind","contents":[["Prim"],"Type"]}]],"ctors":[["Iterator",[{"tag":"TypeApp","contents":[{"tag":"TypeApp","contents":[{"tag":"TypeConstructor","contents":[["Prim"],"Function"]},{"tag":"TypeConstructor","contents":[["Prim"],"Int"]}]},{"tag":"TypeApp","contents":[{"tag":"TypeConstructor","contents":[["Data","Maybe"],"Maybe"]},{"tag":"TypeVar","contents":"a"}]}]},{"tag":"TypeApp","contents":[{"tag":"TypeApp","contents":[{"tag":"TypeConstructor","contents":[["Control","Monad","ST"],"STRef"]},{"tag":"TypeVar","contents":"h"}]},{"tag":"TypeConstructor","contents":[["Prim"],"Int"]}]}]]]}}}},{"EDValue":{"edValueName":{"Ident":"iterator"},"edValueType":{"tag":"ForAll","contents":["r",{"tag":"ForAll","contents":["h",{"tag":"ForAll","contents":["a",{"tag":"TypeApp","contents":[{"tag":"TypeApp","contents":[{"tag":"TypeConstructor","contents":[["Prim"],"Function"]},{"tag":"TypeApp","contents":[{"tag":"TypeApp","contents":[{"tag":"TypeConstructor","contents":[["Prim"],"Function"]},{"tag":"TypeConstructor","contents":[["Prim"],"Int"]}]},{"tag":"TypeApp","contents":[{"tag":"TypeConstructor","contents":[["Data","Maybe"],"Maybe"]},{"tag":"TypeVar","contents":"a"}]}]}]},{"tag":"TypeApp","contents":[{"tag":"TypeApp","contents":[{"tag":"TypeConstructor","contents":[["Control","Monad","Eff"],"Eff"]},{"tag":"RCons","contents":["st",{"tag":"TypeApp","contents":[{"tag":"TypeConstructor","contents":[["Control","Monad","ST"],"ST"]},{"tag":"TypeVar","contents":"h"}]},{"tag":"TypeVar","contents":"r"}]}]},{"tag":"TypeApp","contents":[{"tag":"TypeApp","contents":[{"tag":"TypeConstructor","contents":[["Data","Array","ST","Iterator"],"Iterator"]},{"tag":"TypeVar","contents":"h"}]},{"tag":"TypeVar","contents":"a"}]}]}]},44]},45]},46]}}},{"EDValue":{"edValueName":{"Ident":"iterate"},"edValueType":{"tag":"ForAll","contents":["r",{"tag":"ForAll","contents":["h",{"tag":"ForAll","contents":["a",{"tag":"TypeApp","contents":[{"tag":"TypeApp","contents":[{"tag":"TypeConstructor","contents":[["Prim"],"Function"]},{"tag":"TypeApp","contents":[{"tag":"TypeApp","contents":[{"tag":"TypeConstructor","contents":[["Data","Array","ST","Iterator"],"Iterator"]},{"tag":"TypeVar","contents":"h"}]},{"tag":"TypeVar","contents":"a"}]}]},{"tag":"TypeApp","contents":[{"tag":"TypeApp","contents":[{"tag":"TypeConstructor","contents":[["Prim"],"Function"]},{"tag":"TypeApp","contents":[{"tag":"TypeApp","contents":[{"tag":"TypeConstructor","contents":[["Prim"],"Function"]},{"tag":"TypeVar","contents":"a"}]},{"tag":"TypeApp","contents":[{"tag":"TypeApp","contents":[{"tag":"TypeConstructor","contents":[["Control","Monad","Eff"],"Eff"]},{"tag":"RCons","contents":["st",{"tag":"TypeApp","contents":[{"tag":"TypeConstructor","contents":[["Control","Monad","ST"],"ST"]},{"tag":"TypeVar","contents":"h"}]},{"tag":"TypeVar","contents":"r"}]}]},{"tag":"TypeConstructor","contents":[["Data","Unit"],"Unit"]}]}]}]},{"tag":"TypeApp","contents":[{"tag":"TypeApp","contents":[{"tag":"TypeConstructor","contents":[["Control","Monad","Eff"],"Eff"]},{"tag":"RCons","contents":["st",{"tag":"TypeApp","contents":[{"tag":"TypeConstructor","contents":[["Control","Monad","ST"],"ST"]},{"tag":"TypeVar","contents":"h"}]},{"tag":"TypeVar","contents":"r"}]}]},{"tag":"TypeConstructor","contents":[["Data","Unit"],"Unit"]}]}]}]},53]},54]},55]}}},{"EDValue":{"edValueName":{"Ident":"next"},"edValueType":{"tag":"ForAll","contents":["r",{"tag":"ForAll","contents":["h",{"tag":"ForAll","contents":["a",{"tag":"TypeApp","contents":[{"tag":"TypeApp","contents":[{"tag":"TypeConstructor","contents":[["Prim"],"Function"]},{"tag":"TypeApp","contents":[{"tag":"TypeApp","contents":[{"tag":"TypeConstructor","contents":[["Data","Array","ST","Iterator"],"Iterator"]},{"tag":"TypeVar","contents":"h"}]},{"tag":"TypeVar","contents":"a"}]}]},{"tag":"TypeApp","contents":[{"tag":"TypeApp","contents":[{"tag":"TypeConstructor","contents":[["Control","Monad","Eff"],"Eff"]},{"tag":"RCons","contents":["st",{"tag":"TypeApp","contents":[{"tag":"TypeConstructor","contents":[["Control","Monad","ST"],"ST"]},{"tag":"TypeVar","contents":"h"}]},{"tag":"TypeVar","contents":"r"}]}]},{"tag":"TypeApp","contents":[{"tag":"TypeConstructor","contents":[["Data","Maybe"],"Maybe"]},{"tag":"TypeVar","contents":"a"}]}]}]},9]},10]},11]}}},{"EDValue":{"edValueName":{"Ident":"peek"},"edValueType":{"tag":"ForAll","contents":["r",{"tag":"ForAll","contents":["h",{"tag":"ForAll","contents":["a",{"tag":"TypeApp","contents":[{"tag":"TypeApp","contents":[{"tag":"TypeConstructor","contents":[["Prim"],"Function"]},{"tag":"TypeApp","contents":[{"tag":"TypeApp","contents":[{"tag":"TypeConstructor","contents":[["Data","Array","ST","Iterator"],"Iterator"]},{"tag":"TypeVar","contents":"h"}]},{"tag":"TypeVar","contents":"a"}]}]},{"tag":"TypeApp","contents":[{"tag":"TypeApp","contents":[{"tag":"TypeConstructor","contents":[["Control","Monad","Eff"],"Eff"]},{"tag":"RCons","contents":["st",{"tag":"TypeApp","contents":[{"tag":"TypeConstructor","contents":[["Control","Monad","ST"],"ST"]},{"tag":"TypeVar","contents":"h"}]},{"tag":"TypeVar","contents":"r"}]}]},{"tag":"TypeApp","contents":[{"tag":"TypeConstructor","contents":[["Data","Maybe"],"Maybe"]},{"tag":"TypeVar","contents":"a"}]}]}]},0]},1]},2]}}},{"EDValue":{"edValueName":{"Ident":"exhausted"},"edValueType":{"tag":"ForAll","contents":["r",{"tag":"ForAll","contents":["h",{"tag":"ForAll","contents":["a",{"tag":"TypeApp","contents":[{"tag":"TypeApp","contents":[{"tag":"TypeConstructor","contents":[["Prim"],"Function"]},{"tag":"TypeApp","contents":[{"tag":"TypeApp","contents":[{"tag":"TypeConstructor","contents":[["Data","Array","ST","Iterator"],"Iterator"]},{"tag":"TypeVar","contents":"h"}]},{"tag":"TypeVar","contents":"a"}]}]},{"tag":"TypeApp","contents":[{"tag":"TypeApp","contents":[{"tag":"TypeConstructor","contents":[["Control","Monad","Eff"],"Eff"]},{"tag":"RCons","contents":["st",{"tag":"TypeApp","contents":[{"tag":"TypeConstructor","contents":[["Control","Monad","ST"],"ST"]},{"tag":"TypeVar","contents":"h"}]},{"tag":"TypeVar","contents":"r"}]}]},{"tag":"TypeConstructor","contents":[["Prim"],"Boolean"]}]}]},70]},71]},72]}}},{"EDValue":{"edValueName":{"Ident":"pushWhile"},"edValueType":{"tag":"ForAll","contents":["r",{"tag":"ForAll","contents":["h",{"tag":"ForAll","contents":["a",{"tag":"TypeApp","contents":[{"tag":"TypeApp","contents":[{"tag":"TypeConstructor","contents":[["Prim"],"Function"]},{"tag":"TypeApp","contents":[{"tag":"TypeApp","contents":[{"tag":"TypeConstructor","contents":[["Prim"],"Function"]},{"tag":"TypeVar","contents":"a"}]},{"tag":"TypeConstructor","contents":[["Prim"],"Boolean"]}]}]},{"tag":"TypeApp","contents":[{"tag":"TypeApp","contents":[{"tag":"TypeConstructor","contents":[["Prim"],"Function"]},{"tag":"TypeApp","contents":[{"tag":"TypeApp","contents":[{"tag":"TypeConstructor","contents":[["Data","Array","ST","Iterator"],"Iterator"]},{"tag":"TypeVar","contents":"h"}]},{"tag":"TypeVar","contents":"a"}]}]},{"tag":"TypeApp","contents":[{"tag":"TypeApp","contents":[{"tag":"TypeConstructor","contents":[["Prim"],"Function"]},{"tag":"TypeApp","contents":[{"tag":"TypeApp","contents":[{"tag":"TypeConstructor","contents":[["Data","Array","ST"],"STArray"]},{"tag":"TypeVar","contents":"h"}]},{"tag":"TypeVar","contents":"a"}]}]},{"tag":"TypeApp","contents":[{"tag":"TypeApp","contents":[{"tag":"TypeConstructor","contents":[["Control","Monad","Eff"],"Eff"]},{"tag":"RCons","contents":["st",{"tag":"TypeApp","contents":[{"tag":"TypeConstructor","contents":[["Control","Monad","ST"],"ST"]},{"tag":"TypeVar","contents":"h"}]},{"tag":"TypeVar","contents":"r"}]}]},{"tag":"TypeConstructor","contents":[["Data","Unit"],"Unit"]}]}]}]}]},21]},22]},23]}}},{"EDValue":{"edValueName":{"Ident":"pushAll"},"edValueType":{"tag":"ForAll","contents":["r",{"tag":"ForAll","contents":["h",{"tag":"ForAll","contents":["a",{"tag":"TypeApp","contents":[{"tag":"TypeApp","contents":[{"tag":"TypeConstructor","contents":[["Prim"],"Function"]},{"tag":"TypeApp","contents":[{"tag":"TypeApp","contents":[{"tag":"TypeConstructor","contents":[["Data","Array","ST","Iterator"],"Iterator"]},{"tag":"TypeVar","contents":"h"}]},{"tag":"TypeVar","contents":"a"}]}]},{"tag":"TypeApp","contents":[{"tag":"TypeApp","contents":[{"tag":"TypeConstructor","contents":[["Prim"],"Function"]},{"tag":"TypeApp","contents":[{"tag":"TypeApp","contents":[{"tag":"TypeConstructor","contents":[["Data","Array","ST"],"STArray"]},{"tag":"TypeVar","contents":"h"}]},{"tag":"TypeVar","contents":"a"}]}]},{"tag":"TypeApp","contents":[{"tag":"TypeApp","contents":[{"tag":"TypeConstructor","contents":[["Control","Monad","Eff"],"Eff"]},{"tag":"RCons","contents":["st",{"tag":"TypeApp","contents":[{"tag":"TypeConstructor","contents":[["Control","Monad","ST"],"ST"]},{"tag":"TypeVar","contents":"h"}]},{"tag":"TypeVar","contents":"r"}]}]},{"tag":"TypeConstructor","contents":[["Data","Unit"],"Unit"]}]}]}]},38]},39]},40]}}}],"efSourceSpan":{"start":[1,1],"name":"/home/stpl/Desktop/purs/Main-Project/bower_components/purescript-arrays/src/Data/Array/ST/Iterator.purs","end":[77,32]}}