{"efVersion":"0.11.7","efModuleName":["Data","Time","Component","Gen"],"efExports":[{"ValueRef":[{"start":[1,1],"name":"/home/stpl/Desktop/purs/MainRebuilt/bower_components/purescript-datetime/src/Data/Time/Component/Gen.purs","end":[21,18]},{"Ident":"genHour"}]},{"ValueRef":[{"start":[1,1],"name":"/home/stpl/Desktop/purs/MainRebuilt/bower_components/purescript-datetime/src/Data/Time/Component/Gen.purs","end":[21,18]},{"Ident":"genMinute"}]},{"ValueRef":[{"start":[1,1],"name":"/home/stpl/Desktop/purs/MainRebuilt/bower_components/purescript-datetime/src/Data/Time/Component/Gen.purs","end":[21,18]},{"Ident":"genSecond"}]},{"ValueRef":[{"start":[1,1],"name":"/home/stpl/Desktop/purs/MainRebuilt/bower_components/purescript-datetime/src/Data/Time/Component/Gen.purs","end":[21,18]},{"Ident":"genMillisecond"}]}],"efImports":[{"eiModule":["Prim"],"eiImportType":{"Implicit":[]},"eiImportedAs":["Prim"]},{"eiModule":["Prim"],"eiImportType":{"Implicit":[]},"eiImportedAs":null},{"eiModule":["Control","Monad","Gen"],"eiImportType":{"Explicit":[{"TypeClassRef":[{"start":[3,27],"name":"/home/stpl/Desktop/purs/MainRebuilt/bower_components/purescript-datetime/src/Data/Time/Component/Gen.purs","end":[3,41]},"MonadGen"]}]},"eiImportedAs":null},{"eiModule":["Data","Enum","Gen"],"eiImportType":{"Explicit":[{"ValueRef":[{"start":[4,23],"name":"/home/stpl/Desktop/purs/MainRebuilt/bower_components/purescript-datetime/src/Data/Time/Component/Gen.purs","end":[4,37]},{"Ident":"genBoundedEnum"}]}]},"eiImportedAs":null},{"eiModule":["Data","Time","Component"],"eiImportType":{"Explicit":[{"TypeRef":[{"start":[5,29],"name":"/home/stpl/Desktop/purs/MainRebuilt/bower_components/purescript-datetime/src/Data/Time/Component/Gen.purs","end":[5,33]},"Hour",[]]},{"TypeRef":[{"start":[5,35],"name":"/home/stpl/Desktop/purs/MainRebuilt/bower_components/purescript-datetime/src/Data/Time/Component/Gen.purs","end":[5,46]},"Millisecond",[]]},{"TypeRef":[{"start":[5,48],"name":"/home/stpl/Desktop/purs/MainRebuilt/bower_components/purescript-datetime/src/Data/Time/Component/Gen.purs","end":[5,54]},"Minute",[]]},{"TypeRef":[{"start":[5,56],"name":"/home/stpl/Desktop/purs/MainRebuilt/bower_components/purescript-datetime/src/Data/Time/Component/Gen.purs","end":[5,62]},"Second",[]]}]},"eiImportedAs":null}],"efFixities":[],"efTypeFixities":[],"efDeclarations":[{"EDValue":{"edValueName":{"Ident":"genHour"},"edValueType":{"tag":"ForAll","contents":["m",{"tag":"ConstrainedType","contents":[{"constraintClass":[["Control","Monad","Gen","Class"],"MonadGen"],"constraintArgs":[{"tag":"TypeVar","contents":"m"}],"constraintData":null},{"tag":"TypeApp","contents":[{"tag":"TypeVar","contents":"m"},{"tag":"TypeConstructor","contents":[["Data","Time","Component"],"Hour"]}]}]},6]}}},{"EDValue":{"edValueName":{"Ident":"genMinute"},"edValueType":{"tag":"ForAll","contents":["m",{"tag":"ConstrainedType","contents":[{"constraintClass":[["Control","Monad","Gen","Class"],"MonadGen"],"constraintArgs":[{"tag":"TypeVar","contents":"m"}],"constraintData":null},{"tag":"TypeApp","contents":[{"tag":"TypeVar","contents":"m"},{"tag":"TypeConstructor","contents":[["Data","Time","Component"],"Minute"]}]}]},2]}}},{"EDValue":{"edValueName":{"Ident":"genSecond"},"edValueType":{"tag":"ForAll","contents":["m",{"tag":"ConstrainedType","contents":[{"constraintClass":[["Control","Monad","Gen","Class"],"MonadGen"],"constraintArgs":[{"tag":"TypeVar","contents":"m"}],"constraintData":null},{"tag":"TypeApp","contents":[{"tag":"TypeVar","contents":"m"},{"tag":"TypeConstructor","contents":[["Data","Time","Component"],"Second"]}]}]},0]}}},{"EDValue":{"edValueName":{"Ident":"genMillisecond"},"edValueType":{"tag":"ForAll","contents":["m",{"tag":"ConstrainedType","contents":[{"constraintClass":[["Control","Monad","Gen","Class"],"MonadGen"],"constraintArgs":[{"tag":"TypeVar","contents":"m"}],"constraintData":null},{"tag":"TypeApp","contents":[{"tag":"TypeVar","contents":"m"},{"tag":"TypeConstructor","contents":[["Data","Time","Component"],"Millisecond"]}]}]},4]}}}],"efSourceSpan":{"start":[1,1],"name":"/home/stpl/Desktop/purs/MainRebuilt/bower_components/purescript-datetime/src/Data/Time/Component/Gen.purs","end":[21,18]}}