{"efVersion":"0.11.7","efModuleName":["DrawExtras"],"efExports":[{"TypeRef":[{"start":[1,1],"name":"/home/stpl/Desktop/purs/MainRebuilt/src/Draw/DrawExtras.purs","end":[58,38]},"Vertex",["Vertex"]]},{"ValueRef":[{"start":[1,1],"name":"/home/stpl/Desktop/purs/MainRebuilt/src/Draw/DrawExtras.purs","end":[58,38]},{"Ident":"cent"}]},{"ValueRef":[{"start":[1,1],"name":"/home/stpl/Desktop/purs/MainRebuilt/src/Draw/DrawExtras.purs","end":[58,38]},{"Ident":"makealine"}]},{"ValueRef":[{"start":[1,1],"name":"/home/stpl/Desktop/purs/MainRebuilt/src/Draw/DrawExtras.purs","end":[58,38]},{"Ident":"updatepointwithangle"}]}],"efImports":[{"eiModule":["Prim"],"eiImportType":{"Implicit":[]},"eiImportedAs":["Prim"]},{"eiModule":["Prim"],"eiImportType":{"Implicit":[]},"eiImportedAs":null},{"eiModule":["Prelude"],"eiImportType":{"Implicit":[]},"eiImportedAs":null},{"eiModule":["Control","Monad","Eff"],"eiImportType":{"Explicit":[{"TypeRef":[{"start":[4,26],"name":"/home/stpl/Desktop/purs/MainRebuilt/src/Draw/DrawExtras.purs","end":[4,29]},"Eff",[]]}]},"eiImportedAs":null},{"eiModule":["Graphics","Canvas"],"eiImportType":{"Implicit":[]},"eiImportedAs":null},{"eiModule":["Data","Maybe"],"eiImportType":{"Explicit":[{"TypeRef":[{"start":[6,19],"name":"/home/stpl/Desktop/purs/MainRebuilt/src/Draw/DrawExtras.purs","end":[6,30]},"Maybe",["Just"]]}]},"eiImportedAs":null},{"eiModule":["Partial","Unsafe"],"eiImportType":{"Explicit":[{"ValueRef":[{"start":[7,23],"name":"/home/stpl/Desktop/purs/MainRebuilt/src/Draw/DrawExtras.purs","end":[7,36]},{"Ident":"unsafePartial"}]}]},"eiImportedAs":null},{"eiModule":["Math"],"eiImportType":{"Implicit":[]},"eiImportedAs":null}],"efFixities":[],"efTypeFixities":[],"efDeclarations":[{"EDType":{"edTypeName":"Vertex","edTypeKind":{"tag":"NamedKind","contents":[["Prim"],"Type"]},"edTypeDeclarationKind":{"DataType":{"args":[],"ctors":[["Vertex",[{"tag":"TypeApp","contents":[{"tag":"TypeConstructor","contents":[["Prim"],"Record"]},{"tag":"RCons","contents":["x",{"tag":"TypeConstructor","contents":[["Prim"],"Number"]},{"tag":"RCons","contents":["y",{"tag":"TypeConstructor","contents":[["Prim"],"Number"]},{"tag":"RCons","contents":["z",{"tag":"TypeConstructor","contents":[["Prim"],"Number"]},{"tag":"REmpty"}]}]}]}]}]]]}}}},{"EDDataConstructor":{"edDataCtorName":"Vertex","edDataCtorOrigin":"newtype","edDataCtorTypeCtor":"Vertex","edDataCtorType":{"tag":"TypeApp","contents":[{"tag":"TypeApp","contents":[{"tag":"TypeConstructor","contents":[["Prim"],"Function"]},{"tag":"TypeApp","contents":[{"tag":"TypeConstructor","contents":[["Prim"],"Record"]},{"tag":"RCons","contents":["x",{"tag":"TypeConstructor","contents":[["Prim"],"Number"]},{"tag":"RCons","contents":["y",{"tag":"TypeConstructor","contents":[["Prim"],"Number"]},{"tag":"RCons","contents":["z",{"tag":"TypeConstructor","contents":[["Prim"],"Number"]},{"tag":"REmpty"}]}]}]}]}]},{"tag":"TypeConstructor","contents":[["DrawExtras"],"Vertex"]}]},"edDataCtorFields":[{"Ident":"value0"}]}},{"EDValue":{"edValueName":{"Ident":"cent"},"edValueType":{"tag":"TypeApp","contents":[{"tag":"TypeApp","contents":[{"tag":"TypeConstructor","contents":[["Prim"],"Function"]},{"tag":"TypeConstructor","contents":[["DrawExtras"],"Vertex"]}]},{"tag":"TypeConstructor","contents":[["DrawExtras"],"Vertex"]}]}}},{"EDValue":{"edValueName":{"Ident":"makealine"},"edValueType":{"tag":"ForAll","contents":["a",{"tag":"TypeApp","contents":[{"tag":"TypeApp","contents":[{"tag":"TypeConstructor","contents":[["Prim"],"Function"]},{"tag":"TypeConstructor","contents":[["Graphics","Canvas"],"Context2D"]}]},{"tag":"TypeApp","contents":[{"tag":"TypeApp","contents":[{"tag":"TypeConstructor","contents":[["Prim"],"Function"]},{"tag":"TypeConstructor","contents":[["DrawExtras"],"Vertex"]}]},{"tag":"TypeApp","contents":[{"tag":"TypeApp","contents":[{"tag":"TypeConstructor","contents":[["Prim"],"Function"]},{"tag":"TypeConstructor","contents":[["DrawExtras"],"Vertex"]}]},{"tag":"TypeApp","contents":[{"tag":"TypeApp","contents":[{"tag":"TypeConstructor","contents":[["Control","Monad","Eff"],"Eff"]},{"tag":"RCons","contents":["canvas",{"tag":"TypeConstructor","contents":[["Graphics","Canvas"],"CANVAS"]},{"tag":"TypeVar","contents":"a"}]}]},{"tag":"TypeConstructor","contents":[["Data","Unit"],"Unit"]}]}]}]}]},0]}}},{"EDValue":{"edValueName":{"Ident":"updatepointwithangle"},"edValueType":{"tag":"TypeApp","contents":[{"tag":"TypeApp","contents":[{"tag":"TypeConstructor","contents":[["Prim"],"Function"]},{"tag":"TypeConstructor","contents":[["DrawExtras"],"Vertex"]}]},{"tag":"TypeApp","contents":[{"tag":"TypeApp","contents":[{"tag":"TypeConstructor","contents":[["Prim"],"Function"]},{"tag":"TypeConstructor","contents":[["DrawExtras"],"Vertex"]}]},{"tag":"TypeConstructor","contents":[["DrawExtras"],"Vertex"]}]}]}}}],"efSourceSpan":{"start":[1,1],"name":"/home/stpl/Desktop/purs/MainRebuilt/src/Draw/DrawExtras.purs","end":[58,38]}}