{"efVersion":"0.11.7","efModuleName":["Control","Monad","Eff","AVar"],"efExports":[{"TypeRef":[{"start":[1,1],"name":"/home/stpl/Desktop/purs/MainRebuilt/bower_components/purescript-avar/src/Control/Monad/Eff/AVar.purs","end":[150,3]},"AVar",[]]},{"TypeRef":[{"start":[1,1],"name":"/home/stpl/Desktop/purs/MainRebuilt/bower_components/purescript-avar/src/Control/Monad/Eff/AVar.purs","end":[150,3]},"AVAR",[]]},{"TypeRef":[{"start":[1,1],"name":"/home/stpl/Desktop/purs/MainRebuilt/bower_components/purescript-avar/src/Control/Monad/Eff/AVar.purs","end":[150,3]},"AVarEff",[]]},{"TypeRef":[{"start":[1,1],"name":"/home/stpl/Desktop/purs/MainRebuilt/bower_components/purescript-avar/src/Control/Monad/Eff/AVar.purs","end":[150,3]},"AVarCallback",[]]},{"TypeRef":[{"start":[1,1],"name":"/home/stpl/Desktop/purs/MainRebuilt/bower_components/purescript-avar/src/Control/Monad/Eff/AVar.purs","end":[150,3]},"AVarStatus",["Killed","Filled","Empty"]]},{"ValueRef":[{"start":[1,1],"name":"/home/stpl/Desktop/purs/MainRebuilt/bower_components/purescript-avar/src/Control/Monad/Eff/AVar.purs","end":[150,3]},{"Ident":"makeVar"}]},{"ValueRef":[{"start":[1,1],"name":"/home/stpl/Desktop/purs/MainRebuilt/bower_components/purescript-avar/src/Control/Monad/Eff/AVar.purs","end":[150,3]},{"Ident":"makeEmptyVar"}]},{"ValueRef":[{"start":[1,1],"name":"/home/stpl/Desktop/purs/MainRebuilt/bower_components/purescript-avar/src/Control/Monad/Eff/AVar.purs","end":[150,3]},{"Ident":"takeVar"}]},{"ValueRef":[{"start":[1,1],"name":"/home/stpl/Desktop/purs/MainRebuilt/bower_components/purescript-avar/src/Control/Monad/Eff/AVar.purs","end":[150,3]},{"Ident":"tryTakeVar"}]},{"ValueRef":[{"start":[1,1],"name":"/home/stpl/Desktop/purs/MainRebuilt/bower_components/purescript-avar/src/Control/Monad/Eff/AVar.purs","end":[150,3]},{"Ident":"putVar"}]},{"ValueRef":[{"start":[1,1],"name":"/home/stpl/Desktop/purs/MainRebuilt/bower_components/purescript-avar/src/Control/Monad/Eff/AVar.purs","end":[150,3]},{"Ident":"tryPutVar"}]},{"ValueRef":[{"start":[1,1],"name":"/home/stpl/Desktop/purs/MainRebuilt/bower_components/purescript-avar/src/Control/Monad/Eff/AVar.purs","end":[150,3]},{"Ident":"readVar"}]},{"ValueRef":[{"start":[1,1],"name":"/home/stpl/Desktop/purs/MainRebuilt/bower_components/purescript-avar/src/Control/Monad/Eff/AVar.purs","end":[150,3]},{"Ident":"tryReadVar"}]},{"ValueRef":[{"start":[1,1],"name":"/home/stpl/Desktop/purs/MainRebuilt/bower_components/purescript-avar/src/Control/Monad/Eff/AVar.purs","end":[150,3]},{"Ident":"killVar"}]},{"ValueRef":[{"start":[1,1],"name":"/home/stpl/Desktop/purs/MainRebuilt/bower_components/purescript-avar/src/Control/Monad/Eff/AVar.purs","end":[150,3]},{"Ident":"status"}]},{"ValueRef":[{"start":[1,1],"name":"/home/stpl/Desktop/purs/MainRebuilt/bower_components/purescript-avar/src/Control/Monad/Eff/AVar.purs","end":[150,3]},{"Ident":"isEmptyVar"}]},{"ValueRef":[{"start":[1,1],"name":"/home/stpl/Desktop/purs/MainRebuilt/bower_components/purescript-avar/src/Control/Monad/Eff/AVar.purs","end":[150,3]},{"Ident":"isFilledVar"}]},{"ValueRef":[{"start":[1,1],"name":"/home/stpl/Desktop/purs/MainRebuilt/bower_components/purescript-avar/src/Control/Monad/Eff/AVar.purs","end":[150,3]},{"Ident":"isKilledVar"}]},{"ValueRef":[{"start":[1,1],"name":"/home/stpl/Desktop/purs/MainRebuilt/bower_components/purescript-avar/src/Control/Monad/Eff/AVar.purs","end":[150,3]},{"Ident":"isEmpty"}]},{"ValueRef":[{"start":[1,1],"name":"/home/stpl/Desktop/purs/MainRebuilt/bower_components/purescript-avar/src/Control/Monad/Eff/AVar.purs","end":[150,3]},{"Ident":"isFilled"}]},{"ValueRef":[{"start":[1,1],"name":"/home/stpl/Desktop/purs/MainRebuilt/bower_components/purescript-avar/src/Control/Monad/Eff/AVar.purs","end":[150,3]},{"Ident":"isKilled"}]}],"efImports":[{"eiModule":["Prim"],"eiImportType":{"Implicit":[]},"eiImportedAs":["Prim"]},{"eiModule":["Prim"],"eiImportType":{"Implicit":[]},"eiImportedAs":null},{"eiModule":["Prelude"],"eiImportType":{"Implicit":[]},"eiImportedAs":null},{"eiModule":["Control","Monad","Eff"],"eiImportType":{"Explicit":[{"KindRef":[{"start":[26,27],"name":"/home/stpl/Desktop/purs/MainRebuilt/bower_components/purescript-avar/src/Control/Monad/Eff/AVar.purs","end":[26,38]},"Effect"]},{"TypeRef":[{"start":[26,40],"name":"/home/stpl/Desktop/purs/MainRebuilt/bower_components/purescript-avar/src/Control/Monad/Eff/AVar.purs","end":[26,43]},"Eff",[]]}]},"eiImportedAs":null},{"eiModule":["Control","Monad","Eff","Exception"],"eiImportType":{"Explicit":[{"TypeRef":[{"start":[27,37],"name":"/home/stpl/Desktop/purs/MainRebuilt/bower_components/purescript-avar/src/Control/Monad/Eff/AVar.purs","end":[27,42]},"Error",[]]}]},"eiImportedAs":null},{"eiModule":["Data","Either"],"eiImportType":{"Explicit":[{"TypeRef":[{"start":[28,21],"name":"/home/stpl/Desktop/purs/MainRebuilt/bower_components/purescript-avar/src/Control/Monad/Eff/AVar.purs","end":[28,31]},"Either",null]}]},"eiImportedAs":null},{"eiModule":["Data","Function","Uncurried"],"eiImportType":{"Implicit":[]},"eiImportedAs":["Fn"]},{"eiModule":["Data","Maybe"],"eiImportType":{"Explicit":[{"TypeRef":[{"start":[30,20],"name":"/home/stpl/Desktop/purs/MainRebuilt/bower_components/purescript-avar/src/Control/Monad/Eff/AVar.purs","end":[30,29]},"Maybe",null]}]},"eiImportedAs":null}],"efFixities":[],"efTypeFixities":[],"efDeclarations":[{"EDType":{"edTypeName":"AVar","edTypeKind":{"tag":"FunKind","contents":[{"tag":"NamedKind","contents":[["Prim"],"Type"]},{"tag":"NamedKind","contents":[["Prim"],"Type"]}]},"edTypeDeclarationKind":"ExternData"}},{"EDType":{"edTypeName":"AVAR","edTypeKind":{"tag":"NamedKind","contents":[["Control","Monad","Eff"],"Effect"]},"edTypeDeclarationKind":"ExternData"}},{"EDType":{"edTypeName":"AVarEff","edTypeKind":{"tag":"FunKind","contents":[{"tag":"Row","contents":{"tag":"NamedKind","contents":[["Control","Monad","Eff"],"Effect"]}},{"tag":"FunKind","contents":[{"tag":"NamedKind","contents":[["Prim"],"Type"]},{"tag":"NamedKind","contents":[["Prim"],"Type"]}]}]},"edTypeDeclarationKind":"TypeSynonym"}},{"EDTypeSynonym":{"edTypeSynonymName":"AVarEff","edTypeSynonymArguments":[["eff",{"tag":"Row","contents":{"tag":"NamedKind","contents":[["Control","Monad","Eff"],"Effect"]}}]],"edTypeSynonymType":{"tag":"TypeApp","contents":[{"tag":"TypeConstructor","contents":[["Control","Monad","Eff"],"Eff"]},{"tag":"RCons","contents":["avar",{"tag":"TypeConstructor","contents":[["Control","Monad","Eff","AVar"],"AVAR"]},{"tag":"TypeVar","contents":"eff"}]}]}}},{"EDType":{"edTypeName":"AVarCallback","edTypeKind":{"tag":"FunKind","contents":[{"tag":"Row","contents":{"tag":"NamedKind","contents":[["Control","Monad","Eff"],"Effect"]}},{"tag":"FunKind","contents":[{"tag":"NamedKind","contents":[["Prim"],"Type"]},{"tag":"NamedKind","contents":[["Prim"],"Type"]}]}]},"edTypeDeclarationKind":"TypeSynonym"}},{"EDTypeSynonym":{"edTypeSynonymName":"AVarCallback","edTypeSynonymArguments":[["eff",{"tag":"Row","contents":{"tag":"NamedKind","contents":[["Control","Monad","Eff"],"Effect"]}}],["a",{"tag":"NamedKind","contents":[["Prim"],"Type"]}]],"edTypeSynonymType":{"tag":"TypeApp","contents":[{"tag":"TypeApp","contents":[{"tag":"TypeConstructor","contents":[["Prim"],"Function"]},{"tag":"TypeApp","contents":[{"tag":"TypeApp","contents":[{"tag":"TypeConstructor","contents":[["Data","Either"],"Either"]},{"tag":"TypeConstructor","contents":[["Control","Monad","Eff","Exception"],"Error"]}]},{"tag":"TypeVar","contents":"a"}]}]},{"tag":"TypeApp","contents":[{"tag":"TypeApp","contents":[{"tag":"TypeConstructor","contents":[["Control","Monad","Eff","AVar"],"AVarEff"]},{"tag":"TypeVar","contents":"eff"}]},{"tag":"TypeConstructor","contents":[["Data","Unit"],"Unit"]}]}]}}},{"EDType":{"edTypeName":"AVarStatus","edTypeKind":{"tag":"FunKind","contents":[{"tag":"NamedKind","contents":[["Prim"],"Type"]},{"tag":"NamedKind","contents":[["Prim"],"Type"]}]},"edTypeDeclarationKind":{"DataType":{"args":[["a",{"tag":"NamedKind","contents":[["Prim"],"Type"]}]],"ctors":[["Killed",[{"tag":"TypeConstructor","contents":[["Control","Monad","Eff","Exception"],"Error"]}]],["Filled",[{"tag":"TypeVar","contents":"a"}]],["Empty",[]]]}}}},{"EDDataConstructor":{"edDataCtorName":"Killed","edDataCtorOrigin":"data","edDataCtorTypeCtor":"AVarStatus","edDataCtorType":{"tag":"ForAll","contents":["a",{"tag":"TypeApp","contents":[{"tag":"TypeApp","contents":[{"tag":"TypeConstructor","contents":[["Prim"],"Function"]},{"tag":"TypeConstructor","contents":[["Control","Monad","Eff","Exception"],"Error"]}]},{"tag":"TypeApp","contents":[{"tag":"TypeConstructor","contents":[["Control","Monad","Eff","AVar"],"AVarStatus"]},{"tag":"TypeVar","contents":"a"}]}]},null]},"edDataCtorFields":[{"Ident":"value0"}]}},{"EDDataConstructor":{"edDataCtorName":"Filled","edDataCtorOrigin":"data","edDataCtorTypeCtor":"AVarStatus","edDataCtorType":{"tag":"ForAll","contents":["a",{"tag":"TypeApp","contents":[{"tag":"TypeApp","contents":[{"tag":"TypeConstructor","contents":[["Prim"],"Function"]},{"tag":"TypeVar","contents":"a"}]},{"tag":"TypeApp","contents":[{"tag":"TypeConstructor","contents":[["Control","Monad","Eff","AVar"],"AVarStatus"]},{"tag":"TypeVar","contents":"a"}]}]},null]},"edDataCtorFields":[{"Ident":"value0"}]}},{"EDDataConstructor":{"edDataCtorName":"Empty","edDataCtorOrigin":"data","edDataCtorTypeCtor":"AVarStatus","edDataCtorType":{"tag":"ForAll","contents":["a",{"tag":"TypeApp","contents":[{"tag":"TypeConstructor","contents":[["Control","Monad","Eff","AVar"],"AVarStatus"]},{"tag":"TypeVar","contents":"a"}]},null]},"edDataCtorFields":[]}},{"EDValue":{"edValueName":{"Ident":"makeVar"},"edValueType":{"tag":"ForAll","contents":["a",{"tag":"ForAll","contents":["eff",{"tag":"TypeApp","contents":[{"tag":"TypeApp","contents":[{"tag":"TypeConstructor","contents":[["Prim"],"Function"]},{"tag":"TypeVar","contents":"a"}]},{"tag":"TypeApp","contents":[{"tag":"TypeApp","contents":[{"tag":"TypeConstructor","contents":[["Control","Monad","Eff","AVar"],"AVarEff"]},{"tag":"TypeVar","contents":"eff"}]},{"tag":"TypeApp","contents":[{"tag":"TypeConstructor","contents":[["Control","Monad","Eff","AVar"],"AVar"]},{"tag":"TypeVar","contents":"a"}]}]}]},null]},null]}}},{"EDValue":{"edValueName":{"Ident":"makeEmptyVar"},"edValueType":{"tag":"ForAll","contents":["a",{"tag":"ForAll","contents":["eff",{"tag":"TypeApp","contents":[{"tag":"TypeApp","contents":[{"tag":"TypeConstructor","contents":[["Control","Monad","Eff","AVar"],"AVarEff"]},{"tag":"TypeVar","contents":"eff"}]},{"tag":"TypeApp","contents":[{"tag":"TypeConstructor","contents":[["Control","Monad","Eff","AVar"],"AVar"]},{"tag":"TypeVar","contents":"a"}]}]},null]},null]}}},{"EDValue":{"edValueName":{"Ident":"takeVar"},"edValueType":{"tag":"ForAll","contents":["a",{"tag":"ForAll","contents":["eff",{"tag":"TypeApp","contents":[{"tag":"TypeApp","contents":[{"tag":"TypeConstructor","contents":[["Prim"],"Function"]},{"tag":"TypeApp","contents":[{"tag":"TypeConstructor","contents":[["Control","Monad","Eff","AVar"],"AVar"]},{"tag":"TypeVar","contents":"a"}]}]},{"tag":"TypeApp","contents":[{"tag":"TypeApp","contents":[{"tag":"TypeConstructor","contents":[["Prim"],"Function"]},{"tag":"TypeApp","contents":[{"tag":"TypeApp","contents":[{"tag":"TypeConstructor","contents":[["Prim"],"Function"]},{"tag":"TypeApp","contents":[{"tag":"TypeApp","contents":[{"tag":"TypeConstructor","contents":[["Data","Either"],"Either"]},{"tag":"TypeConstructor","contents":[["Control","Monad","Eff","Exception"],"Error"]}]},{"tag":"TypeVar","contents":"a"}]}]},{"tag":"TypeApp","contents":[{"tag":"TypeApp","contents":[{"tag":"TypeConstructor","contents":[["Control","Monad","Eff"],"Eff"]},{"tag":"RCons","contents":["avar",{"tag":"TypeConstructor","contents":[["Control","Monad","Eff","AVar"],"AVAR"]},{"tag":"TypeVar","contents":"eff"}]}]},{"tag":"TypeConstructor","contents":[["Data","Unit"],"Unit"]}]}]}]},{"tag":"TypeApp","contents":[{"tag":"TypeApp","contents":[{"tag":"TypeConstructor","contents":[["Control","Monad","Eff"],"Eff"]},{"tag":"RCons","contents":["avar",{"tag":"TypeConstructor","contents":[["Control","Monad","Eff","AVar"],"AVAR"]},{"tag":"TypeVar","contents":"eff"}]}]},{"tag":"TypeApp","contents":[{"tag":"TypeApp","contents":[{"tag":"TypeConstructor","contents":[["Control","Monad","Eff"],"Eff"]},{"tag":"RCons","contents":["avar",{"tag":"TypeConstructor","contents":[["Control","Monad","Eff","AVar"],"AVAR"]},{"tag":"TypeVar","contents":"eff"}]}]},{"tag":"TypeConstructor","contents":[["Data","Unit"],"Unit"]}]}]}]}]},121]},122]}}},{"EDValue":{"edValueName":{"Ident":"tryTakeVar"},"edValueType":{"tag":"ForAll","contents":["a",{"tag":"ForAll","contents":["eff",{"tag":"TypeApp","contents":[{"tag":"TypeApp","contents":[{"tag":"TypeConstructor","contents":[["Prim"],"Function"]},{"tag":"TypeApp","contents":[{"tag":"TypeConstructor","contents":[["Control","Monad","Eff","AVar"],"AVar"]},{"tag":"TypeVar","contents":"a"}]}]},{"tag":"TypeApp","contents":[{"tag":"TypeApp","contents":[{"tag":"TypeConstructor","contents":[["Control","Monad","Eff"],"Eff"]},{"tag":"RCons","contents":["avar",{"tag":"TypeConstructor","contents":[["Control","Monad","Eff","AVar"],"AVAR"]},{"tag":"TypeVar","contents":"eff"}]}]},{"tag":"TypeApp","contents":[{"tag":"TypeConstructor","contents":[["Data","Maybe"],"Maybe"]},{"tag":"TypeVar","contents":"a"}]}]}]},177]},178]}}},{"EDValue":{"edValueName":{"Ident":"putVar"},"edValueType":{"tag":"ForAll","contents":["a",{"tag":"ForAll","contents":["eff",{"tag":"TypeApp","contents":[{"tag":"TypeApp","contents":[{"tag":"TypeConstructor","contents":[["Prim"],"Function"]},{"tag":"TypeVar","contents":"a"}]},{"tag":"TypeApp","contents":[{"tag":"TypeApp","contents":[{"tag":"TypeConstructor","contents":[["Prim"],"Function"]},{"tag":"TypeApp","contents":[{"tag":"TypeConstructor","contents":[["Control","Monad","Eff","AVar"],"AVar"]},{"tag":"TypeVar","contents":"a"}]}]},{"tag":"TypeApp","contents":[{"tag":"TypeApp","contents":[{"tag":"TypeConstructor","contents":[["Prim"],"Function"]},{"tag":"TypeApp","contents":[{"tag":"TypeApp","contents":[{"tag":"TypeConstructor","contents":[["Prim"],"Function"]},{"tag":"TypeApp","contents":[{"tag":"TypeApp","contents":[{"tag":"TypeConstructor","contents":[["Data","Either"],"Either"]},{"tag":"TypeConstructor","contents":[["Control","Monad","Eff","Exception"],"Error"]}]},{"tag":"TypeConstructor","contents":[["Data","Unit"],"Unit"]}]}]},{"tag":"TypeApp","contents":[{"tag":"TypeApp","contents":[{"tag":"TypeConstructor","contents":[["Control","Monad","Eff"],"Eff"]},{"tag":"RCons","contents":["avar",{"tag":"TypeConstructor","contents":[["Control","Monad","Eff","AVar"],"AVAR"]},{"tag":"TypeVar","contents":"eff"}]}]},{"tag":"TypeConstructor","contents":[["Data","Unit"],"Unit"]}]}]}]},{"tag":"TypeApp","contents":[{"tag":"TypeApp","contents":[{"tag":"TypeConstructor","contents":[["Control","Monad","Eff"],"Eff"]},{"tag":"RCons","contents":["avar",{"tag":"TypeConstructor","contents":[["Control","Monad","Eff","AVar"],"AVAR"]},{"tag":"TypeVar","contents":"eff"}]}]},{"tag":"TypeApp","contents":[{"tag":"TypeApp","contents":[{"tag":"TypeConstructor","contents":[["Control","Monad","Eff"],"Eff"]},{"tag":"RCons","contents":["avar",{"tag":"TypeConstructor","contents":[["Control","Monad","Eff","AVar"],"AVAR"]},{"tag":"TypeVar","contents":"eff"}]}]},{"tag":"TypeConstructor","contents":[["Data","Unit"],"Unit"]}]}]}]}]}]},52]},53]}}},{"EDValue":{"edValueName":{"Ident":"tryPutVar"},"edValueType":{"tag":"ForAll","contents":["a",{"tag":"ForAll","contents":["eff",{"tag":"TypeApp","contents":[{"tag":"TypeApp","contents":[{"tag":"TypeConstructor","contents":[["Prim"],"Function"]},{"tag":"TypeVar","contents":"a"}]},{"tag":"TypeApp","contents":[{"tag":"TypeApp","contents":[{"tag":"TypeConstructor","contents":[["Prim"],"Function"]},{"tag":"TypeApp","contents":[{"tag":"TypeConstructor","contents":[["Control","Monad","Eff","AVar"],"AVar"]},{"tag":"TypeVar","contents":"a"}]}]},{"tag":"TypeApp","contents":[{"tag":"TypeApp","contents":[{"tag":"TypeConstructor","contents":[["Control","Monad","Eff"],"Eff"]},{"tag":"RCons","contents":["avar",{"tag":"TypeConstructor","contents":[["Control","Monad","Eff","AVar"],"AVAR"]},{"tag":"TypeVar","contents":"eff"}]}]},{"tag":"TypeConstructor","contents":[["Prim"],"Boolean"]}]}]}]},140]},141]}}},{"EDValue":{"edValueName":{"Ident":"readVar"},"edValueType":{"tag":"ForAll","contents":["a",{"tag":"ForAll","contents":["eff",{"tag":"TypeApp","contents":[{"tag":"TypeApp","contents":[{"tag":"TypeConstructor","contents":[["Prim"],"Function"]},{"tag":"TypeApp","contents":[{"tag":"TypeConstructor","contents":[["Control","Monad","Eff","AVar"],"AVar"]},{"tag":"TypeVar","contents":"a"}]}]},{"tag":"TypeApp","contents":[{"tag":"TypeApp","contents":[{"tag":"TypeConstructor","contents":[["Prim"],"Function"]},{"tag":"TypeApp","contents":[{"tag":"TypeApp","contents":[{"tag":"TypeConstructor","contents":[["Prim"],"Function"]},{"tag":"TypeApp","contents":[{"tag":"TypeApp","contents":[{"tag":"TypeConstructor","contents":[["Data","Either"],"Either"]},{"tag":"TypeConstructor","contents":[["Control","Monad","Eff","Exception"],"Error"]}]},{"tag":"TypeVar","contents":"a"}]}]},{"tag":"TypeApp","contents":[{"tag":"TypeApp","contents":[{"tag":"TypeConstructor","contents":[["Control","Monad","Eff"],"Eff"]},{"tag":"RCons","contents":["avar",{"tag":"TypeConstructor","contents":[["Control","Monad","Eff","AVar"],"AVAR"]},{"tag":"TypeVar","contents":"eff"}]}]},{"tag":"TypeConstructor","contents":[["Data","Unit"],"Unit"]}]}]}]},{"tag":"TypeApp","contents":[{"tag":"TypeApp","contents":[{"tag":"TypeConstructor","contents":[["Control","Monad","Eff"],"Eff"]},{"tag":"RCons","contents":["avar",{"tag":"TypeConstructor","contents":[["Control","Monad","Eff","AVar"],"AVAR"]},{"tag":"TypeVar","contents":"eff"}]}]},{"tag":"TypeApp","contents":[{"tag":"TypeApp","contents":[{"tag":"TypeConstructor","contents":[["Control","Monad","Eff"],"Eff"]},{"tag":"RCons","contents":["avar",{"tag":"TypeConstructor","contents":[["Control","Monad","Eff","AVar"],"AVAR"]},{"tag":"TypeVar","contents":"eff"}]}]},{"tag":"TypeConstructor","contents":[["Data","Unit"],"Unit"]}]}]}]}]},72]},73]}}},{"EDValue":{"edValueName":{"Ident":"tryReadVar"},"edValueType":{"tag":"ForAll","contents":["a",{"tag":"ForAll","contents":["eff",{"tag":"TypeApp","contents":[{"tag":"TypeApp","contents":[{"tag":"TypeConstructor","contents":[["Prim"],"Function"]},{"tag":"TypeApp","contents":[{"tag":"TypeConstructor","contents":[["Control","Monad","Eff","AVar"],"AVar"]},{"tag":"TypeVar","contents":"a"}]}]},{"tag":"TypeApp","contents":[{"tag":"TypeApp","contents":[{"tag":"TypeConstructor","contents":[["Control","Monad","Eff"],"Eff"]},{"tag":"RCons","contents":["avar",{"tag":"TypeConstructor","contents":[["Control","Monad","Eff","AVar"],"AVAR"]},{"tag":"TypeVar","contents":"eff"}]}]},{"tag":"TypeApp","contents":[{"tag":"TypeConstructor","contents":[["Data","Maybe"],"Maybe"]},{"tag":"TypeVar","contents":"a"}]}]}]},159]},160]}}},{"EDValue":{"edValueName":{"Ident":"killVar"},"edValueType":{"tag":"ForAll","contents":["a",{"tag":"ForAll","contents":["eff",{"tag":"TypeApp","contents":[{"tag":"TypeApp","contents":[{"tag":"TypeConstructor","contents":[["Prim"],"Function"]},{"tag":"TypeConstructor","contents":[["Control","Monad","Eff","Exception"],"Error"]}]},{"tag":"TypeApp","contents":[{"tag":"TypeApp","contents":[{"tag":"TypeConstructor","contents":[["Prim"],"Function"]},{"tag":"TypeApp","contents":[{"tag":"TypeConstructor","contents":[["Control","Monad","Eff","AVar"],"AVar"]},{"tag":"TypeVar","contents":"a"}]}]},{"tag":"TypeApp","contents":[{"tag":"TypeApp","contents":[{"tag":"TypeConstructor","contents":[["Control","Monad","Eff"],"Eff"]},{"tag":"RCons","contents":["avar",{"tag":"TypeConstructor","contents":[["Control","Monad","Eff","AVar"],"AVAR"]},{"tag":"TypeVar","contents":"eff"}]}]},{"tag":"TypeConstructor","contents":[["Data","Unit"],"Unit"]}]}]}]},33]},34]}}},{"EDValue":{"edValueName":{"Ident":"status"},"edValueType":{"tag":"ForAll","contents":["a",{"tag":"ForAll","contents":["eff",{"tag":"TypeApp","contents":[{"tag":"TypeApp","contents":[{"tag":"TypeConstructor","contents":[["Prim"],"Function"]},{"tag":"TypeApp","contents":[{"tag":"TypeConstructor","contents":[["Control","Monad","Eff","AVar"],"AVar"]},{"tag":"TypeVar","contents":"a"}]}]},{"tag":"TypeApp","contents":[{"tag":"TypeApp","contents":[{"tag":"TypeConstructor","contents":[["Control","Monad","Eff"],"Eff"]},{"tag":"RCons","contents":["avar",{"tag":"TypeConstructor","contents":[["Control","Monad","Eff","AVar"],"AVAR"]},{"tag":"TypeVar","contents":"eff"}]}]},{"tag":"TypeApp","contents":[{"tag":"TypeConstructor","contents":[["Control","Monad","Eff","AVar"],"AVarStatus"]},{"tag":"TypeVar","contents":"a"}]}]}]},91]},92]}}},{"EDValue":{"edValueName":{"Ident":"isEmptyVar"},"edValueType":{"tag":"ForAll","contents":["a",{"tag":"ForAll","contents":["eff",{"tag":"TypeApp","contents":[{"tag":"TypeApp","contents":[{"tag":"TypeConstructor","contents":[["Prim"],"Function"]},{"tag":"TypeApp","contents":[{"tag":"TypeConstructor","contents":[["Control","Monad","Eff","AVar"],"AVar"]},{"tag":"TypeVar","contents":"a"}]}]},{"tag":"TypeApp","contents":[{"tag":"TypeApp","contents":[{"tag":"TypeConstructor","contents":[["Control","Monad","Eff"],"Eff"]},{"tag":"RCons","contents":["avar",{"tag":"TypeConstructor","contents":[["Control","Monad","Eff","AVar"],"AVAR"]},{"tag":"TypeVar","contents":"eff"}]}]},{"tag":"TypeConstructor","contents":[["Prim"],"Boolean"]}]}]},109]},110]}}},{"EDValue":{"edValueName":{"Ident":"isFilledVar"},"edValueType":{"tag":"ForAll","contents":["a",{"tag":"ForAll","contents":["eff",{"tag":"TypeApp","contents":[{"tag":"TypeApp","contents":[{"tag":"TypeConstructor","contents":[["Prim"],"Function"]},{"tag":"TypeApp","contents":[{"tag":"TypeConstructor","contents":[["Control","Monad","Eff","AVar"],"AVar"]},{"tag":"TypeVar","contents":"a"}]}]},{"tag":"TypeApp","contents":[{"tag":"TypeApp","contents":[{"tag":"TypeConstructor","contents":[["Control","Monad","Eff"],"Eff"]},{"tag":"RCons","contents":["avar",{"tag":"TypeConstructor","contents":[["Control","Monad","Eff","AVar"],"AVAR"]},{"tag":"TypeVar","contents":"eff"}]}]},{"tag":"TypeConstructor","contents":[["Prim"],"Boolean"]}]}]},113]},114]}}},{"EDValue":{"edValueName":{"Ident":"isKilledVar"},"edValueType":{"tag":"ForAll","contents":["a",{"tag":"ForAll","contents":["eff",{"tag":"TypeApp","contents":[{"tag":"TypeApp","contents":[{"tag":"TypeConstructor","contents":[["Prim"],"Function"]},{"tag":"TypeApp","contents":[{"tag":"TypeConstructor","contents":[["Control","Monad","Eff","AVar"],"AVar"]},{"tag":"TypeVar","contents":"a"}]}]},{"tag":"TypeApp","contents":[{"tag":"TypeApp","contents":[{"tag":"TypeConstructor","contents":[["Control","Monad","Eff"],"Eff"]},{"tag":"RCons","contents":["avar",{"tag":"TypeConstructor","contents":[["Control","Monad","Eff","AVar"],"AVAR"]},{"tag":"TypeVar","contents":"eff"}]}]},{"tag":"TypeConstructor","contents":[["Prim"],"Boolean"]}]}]},117]},118]}}},{"EDValue":{"edValueName":{"Ident":"isEmpty"},"edValueType":{"tag":"ForAll","contents":["a",{"tag":"TypeApp","contents":[{"tag":"TypeApp","contents":[{"tag":"TypeConstructor","contents":[["Prim"],"Function"]},{"tag":"TypeApp","contents":[{"tag":"TypeConstructor","contents":[["Control","Monad","Eff","AVar"],"AVarStatus"]},{"tag":"TypeVar","contents":"a"}]}]},{"tag":"TypeConstructor","contents":[["Prim"],"Boolean"]}]},4]}}},{"EDValue":{"edValueName":{"Ident":"isFilled"},"edValueType":{"tag":"ForAll","contents":["a",{"tag":"TypeApp","contents":[{"tag":"TypeApp","contents":[{"tag":"TypeConstructor","contents":[["Prim"],"Function"]},{"tag":"TypeApp","contents":[{"tag":"TypeConstructor","contents":[["Control","Monad","Eff","AVar"],"AVarStatus"]},{"tag":"TypeVar","contents":"a"}]}]},{"tag":"TypeConstructor","contents":[["Prim"],"Boolean"]}]},2]}}},{"EDValue":{"edValueName":{"Ident":"isKilled"},"edValueType":{"tag":"ForAll","contents":["a",{"tag":"TypeApp","contents":[{"tag":"TypeApp","contents":[{"tag":"TypeConstructor","contents":[["Prim"],"Function"]},{"tag":"TypeApp","contents":[{"tag":"TypeConstructor","contents":[["Control","Monad","Eff","AVar"],"AVarStatus"]},{"tag":"TypeVar","contents":"a"}]}]},{"tag":"TypeConstructor","contents":[["Prim"],"Boolean"]}]},0]}}}],"efSourceSpan":{"start":[1,1],"name":"/home/stpl/Desktop/purs/MainRebuilt/bower_components/purescript-avar/src/Control/Monad/Eff/AVar.purs","end":[150,3]}}