{"efVersion":"0.11.7","efModuleName":["Draw","Cube"],"efExports":[{"ValueRef":[{"start":[1,1],"name":"/home/stpl/Desktop/purs/MainRebuilt/src/Draw/Cube.purs","end":[75,8]},{"Ident":"draw"}]},{"ValueRef":[{"start":[1,1],"name":"/home/stpl/Desktop/purs/MainRebuilt/src/Draw/Cube.purs","end":[75,8]},{"Ident":"cha_draw"}]}],"efImports":[{"eiModule":["Prim"],"eiImportType":{"Implicit":[]},"eiImportedAs":["Prim"]},{"eiModule":["Prim"],"eiImportType":{"Implicit":[]},"eiImportedAs":null},{"eiModule":["Draw","MouseIntegration"],"eiImportType":{"Implicit":[]},"eiImportedAs":null},{"eiModule":["DrawExtras"],"eiImportType":{"Implicit":[]},"eiImportedAs":null},{"eiModule":["Graphics","Canvas"],"eiImportType":{"Implicit":[]},"eiImportedAs":null},{"eiModule":["Math"],"eiImportType":{"Implicit":[]},"eiImportedAs":null},{"eiModule":["Prelude"],"eiImportType":{"Implicit":[]},"eiImportedAs":null},{"eiModule":["Control","Monad","Eff"],"eiImportType":{"Explicit":[{"TypeRef":[{"start":[9,27],"name":"/home/stpl/Desktop/purs/MainRebuilt/src/Draw/Cube.purs","end":[9,30]},"Eff",[]]}]},"eiImportedAs":null},{"eiModule":["Data","Foldable"],"eiImportType":{"Explicit":[{"ValueRef":[{"start":[10,23],"name":"/home/stpl/Desktop/purs/MainRebuilt/src/Draw/Cube.purs","end":[10,30]},{"Ident":"product"}]}]},"eiImportedAs":null},{"eiModule":["Data","Maybe"],"eiImportType":{"Explicit":[{"TypeRef":[{"start":[11,20],"name":"/home/stpl/Desktop/purs/MainRebuilt/src/Draw/Cube.purs","end":[11,31]},"Maybe",["Just"]]}]},"eiImportedAs":null},{"eiModule":["FFI","Util"],"eiImportType":{"Explicit":[{"ValueRef":[{"start":[12,18],"name":"/home/stpl/Desktop/purs/MainRebuilt/src/Draw/Cube.purs","end":[12,26]},{"Ident":"property"}]},{"ValueRef":[{"start":[12,28],"name":"/home/stpl/Desktop/purs/MainRebuilt/src/Draw/Cube.purs","end":[12,39]},{"Ident":"setProperty"}]}]},"eiImportedAs":null},{"eiModule":["Partial","Unsafe"],"eiImportType":{"Explicit":[{"ValueRef":[{"start":[13,24],"name":"/home/stpl/Desktop/purs/MainRebuilt/src/Draw/Cube.purs","end":[13,37]},{"Ident":"unsafePartial"}]}]},"eiImportedAs":null}],"efFixities":[],"efTypeFixities":[],"efDeclarations":[{"EDValue":{"edValueName":{"Ident":"draw"},"edValueType":{"tag":"ForAll","contents":["a",{"tag":"TypeApp","contents":[{"tag":"TypeApp","contents":[{"tag":"TypeConstructor","contents":[["Prim"],"Function"]},{"tag":"TypeConstructor","contents":[["Graphics","Canvas"],"Context2D"]}]},{"tag":"TypeApp","contents":[{"tag":"TypeApp","contents":[{"tag":"TypeConstructor","contents":[["Prim"],"Function"]},{"tag":"TypeConstructor","contents":[["DrawExtras"],"Vertex"]}]},{"tag":"TypeApp","contents":[{"tag":"TypeApp","contents":[{"tag":"TypeConstructor","contents":[["Control","Monad","Eff"],"Eff"]},{"tag":"RCons","contents":["canvas",{"tag":"TypeConstructor","contents":[["Graphics","Canvas"],"CANVAS"]},{"tag":"TypeVar","contents":"a"}]}]},{"tag":"TypeConstructor","contents":[["Data","Unit"],"Unit"]}]}]}]},0]}}},{"EDValue":{"edValueName":{"Ident":"cha_draw"},"edValueType":{"tag":"ForAll","contents":["a",{"tag":"TypeApp","contents":[{"tag":"TypeApp","contents":[{"tag":"TypeConstructor","contents":[["Prim"],"Function"]},{"tag":"TypeConstructor","contents":[["Graphics","Canvas"],"Context2D"]}]},{"tag":"TypeApp","contents":[{"tag":"TypeApp","contents":[{"tag":"TypeConstructor","contents":[["Control","Monad","Eff"],"Eff"]},{"tag":"RCons","contents":["canvas",{"tag":"TypeConstructor","contents":[["Graphics","Canvas"],"CANVAS"]},{"tag":"TypeVar","contents":"a"}]}]},{"tag":"TypeConstructor","contents":[["Data","Unit"],"Unit"]}]}]},3]}}}],"efSourceSpan":{"start":[1,1],"name":"/home/stpl/Desktop/purs/MainRebuilt/src/Draw/Cube.purs","end":[75,8]}}