{"efVersion":"0.11.7","efModuleName":["Control","Plus"],"efExports":[{"ReExportRef":[{"start":[1,1],"name":"/home/stpl/Desktop/purs/Main-Project/bower_components/purescript-control/src/Control/Plus.purs","end":[27,12]},["Control","Alt"],{"TypeClassRef":[{"start":[1,1],"name":"/home/stpl/Desktop/purs/Main-Project/bower_components/purescript-control/src/Control/Plus.purs","end":[27,12]},"Alt"]}]},{"ReExportRef":[{"start":[1,1],"name":"/home/stpl/Desktop/purs/Main-Project/bower_components/purescript-control/src/Control/Plus.purs","end":[27,12]},["Data","Functor"],{"TypeClassRef":[{"start":[1,1],"name":"/home/stpl/Desktop/purs/Main-Project/bower_components/purescript-control/src/Control/Plus.purs","end":[27,12]},"Functor"]}]},{"ReExportRef":[{"start":[1,1],"name":"/home/stpl/Desktop/purs/Main-Project/bower_components/purescript-control/src/Control/Plus.purs","end":[27,12]},["Control","Alt"],{"ValueRef":[{"start":[1,1],"name":"/home/stpl/Desktop/purs/Main-Project/bower_components/purescript-control/src/Control/Plus.purs","end":[27,12]},{"Ident":"alt"}]}]},{"ReExportRef":[{"start":[1,1],"name":"/home/stpl/Desktop/purs/Main-Project/bower_components/purescript-control/src/Control/Plus.purs","end":[27,12]},["Data","Functor"],{"ValueRef":[{"start":[1,1],"name":"/home/stpl/Desktop/purs/Main-Project/bower_components/purescript-control/src/Control/Plus.purs","end":[27,12]},{"Ident":"map"}]}]},{"ReExportRef":[{"start":[1,1],"name":"/home/stpl/Desktop/purs/Main-Project/bower_components/purescript-control/src/Control/Plus.purs","end":[27,12]},["Data","Functor"],{"ValueRef":[{"start":[1,1],"name":"/home/stpl/Desktop/purs/Main-Project/bower_components/purescript-control/src/Control/Plus.purs","end":[27,12]},{"Ident":"void"}]}]},{"ReExportRef":[{"start":[1,1],"name":"/home/stpl/Desktop/purs/Main-Project/bower_components/purescript-control/src/Control/Plus.purs","end":[27,12]},["Data","Functor"],{"ValueOpRef":[{"start":[1,1],"name":"/home/stpl/Desktop/purs/Main-Project/bower_components/purescript-control/src/Control/Plus.purs","end":[27,12]},"$>"]}]},{"ReExportRef":[{"start":[1,1],"name":"/home/stpl/Desktop/purs/Main-Project/bower_components/purescript-control/src/Control/Plus.purs","end":[27,12]},["Data","Functor"],{"ValueOpRef":[{"start":[1,1],"name":"/home/stpl/Desktop/purs/Main-Project/bower_components/purescript-control/src/Control/Plus.purs","end":[27,12]},"<#>"]}]},{"ReExportRef":[{"start":[1,1],"name":"/home/stpl/Desktop/purs/Main-Project/bower_components/purescript-control/src/Control/Plus.purs","end":[27,12]},["Data","Functor"],{"ValueOpRef":[{"start":[1,1],"name":"/home/stpl/Desktop/purs/Main-Project/bower_components/purescript-control/src/Control/Plus.purs","end":[27,12]},"<$"]}]},{"ReExportRef":[{"start":[1,1],"name":"/home/stpl/Desktop/purs/Main-Project/bower_components/purescript-control/src/Control/Plus.purs","end":[27,12]},["Data","Functor"],{"ValueOpRef":[{"start":[1,1],"name":"/home/stpl/Desktop/purs/Main-Project/bower_components/purescript-control/src/Control/Plus.purs","end":[27,12]},"<$>"]}]},{"ReExportRef":[{"start":[1,1],"name":"/home/stpl/Desktop/purs/Main-Project/bower_components/purescript-control/src/Control/Plus.purs","end":[27,12]},["Control","Alt"],{"ValueOpRef":[{"start":[1,1],"name":"/home/stpl/Desktop/purs/Main-Project/bower_components/purescript-control/src/Control/Plus.purs","end":[27,12]},"<|>"]}]},{"TypeClassRef":[{"start":[1,1],"name":"/home/stpl/Desktop/purs/Main-Project/bower_components/purescript-control/src/Control/Plus.purs","end":[27,12]},"Plus"]},{"ValueRef":[{"start":[1,1],"name":"/home/stpl/Desktop/purs/Main-Project/bower_components/purescript-control/src/Control/Plus.purs","end":[27,12]},{"Ident":"empty"}]},{"ModuleRef":[{"start":[3,5],"name":"/home/stpl/Desktop/purs/Main-Project/bower_components/purescript-control/src/Control/Plus.purs","end":[3,23]},["Control","Alt"]]},{"ModuleRef":[{"start":[4,5],"name":"/home/stpl/Desktop/purs/Main-Project/bower_components/purescript-control/src/Control/Plus.purs","end":[4,24]},["Data","Functor"]]},{"TypeInstanceRef":[{"start":[0,0],"name":"<generated>","end":[0,0]},{"Ident":"plusArray"}]}],"efImports":[{"eiModule":["Prim"],"eiImportType":{"Implicit":[]},"eiImportedAs":["Prim"]},{"eiModule":["Prim"],"eiImportType":{"Implicit":[]},"eiImportedAs":null},{"eiModule":["Control","Alt"],"eiImportType":{"Explicit":[{"TypeClassRef":[{"start":[7,21],"name":"/home/stpl/Desktop/purs/Main-Project/bower_components/purescript-control/src/Control/Plus.purs","end":[7,30]},"Alt"]},{"ValueRef":[{"start":[7,32],"name":"/home/stpl/Desktop/purs/Main-Project/bower_components/purescript-control/src/Control/Plus.purs","end":[7,35]},{"Ident":"alt"}]},{"ValueOpRef":[{"start":[7,37],"name":"/home/stpl/Desktop/purs/Main-Project/bower_components/purescript-control/src/Control/Plus.purs","end":[7,42]},"<|>"]}]},"eiImportedAs":null},{"eiModule":["Data","Functor"],"eiImportType":{"Explicit":[{"TypeClassRef":[{"start":[9,22],"name":"/home/stpl/Desktop/purs/Main-Project/bower_components/purescript-control/src/Control/Plus.purs","end":[9,35]},"Functor"]},{"ValueRef":[{"start":[9,37],"name":"/home/stpl/Desktop/purs/Main-Project/bower_components/purescript-control/src/Control/Plus.purs","end":[9,40]},{"Ident":"map"}]},{"ValueRef":[{"start":[9,42],"name":"/home/stpl/Desktop/purs/Main-Project/bower_components/purescript-control/src/Control/Plus.purs","end":[9,46]},{"Ident":"void"}]},{"ValueOpRef":[{"start":[9,48],"name":"/home/stpl/Desktop/purs/Main-Project/bower_components/purescript-control/src/Control/Plus.purs","end":[9,52]},"$>"]},{"ValueOpRef":[{"start":[9,54],"name":"/home/stpl/Desktop/purs/Main-Project/bower_components/purescript-control/src/Control/Plus.purs","end":[9,59]},"<#>"]},{"ValueOpRef":[{"start":[9,61],"name":"/home/stpl/Desktop/purs/Main-Project/bower_components/purescript-control/src/Control/Plus.purs","end":[9,65]},"<$"]},{"ValueOpRef":[{"start":[9,67],"name":"/home/stpl/Desktop/purs/Main-Project/bower_components/purescript-control/src/Control/Plus.purs","end":[9,72]},"<$>"]}]},"eiImportedAs":null}],"efFixities":[],"efTypeFixities":[],"efDeclarations":[{"EDType":{"edTypeName":"Plus","edTypeKind":{"tag":"FunKind","contents":[{"tag":"FunKind","contents":[{"tag":"NamedKind","contents":[["Prim"],"Type"]},{"tag":"NamedKind","contents":[["Prim"],"Type"]}]},{"tag":"NamedKind","contents":[["Prim"],"Type"]}]},"edTypeDeclarationKind":"TypeSynonym"}},{"EDTypeSynonym":{"edTypeSynonymName":"Plus","edTypeSynonymArguments":[["f",null]],"edTypeSynonymType":{"tag":"TypeApp","contents":[{"tag":"TypeConstructor","contents":[["Prim"],"Record"]},{"tag":"RCons","contents":["empty",{"tag":"ForAll","contents":["a",{"tag":"TypeApp","contents":[{"tag":"TypeVar","contents":"f"},{"tag":"TypeVar","contents":"a"}]},null]},{"tag":"RCons","contents":["Alt0",{"tag":"TypeApp","contents":[{"tag":"TypeApp","contents":[{"tag":"TypeConstructor","contents":[["Prim"],"Function"]},{"tag":"TypeApp","contents":[{"tag":"TypeConstructor","contents":[["Prim"],"Record"]},{"tag":"REmpty"}]}]},{"tag":"TypeApp","contents":[{"tag":"TypeConstructor","contents":[["Control","Alt"],"Alt"]},{"tag":"TypeVar","contents":"f"}]}]},{"tag":"REmpty"}]}]}]}}},{"EDClass":{"edClassName":"Plus","edClassTypeArguments":[["f",null]],"edClassMembers":[[{"Ident":"empty"},{"tag":"ForAll","contents":["a",{"tag":"TypeApp","contents":[{"tag":"TypeVar","contents":"f"},{"tag":"TypeVar","contents":"a"}]},null]}]],"edClassConstraints":[{"constraintClass":[["Control","Alt"],"Alt"],"constraintArgs":[{"tag":"TypeVar","contents":"f"}],"constraintData":null}],"edFunctionalDependencies":[]}},{"EDValue":{"edValueName":{"Ident":"empty"},"edValueType":{"tag":"ForAll","contents":["f",{"tag":"ForAll","contents":["a",{"tag":"ConstrainedType","contents":[{"constraintClass":[["Control","Plus"],"Plus"],"constraintArgs":[{"tag":"TypeVar","contents":"f"}],"constraintData":null},{"tag":"TypeApp","contents":[{"tag":"TypeVar","contents":"f"},{"tag":"TypeVar","contents":"a"}]}]},5]},6]}}},{"EDInstance":{"edInstanceClassName":[["Control","Plus"],"Plus"],"edInstanceName":{"Ident":"plusArray"},"edInstanceTypes":[{"tag":"TypeConstructor","contents":[["Prim"],"Array"]}],"edInstanceConstraints":[]}}],"efSourceSpan":{"start":[1,1],"name":"/home/stpl/Desktop/purs/Main-Project/bower_components/purescript-control/src/Control/Plus.purs","end":[27,12]}}