{"efVersion":"0.11.7","efModuleName":["Draw","MouseIntegration"],"efExports":[{"TypeRef":[{"start":[1,1],"name":"/home/stpl/Desktop/purs/MainRebuilt/src/Draw/MouseIntegration.purs","end":[61,10]},"Event",[]]},{"TypeRef":[{"start":[1,1],"name":"/home/stpl/Desktop/purs/MainRebuilt/src/Draw/MouseIntegration.purs","end":[61,10]},"Vector",["Vector"]]},{"ValueRef":[{"start":[1,1],"name":"/home/stpl/Desktop/purs/MainRebuilt/src/Draw/MouseIntegration.purs","end":[61,10]},{"Ident":"isDragged"}]},{"ValueRef":[{"start":[1,1],"name":"/home/stpl/Desktop/purs/MainRebuilt/src/Draw/MouseIntegration.purs","end":[61,10]},{"Ident":"previous"}]},{"ValueRef":[{"start":[1,1],"name":"/home/stpl/Desktop/purs/MainRebuilt/src/Draw/MouseIntegration.purs","end":[61,10]},{"Ident":"deltaMove"}]},{"ValueRef":[{"start":[1,1],"name":"/home/stpl/Desktop/purs/MainRebuilt/src/Draw/MouseIntegration.purs","end":[61,10]},{"Ident":"isDragging"}]},{"ValueRef":[{"start":[1,1],"name":"/home/stpl/Desktop/purs/MainRebuilt/src/Draw/MouseIntegration.purs","end":[61,10]},{"Ident":"acceleration"}]},{"ValueRef":[{"start":[1,1],"name":"/home/stpl/Desktop/purs/MainRebuilt/src/Draw/MouseIntegration.purs","end":[61,10]},{"Ident":"rotation"}]},{"ValueRef":[{"start":[1,1],"name":"/home/stpl/Desktop/purs/MainRebuilt/src/Draw/MouseIntegration.purs","end":[61,10]},{"Ident":"onMouseDown"}]},{"ValueRef":[{"start":[1,1],"name":"/home/stpl/Desktop/purs/MainRebuilt/src/Draw/MouseIntegration.purs","end":[61,10]},{"Ident":"onMouseUp"}]},{"ValueRef":[{"start":[1,1],"name":"/home/stpl/Desktop/purs/MainRebuilt/src/Draw/MouseIntegration.purs","end":[61,10]},{"Ident":"onMouseMove"}]}],"efImports":[{"eiModule":["Prim"],"eiImportType":{"Implicit":[]},"eiImportedAs":["Prim"]},{"eiModule":["Prim"],"eiImportType":{"Implicit":[]},"eiImportedAs":null},{"eiModule":["DrawExtras"],"eiImportType":{"Implicit":[]},"eiImportedAs":null},{"eiModule":["Graphics","Canvas"],"eiImportType":{"Implicit":[]},"eiImportedAs":null},{"eiModule":["Math"],"eiImportType":{"Explicit":[{"ValueRef":[{"start":[6,14],"name":"/home/stpl/Desktop/purs/MainRebuilt/src/Draw/MouseIntegration.purs","end":[6,17]},{"Ident":"max"}]}]},"eiImportedAs":null},{"eiModule":["Prelude"],"eiImportType":{"Implicit":[]},"eiImportedAs":null},{"eiModule":["Control","Monad","Eff"],"eiImportType":{"Explicit":[{"TypeRef":[{"start":[9,27],"name":"/home/stpl/Desktop/purs/MainRebuilt/src/Draw/MouseIntegration.purs","end":[9,30]},"Eff",[]]}]},"eiImportedAs":null},{"eiModule":["Data","ArrayBuffer","Types"],"eiImportType":{"Explicit":[{"TypeRef":[{"start":[10,32],"name":"/home/stpl/Desktop/purs/MainRebuilt/src/Draw/MouseIntegration.purs","end":[10,43]},"ArrayBuffer",[]]}]},"eiImportedAs":null},{"eiModule":["Data","Maybe"],"eiImportType":{"Explicit":[{"TypeRef":[{"start":[11,20],"name":"/home/stpl/Desktop/purs/MainRebuilt/src/Draw/MouseIntegration.purs","end":[11,31]},"Maybe",["Just"]]}]},"eiImportedAs":null},{"eiModule":["Partial","Unsafe"],"eiImportType":{"Explicit":[{"ValueRef":[{"start":[12,24],"name":"/home/stpl/Desktop/purs/MainRebuilt/src/Draw/MouseIntegration.purs","end":[12,37]},{"Ident":"unsafePartial"}]}]},"eiImportedAs":null},{"eiModule":["FFI","Util"],"eiImportType":{"Implicit":[]},"eiImportedAs":null}],"efFixities":[],"efTypeFixities":[],"efDeclarations":[{"EDType":{"edTypeName":"Event","edTypeKind":{"tag":"NamedKind","contents":[["Prim"],"Type"]},"edTypeDeclarationKind":"ExternData"}},{"EDType":{"edTypeName":"Vector","edTypeKind":{"tag":"NamedKind","contents":[["Prim"],"Type"]},"edTypeDeclarationKind":{"DataType":{"args":[],"ctors":[["Vector",[{"tag":"TypeApp","contents":[{"tag":"TypeConstructor","contents":[["Prim"],"Record"]},{"tag":"RCons","contents":["x",{"tag":"TypeConstructor","contents":[["Prim"],"Number"]},{"tag":"RCons","contents":["y",{"tag":"TypeConstructor","contents":[["Prim"],"Number"]},{"tag":"REmpty"}]}]}]}]]]}}}},{"EDDataConstructor":{"edDataCtorName":"Vector","edDataCtorOrigin":"newtype","edDataCtorTypeCtor":"Vector","edDataCtorType":{"tag":"TypeApp","contents":[{"tag":"TypeApp","contents":[{"tag":"TypeConstructor","contents":[["Prim"],"Function"]},{"tag":"TypeApp","contents":[{"tag":"TypeConstructor","contents":[["Prim"],"Record"]},{"tag":"RCons","contents":["x",{"tag":"TypeConstructor","contents":[["Prim"],"Number"]},{"tag":"RCons","contents":["y",{"tag":"TypeConstructor","contents":[["Prim"],"Number"]},{"tag":"REmpty"}]}]}]}]},{"tag":"TypeConstructor","contents":[["Draw","MouseIntegration"],"Vector"]}]},"edDataCtorFields":[{"Ident":"value0"}]}},{"EDValue":{"edValueName":{"Ident":"isDragged"},"edValueType":{"tag":"TypeApp","contents":[{"tag":"TypeConstructor","contents":[["Prim"],"Array"]},{"tag":"TypeConstructor","contents":[["Prim"],"Boolean"]}]}}},{"EDValue":{"edValueName":{"Ident":"previous"},"edValueType":{"tag":"TypeConstructor","contents":[["Draw","MouseIntegration"],"Vector"]}}},{"EDValue":{"edValueName":{"Ident":"deltaMove"},"edValueType":{"tag":"TypeConstructor","contents":[["DrawExtras"],"Vertex"]}}},{"EDValue":{"edValueName":{"Ident":"isDragging"},"edValueType":{"tag":"TypeApp","contents":[{"tag":"TypeConstructor","contents":[["Prim"],"Array"]},{"tag":"TypeConstructor","contents":[["Prim"],"Boolean"]}]}}},{"EDValue":{"edValueName":{"Ident":"acceleration"},"edValueType":{"tag":"TypeApp","contents":[{"tag":"TypeConstructor","contents":[["Prim"],"Array"]},{"tag":"TypeConstructor","contents":[["Prim"],"Number"]}]}}},{"EDValue":{"edValueName":{"Ident":"rotation"},"edValueType":{"tag":"TypeConstructor","contents":[["Draw","MouseIntegration"],"Vector"]}}},{"EDValue":{"edValueName":{"Ident":"onMouseDown"},"edValueType":{"tag":"ForAll","contents":["e",{"tag":"TypeApp","contents":[{"tag":"TypeApp","contents":[{"tag":"TypeConstructor","contents":[["Prim"],"Function"]},{"tag":"TypeConstructor","contents":[["Draw","MouseIntegration"],"Event"]}]},{"tag":"TypeApp","contents":[{"tag":"TypeApp","contents":[{"tag":"TypeConstructor","contents":[["Control","Monad","Eff"],"Eff"]},{"tag":"RCons","contents":["canvas",{"tag":"TypeConstructor","contents":[["Graphics","Canvas"],"CANVAS"]},{"tag":"TypeVar","contents":"e"}]}]},{"tag":"TypeConstructor","contents":[["Data","Unit"],"Unit"]}]}]},0]}}},{"EDValue":{"edValueName":{"Ident":"onMouseUp"},"edValueType":{"tag":"ForAll","contents":["e",{"tag":"TypeApp","contents":[{"tag":"TypeApp","contents":[{"tag":"TypeConstructor","contents":[["Prim"],"Function"]},{"tag":"TypeConstructor","contents":[["Draw","MouseIntegration"],"Event"]}]},{"tag":"TypeApp","contents":[{"tag":"TypeApp","contents":[{"tag":"TypeConstructor","contents":[["Control","Monad","Eff"],"Eff"]},{"tag":"RCons","contents":["canvas",{"tag":"TypeConstructor","contents":[["Graphics","Canvas"],"CANVAS"]},{"tag":"TypeVar","contents":"e"}]}]},{"tag":"TypeConstructor","contents":[["Data","Unit"],"Unit"]}]}]},4]}}},{"EDValue":{"edValueName":{"Ident":"onMouseMove"},"edValueType":{"tag":"ForAll","contents":["e",{"tag":"TypeApp","contents":[{"tag":"TypeApp","contents":[{"tag":"TypeConstructor","contents":[["Prim"],"Function"]},{"tag":"TypeConstructor","contents":[["Draw","MouseIntegration"],"Event"]}]},{"tag":"TypeApp","contents":[{"tag":"TypeApp","contents":[{"tag":"TypeConstructor","contents":[["Control","Monad","Eff"],"Eff"]},{"tag":"RCons","contents":["canvas",{"tag":"TypeConstructor","contents":[["Graphics","Canvas"],"CANVAS"]},{"tag":"TypeVar","contents":"e"}]}]},{"tag":"TypeConstructor","contents":[["Data","Unit"],"Unit"]}]}]},8]}}}],"efSourceSpan":{"start":[1,1],"name":"/home/stpl/Desktop/purs/MainRebuilt/src/Draw/MouseIntegration.purs","end":[61,10]}}