{"efVersion":"0.11.7","efModuleName":["Control","Parallel","Class"],"efExports":[{"TypeClassRef":[{"start":[1,1],"name":"/home/stpl/Desktop/purs/MainRebuilt/bower_components/purescript-parallel/src/Control/Parallel/Class.purs","end":[123,17]},"Parallel"]},{"ValueRef":[{"start":[1,1],"name":"/home/stpl/Desktop/purs/MainRebuilt/bower_components/purescript-parallel/src/Control/Parallel/Class.purs","end":[123,17]},{"Ident":"parallel"}]},{"ValueRef":[{"start":[1,1],"name":"/home/stpl/Desktop/purs/MainRebuilt/bower_components/purescript-parallel/src/Control/Parallel/Class.purs","end":[123,17]},{"Ident":"sequential"}]},{"TypeRef":[{"start":[1,1],"name":"/home/stpl/Desktop/purs/MainRebuilt/bower_components/purescript-parallel/src/Control/Parallel/Class.purs","end":[123,17]},"ParCont",["ParCont"]]},{"TypeInstanceRef":[{"start":[0,0],"name":"<generated>","end":[0,0]},{"Ident":"monadParExceptT"}]},{"TypeInstanceRef":[{"start":[0,0],"name":"<generated>","end":[0,0]},{"Ident":"monadParReaderT"}]},{"TypeInstanceRef":[{"start":[0,0],"name":"<generated>","end":[0,0]},{"Ident":"monadParWriterT"}]},{"TypeInstanceRef":[{"start":[0,0],"name":"<generated>","end":[0,0]},{"Ident":"monadParMaybeT"}]},{"TypeInstanceRef":[{"start":[0,0],"name":"<generated>","end":[0,0]},{"Ident":"newtypeParCont"}]},{"TypeInstanceRef":[{"start":[0,0],"name":"<generated>","end":[0,0]},{"Ident":"functorParCont"}]},{"TypeInstanceRef":[{"start":[0,0],"name":"<generated>","end":[0,0]},{"Ident":"applyParCont"}]},{"TypeInstanceRef":[{"start":[0,0],"name":"<generated>","end":[0,0]},{"Ident":"applicativeParCont"}]},{"TypeInstanceRef":[{"start":[0,0],"name":"<generated>","end":[0,0]},{"Ident":"altParCont"}]},{"TypeInstanceRef":[{"start":[0,0],"name":"<generated>","end":[0,0]},{"Ident":"plusParCont"}]},{"TypeInstanceRef":[{"start":[0,0],"name":"<generated>","end":[0,0]},{"Ident":"alternativeParCont"}]},{"TypeInstanceRef":[{"start":[0,0],"name":"<generated>","end":[0,0]},{"Ident":"monadParParCont"}]}],"efImports":[{"eiModule":["Prim"],"eiImportType":{"Implicit":[]},"eiImportedAs":["Prim"]},{"eiModule":["Prim"],"eiImportType":{"Implicit":[]},"eiImportedAs":null},{"eiModule":["Prelude"],"eiImportType":{"Implicit":[]},"eiImportedAs":null},{"eiModule":["Control","Alt"],"eiImportType":{"Explicit":[{"TypeClassRef":[{"start":[10,21],"name":"/home/stpl/Desktop/purs/MainRebuilt/bower_components/purescript-parallel/src/Control/Parallel/Class.purs","end":[10,30]},"Alt"]}]},"eiImportedAs":null},{"eiModule":["Control","Alternative"],"eiImportType":{"Explicit":[{"TypeClassRef":[{"start":[11,29],"name":"/home/stpl/Desktop/purs/MainRebuilt/bower_components/purescript-parallel/src/Control/Parallel/Class.purs","end":[11,46]},"Alternative"]}]},"eiImportedAs":null},{"eiModule":["Control","Monad","Cont","Trans"],"eiImportType":{"Explicit":[{"TypeRef":[{"start":[12,34],"name":"/home/stpl/Desktop/purs/MainRebuilt/bower_components/purescript-parallel/src/Control/Parallel/Class.purs","end":[12,43]},"ContT",null]},{"ValueRef":[{"start":[12,45],"name":"/home/stpl/Desktop/purs/MainRebuilt/bower_components/purescript-parallel/src/Control/Parallel/Class.purs","end":[12,53]},{"Ident":"runContT"}]}]},"eiImportedAs":null},{"eiModule":["Control","Monad","Eff"],"eiImportType":{"Explicit":[{"TypeRef":[{"start":[13,27],"name":"/home/stpl/Desktop/purs/MainRebuilt/bower_components/purescript-parallel/src/Control/Parallel/Class.purs","end":[13,30]},"Eff",[]]}]},"eiImportedAs":null},{"eiModule":["Control","Monad","Eff","Class"],"eiImportType":{"Explicit":[{"TypeClassRef":[{"start":[14,33],"name":"/home/stpl/Desktop/purs/MainRebuilt/bower_components/purescript-parallel/src/Control/Parallel/Class.purs","end":[14,47]},"MonadEff"]},{"ValueRef":[{"start":[14,49],"name":"/home/stpl/Desktop/purs/MainRebuilt/bower_components/purescript-parallel/src/Control/Parallel/Class.purs","end":[14,56]},{"Ident":"liftEff"}]}]},"eiImportedAs":null},{"eiModule":["Control","Monad","Eff","Ref"],"eiImportType":{"Explicit":[{"TypeRef":[{"start":[15,31],"name":"/home/stpl/Desktop/purs/MainRebuilt/bower_components/purescript-parallel/src/Control/Parallel/Class.purs","end":[15,34]},"REF",[]]},{"ValueRef":[{"start":[15,36],"name":"/home/stpl/Desktop/purs/MainRebuilt/bower_components/purescript-parallel/src/Control/Parallel/Class.purs","end":[15,44]},{"Ident":"writeRef"}]},{"ValueRef":[{"start":[15,46],"name":"/home/stpl/Desktop/purs/MainRebuilt/bower_components/purescript-parallel/src/Control/Parallel/Class.purs","end":[15,53]},{"Ident":"readRef"}]},{"ValueRef":[{"start":[15,55],"name":"/home/stpl/Desktop/purs/MainRebuilt/bower_components/purescript-parallel/src/Control/Parallel/Class.purs","end":[15,61]},{"Ident":"newRef"}]}]},"eiImportedAs":null},{"eiModule":["Control","Monad","Eff","Unsafe"],"eiImportType":{"Explicit":[{"ValueRef":[{"start":[16,34],"name":"/home/stpl/Desktop/purs/MainRebuilt/bower_components/purescript-parallel/src/Control/Parallel/Class.purs","end":[16,49]},{"Ident":"unsafeCoerceEff"}]}]},"eiImportedAs":null},{"eiModule":["Control","Monad","Except","Trans"],"eiImportType":{"Explicit":[{"TypeRef":[{"start":[17,36],"name":"/home/stpl/Desktop/purs/MainRebuilt/bower_components/purescript-parallel/src/Control/Parallel/Class.purs","end":[17,47]},"ExceptT",null]}]},"eiImportedAs":null},{"eiModule":["Control","Monad","Maybe","Trans"],"eiImportType":{"Explicit":[{"TypeRef":[{"start":[18,35],"name":"/home/stpl/Desktop/purs/MainRebuilt/bower_components/purescript-parallel/src/Control/Parallel/Class.purs","end":[18,45]},"MaybeT",null]}]},"eiImportedAs":null},{"eiModule":["Control","Monad","Reader","Trans"],"eiImportType":{"Explicit":[{"ValueRef":[{"start":[19,36],"name":"/home/stpl/Desktop/purs/MainRebuilt/bower_components/purescript-parallel/src/Control/Parallel/Class.purs","end":[19,46]},{"Ident":"mapReaderT"}]},{"TypeRef":[{"start":[19,48],"name":"/home/stpl/Desktop/purs/MainRebuilt/bower_components/purescript-parallel/src/Control/Parallel/Class.purs","end":[19,55]},"ReaderT",[]]}]},"eiImportedAs":null},{"eiModule":["Control","Monad","Writer","Trans"],"eiImportType":{"Explicit":[{"ValueRef":[{"start":[20,36],"name":"/home/stpl/Desktop/purs/MainRebuilt/bower_components/purescript-parallel/src/Control/Parallel/Class.purs","end":[20,46]},{"Ident":"mapWriterT"}]},{"TypeRef":[{"start":[20,48],"name":"/home/stpl/Desktop/purs/MainRebuilt/bower_components/purescript-parallel/src/Control/Parallel/Class.purs","end":[20,55]},"WriterT",[]]}]},"eiImportedAs":null},{"eiModule":["Control","Plus"],"eiImportType":{"Explicit":[{"TypeClassRef":[{"start":[21,22],"name":"/home/stpl/Desktop/purs/MainRebuilt/bower_components/purescript-parallel/src/Control/Parallel/Class.purs","end":[21,32]},"Plus"]}]},"eiImportedAs":null},{"eiModule":["Data","Either"],"eiImportType":{"Explicit":[{"TypeRef":[{"start":[23,21],"name":"/home/stpl/Desktop/purs/MainRebuilt/bower_components/purescript-parallel/src/Control/Parallel/Class.purs","end":[23,27]},"Either",[]]}]},"eiImportedAs":null},{"eiModule":["Data","Functor","Compose"],"eiImportType":{"Explicit":[{"TypeRef":[{"start":[24,30],"name":"/home/stpl/Desktop/purs/MainRebuilt/bower_components/purescript-parallel/src/Control/Parallel/Class.purs","end":[24,41]},"Compose",null]}]},"eiImportedAs":null},{"eiModule":["Data","Maybe"],"eiImportType":{"Explicit":[{"TypeRef":[{"start":[25,20],"name":"/home/stpl/Desktop/purs/MainRebuilt/bower_components/purescript-parallel/src/Control/Parallel/Class.purs","end":[25,29]},"Maybe",null]}]},"eiImportedAs":null},{"eiModule":["Data","Monoid"],"eiImportType":{"Explicit":[{"TypeClassRef":[{"start":[26,21],"name":"/home/stpl/Desktop/purs/MainRebuilt/bower_components/purescript-parallel/src/Control/Parallel/Class.purs","end":[26,33]},"Monoid"]}]},"eiImportedAs":null},{"eiModule":["Data","Newtype"],"eiImportType":{"Explicit":[{"TypeClassRef":[{"start":[27,22],"name":"/home/stpl/Desktop/purs/MainRebuilt/bower_components/purescript-parallel/src/Control/Parallel/Class.purs","end":[27,35]},"Newtype"]}]},"eiImportedAs":null}],"efFixities":[],"efTypeFixities":[],"efDeclarations":[{"EDType":{"edTypeName":"Parallel","edTypeKind":{"tag":"FunKind","contents":[{"tag":"FunKind","contents":[{"tag":"NamedKind","contents":[["Prim"],"Type"]},{"tag":"NamedKind","contents":[["Prim"],"Type"]}]},{"tag":"FunKind","contents":[{"tag":"FunKind","contents":[{"tag":"NamedKind","contents":[["Prim"],"Type"]},{"tag":"NamedKind","contents":[["Prim"],"Type"]}]},{"tag":"NamedKind","contents":[["Prim"],"Type"]}]}]},"edTypeDeclarationKind":"TypeSynonym"}},{"EDTypeSynonym":{"edTypeSynonymName":"Parallel","edTypeSynonymArguments":[["f",null],["m",null]],"edTypeSynonymType":{"tag":"TypeApp","contents":[{"tag":"TypeConstructor","contents":[["Prim"],"Record"]},{"tag":"RCons","contents":["parallel",{"tag":"TypeApp","contents":[{"tag":"TypeApp","contents":[{"tag":"TypeConstructor","contents":[["Data","NaturalTransformation"],"NaturalTransformation"]},{"tag":"TypeVar","contents":"m"}]},{"tag":"TypeVar","contents":"f"}]},{"tag":"RCons","contents":["sequential",{"tag":"TypeApp","contents":[{"tag":"TypeApp","contents":[{"tag":"TypeConstructor","contents":[["Data","NaturalTransformation"],"NaturalTransformation"]},{"tag":"TypeVar","contents":"f"}]},{"tag":"TypeVar","contents":"m"}]},{"tag":"RCons","contents":["Monad0",{"tag":"TypeApp","contents":[{"tag":"TypeApp","contents":[{"tag":"TypeConstructor","contents":[["Prim"],"Function"]},{"tag":"TypeApp","contents":[{"tag":"TypeConstructor","contents":[["Prim"],"Record"]},{"tag":"REmpty"}]}]},{"tag":"TypeApp","contents":[{"tag":"TypeConstructor","contents":[["Control","Monad"],"Monad"]},{"tag":"TypeVar","contents":"m"}]}]},{"tag":"RCons","contents":["Applicative1",{"tag":"TypeApp","contents":[{"tag":"TypeApp","contents":[{"tag":"TypeConstructor","contents":[["Prim"],"Function"]},{"tag":"TypeApp","contents":[{"tag":"TypeConstructor","contents":[["Prim"],"Record"]},{"tag":"REmpty"}]}]},{"tag":"TypeApp","contents":[{"tag":"TypeConstructor","contents":[["Control","Applicative"],"Applicative"]},{"tag":"TypeVar","contents":"f"}]}]},{"tag":"REmpty"}]}]}]}]}]}}},{"EDClass":{"edClassName":"Parallel","edClassTypeArguments":[["f",null],["m",null]],"edClassMembers":[[{"Ident":"parallel"},{"tag":"TypeApp","contents":[{"tag":"TypeApp","contents":[{"tag":"TypeConstructor","contents":[["Data","NaturalTransformation"],"NaturalTransformation"]},{"tag":"TypeVar","contents":"m"}]},{"tag":"TypeVar","contents":"f"}]}],[{"Ident":"sequential"},{"tag":"TypeApp","contents":[{"tag":"TypeApp","contents":[{"tag":"TypeConstructor","contents":[["Data","NaturalTransformation"],"NaturalTransformation"]},{"tag":"TypeVar","contents":"f"}]},{"tag":"TypeVar","contents":"m"}]}]],"edClassConstraints":[{"constraintClass":[["Control","Monad"],"Monad"],"constraintArgs":[{"tag":"TypeVar","contents":"m"}],"constraintData":null},{"constraintClass":[["Control","Applicative"],"Applicative"],"constraintArgs":[{"tag":"TypeVar","contents":"f"}],"constraintData":null}],"edFunctionalDependencies":[{"determiners":[1],"determined":[0]},{"determiners":[0],"determined":[1]}]}},{"EDValue":{"edValueName":{"Ident":"parallel"},"edValueType":{"tag":"ForAll","contents":["f",{"tag":"ForAll","contents":["m",{"tag":"ConstrainedType","contents":[{"constraintClass":[["Control","Parallel","Class"],"Parallel"],"constraintArgs":[{"tag":"TypeVar","contents":"f"},{"tag":"TypeVar","contents":"m"}],"constraintData":null},{"tag":"ForAll","contents":["a",{"tag":"TypeApp","contents":[{"tag":"TypeApp","contents":[{"tag":"TypeConstructor","contents":[["Prim"],"Function"]},{"tag":"TypeApp","contents":[{"tag":"TypeVar","contents":"m"},{"tag":"TypeVar","contents":"a"}]}]},{"tag":"TypeApp","contents":[{"tag":"TypeVar","contents":"f"},{"tag":"TypeVar","contents":"a"}]}]},21]}]},22]},23]}}},{"EDValue":{"edValueName":{"Ident":"sequential"},"edValueType":{"tag":"ForAll","contents":["f",{"tag":"ForAll","contents":["m",{"tag":"ConstrainedType","contents":[{"constraintClass":[["Control","Parallel","Class"],"Parallel"],"constraintArgs":[{"tag":"TypeVar","contents":"f"},{"tag":"TypeVar","contents":"m"}],"constraintData":null},{"tag":"ForAll","contents":["a",{"tag":"TypeApp","contents":[{"tag":"TypeApp","contents":[{"tag":"TypeConstructor","contents":[["Prim"],"Function"]},{"tag":"TypeApp","contents":[{"tag":"TypeVar","contents":"f"},{"tag":"TypeVar","contents":"a"}]}]},{"tag":"TypeApp","contents":[{"tag":"TypeVar","contents":"m"},{"tag":"TypeVar","contents":"a"}]}]},7]}]},8]},9]}}},{"EDType":{"edTypeName":"ParCont","edTypeKind":{"tag":"FunKind","contents":[{"tag":"FunKind","contents":[{"tag":"NamedKind","contents":[["Prim"],"Type"]},{"tag":"NamedKind","contents":[["Prim"],"Type"]}]},{"tag":"FunKind","contents":[{"tag":"NamedKind","contents":[["Prim"],"Type"]},{"tag":"NamedKind","contents":[["Prim"],"Type"]}]}]},"edTypeDeclarationKind":{"DataType":{"args":[["m",{"tag":"FunKind","contents":[{"tag":"NamedKind","contents":[["Prim"],"Type"]},{"tag":"NamedKind","contents":[["Prim"],"Type"]}]}],["a",{"tag":"NamedKind","contents":[["Prim"],"Type"]}]],"ctors":[["ParCont",[{"tag":"TypeApp","contents":[{"tag":"TypeApp","contents":[{"tag":"TypeApp","contents":[{"tag":"TypeConstructor","contents":[["Control","Monad","Cont","Trans"],"ContT"]},{"tag":"TypeConstructor","contents":[["Data","Unit"],"Unit"]}]},{"tag":"TypeVar","contents":"m"}]},{"tag":"TypeVar","contents":"a"}]}]]]}}}},{"EDDataConstructor":{"edDataCtorName":"ParCont","edDataCtorOrigin":"newtype","edDataCtorTypeCtor":"ParCont","edDataCtorType":{"tag":"ForAll","contents":["a",{"tag":"ForAll","contents":["m",{"tag":"TypeApp","contents":[{"tag":"TypeApp","contents":[{"tag":"TypeConstructor","contents":[["Prim"],"Function"]},{"tag":"TypeApp","contents":[{"tag":"TypeApp","contents":[{"tag":"TypeApp","contents":[{"tag":"TypeConstructor","contents":[["Control","Monad","Cont","Trans"],"ContT"]},{"tag":"TypeConstructor","contents":[["Data","Unit"],"Unit"]}]},{"tag":"TypeVar","contents":"m"}]},{"tag":"TypeVar","contents":"a"}]}]},{"tag":"TypeApp","contents":[{"tag":"TypeApp","contents":[{"tag":"TypeConstructor","contents":[["Control","Parallel","Class"],"ParCont"]},{"tag":"TypeVar","contents":"m"}]},{"tag":"TypeVar","contents":"a"}]}]},null]},null]},"edDataCtorFields":[{"Ident":"value0"}]}},{"EDInstance":{"edInstanceClassName":[["Control","Parallel","Class"],"Parallel"],"edInstanceName":{"Ident":"monadParExceptT"},"edInstanceTypes":[{"tag":"TypeApp","contents":[{"tag":"TypeApp","contents":[{"tag":"TypeConstructor","contents":[["Data","Functor","Compose"],"Compose"]},{"tag":"TypeVar","contents":"f"}]},{"tag":"TypeApp","contents":[{"tag":"TypeConstructor","contents":[["Data","Either"],"Either"]},{"tag":"TypeVar","contents":"e"}]}]},{"tag":"TypeApp","contents":[{"tag":"TypeApp","contents":[{"tag":"TypeConstructor","contents":[["Control","Monad","Except","Trans"],"ExceptT"]},{"tag":"TypeVar","contents":"e"}]},{"tag":"TypeVar","contents":"m"}]}],"edInstanceConstraints":[{"constraintClass":[["Control","Parallel","Class"],"Parallel"],"constraintArgs":[{"tag":"TypeVar","contents":"f"},{"tag":"TypeVar","contents":"m"}],"constraintData":null}]}},{"EDInstance":{"edInstanceClassName":[["Control","Parallel","Class"],"Parallel"],"edInstanceName":{"Ident":"monadParReaderT"},"edInstanceTypes":[{"tag":"TypeApp","contents":[{"tag":"TypeApp","contents":[{"tag":"TypeConstructor","contents":[["Control","Monad","Reader","Trans"],"ReaderT"]},{"tag":"TypeVar","contents":"e"}]},{"tag":"TypeVar","contents":"f"}]},{"tag":"TypeApp","contents":[{"tag":"TypeApp","contents":[{"tag":"TypeConstructor","contents":[["Control","Monad","Reader","Trans"],"ReaderT"]},{"tag":"TypeVar","contents":"e"}]},{"tag":"TypeVar","contents":"m"}]}],"edInstanceConstraints":[{"constraintClass":[["Control","Parallel","Class"],"Parallel"],"constraintArgs":[{"tag":"TypeVar","contents":"f"},{"tag":"TypeVar","contents":"m"}],"constraintData":null}]}},{"EDInstance":{"edInstanceClassName":[["Control","Parallel","Class"],"Parallel"],"edInstanceName":{"Ident":"monadParWriterT"},"edInstanceTypes":[{"tag":"TypeApp","contents":[{"tag":"TypeApp","contents":[{"tag":"TypeConstructor","contents":[["Control","Monad","Writer","Trans"],"WriterT"]},{"tag":"TypeVar","contents":"w"}]},{"tag":"TypeVar","contents":"f"}]},{"tag":"TypeApp","contents":[{"tag":"TypeApp","contents":[{"tag":"TypeConstructor","contents":[["Control","Monad","Writer","Trans"],"WriterT"]},{"tag":"TypeVar","contents":"w"}]},{"tag":"TypeVar","contents":"m"}]}],"edInstanceConstraints":[{"constraintClass":[["Data","Monoid"],"Monoid"],"constraintArgs":[{"tag":"TypeVar","contents":"w"}],"constraintData":null},{"constraintClass":[["Control","Parallel","Class"],"Parallel"],"constraintArgs":[{"tag":"TypeVar","contents":"f"},{"tag":"TypeVar","contents":"m"}],"constraintData":null}]}},{"EDInstance":{"edInstanceClassName":[["Control","Parallel","Class"],"Parallel"],"edInstanceName":{"Ident":"monadParMaybeT"},"edInstanceTypes":[{"tag":"TypeApp","contents":[{"tag":"TypeApp","contents":[{"tag":"TypeConstructor","contents":[["Data","Functor","Compose"],"Compose"]},{"tag":"TypeVar","contents":"f"}]},{"tag":"TypeConstructor","contents":[["Data","Maybe"],"Maybe"]}]},{"tag":"TypeApp","contents":[{"tag":"TypeConstructor","contents":[["Control","Monad","Maybe","Trans"],"MaybeT"]},{"tag":"TypeVar","contents":"m"}]}],"edInstanceConstraints":[{"constraintClass":[["Control","Parallel","Class"],"Parallel"],"constraintArgs":[{"tag":"TypeVar","contents":"f"},{"tag":"TypeVar","contents":"m"}],"constraintData":null}]}},{"EDInstance":{"edInstanceClassName":[["Data","Newtype"],"Newtype"],"edInstanceName":{"Ident":"newtypeParCont"},"edInstanceTypes":[{"tag":"TypeApp","contents":[{"tag":"TypeApp","contents":[{"tag":"TypeConstructor","contents":[["Control","Parallel","Class"],"ParCont"]},{"tag":"TypeVar","contents":"m"}]},{"tag":"TypeVar","contents":"a"}]},{"tag":"TypeApp","contents":[{"tag":"TypeApp","contents":[{"tag":"TypeApp","contents":[{"tag":"TypeConstructor","contents":[["Control","Monad","Cont","Trans"],"ContT"]},{"tag":"TypeConstructor","contents":[["Data","Unit"],"Unit"]}]},{"tag":"TypeVar","contents":"m"}]},{"tag":"TypeVar","contents":"a"}]}],"edInstanceConstraints":[]}},{"EDInstance":{"edInstanceClassName":[["Data","Functor"],"Functor"],"edInstanceName":{"Ident":"functorParCont"},"edInstanceTypes":[{"tag":"TypeApp","contents":[{"tag":"TypeConstructor","contents":[["Control","Parallel","Class"],"ParCont"]},{"tag":"TypeVar","contents":"m"}]}],"edInstanceConstraints":[{"constraintClass":[["Control","Monad","Eff","Class"],"MonadEff"],"constraintArgs":[{"tag":"TypeVar","contents":"eff"},{"tag":"TypeVar","contents":"m"}],"constraintData":null}]}},{"EDInstance":{"edInstanceClassName":[["Control","Apply"],"Apply"],"edInstanceName":{"Ident":"applyParCont"},"edInstanceTypes":[{"tag":"TypeApp","contents":[{"tag":"TypeConstructor","contents":[["Control","Parallel","Class"],"ParCont"]},{"tag":"TypeVar","contents":"m"}]}],"edInstanceConstraints":[{"constraintClass":[["Control","Monad","Eff","Class"],"MonadEff"],"constraintArgs":[{"tag":"TypeVar","contents":"eff"},{"tag":"TypeVar","contents":"m"}],"constraintData":null}]}},{"EDInstance":{"edInstanceClassName":[["Control","Applicative"],"Applicative"],"edInstanceName":{"Ident":"applicativeParCont"},"edInstanceTypes":[{"tag":"TypeApp","contents":[{"tag":"TypeConstructor","contents":[["Control","Parallel","Class"],"ParCont"]},{"tag":"TypeVar","contents":"m"}]}],"edInstanceConstraints":[{"constraintClass":[["Control","Monad","Eff","Class"],"MonadEff"],"constraintArgs":[{"tag":"TypeVar","contents":"eff"},{"tag":"TypeVar","contents":"m"}],"constraintData":null}]}},{"EDInstance":{"edInstanceClassName":[["Control","Alt"],"Alt"],"edInstanceName":{"Ident":"altParCont"},"edInstanceTypes":[{"tag":"TypeApp","contents":[{"tag":"TypeConstructor","contents":[["Control","Parallel","Class"],"ParCont"]},{"tag":"TypeVar","contents":"m"}]}],"edInstanceConstraints":[{"constraintClass":[["Control","Monad","Eff","Class"],"MonadEff"],"constraintArgs":[{"tag":"TypeVar","contents":"eff"},{"tag":"TypeVar","contents":"m"}],"constraintData":null}]}},{"EDInstance":{"edInstanceClassName":[["Control","Plus"],"Plus"],"edInstanceName":{"Ident":"plusParCont"},"edInstanceTypes":[{"tag":"TypeApp","contents":[{"tag":"TypeConstructor","contents":[["Control","Parallel","Class"],"ParCont"]},{"tag":"TypeVar","contents":"m"}]}],"edInstanceConstraints":[{"constraintClass":[["Control","Monad","Eff","Class"],"MonadEff"],"constraintArgs":[{"tag":"TypeVar","contents":"eff"},{"tag":"TypeVar","contents":"m"}],"constraintData":null}]}},{"EDInstance":{"edInstanceClassName":[["Control","Alternative"],"Alternative"],"edInstanceName":{"Ident":"alternativeParCont"},"edInstanceTypes":[{"tag":"TypeApp","contents":[{"tag":"TypeConstructor","contents":[["Control","Parallel","Class"],"ParCont"]},{"tag":"TypeVar","contents":"m"}]}],"edInstanceConstraints":[{"constraintClass":[["Control","Monad","Eff","Class"],"MonadEff"],"constraintArgs":[{"tag":"TypeVar","contents":"eff"},{"tag":"TypeVar","contents":"m"}],"constraintData":null}]}},{"EDInstance":{"edInstanceClassName":[["Control","Parallel","Class"],"Parallel"],"edInstanceName":{"Ident":"monadParParCont"},"edInstanceTypes":[{"tag":"TypeApp","contents":[{"tag":"TypeConstructor","contents":[["Control","Parallel","Class"],"ParCont"]},{"tag":"TypeVar","contents":"m"}]},{"tag":"TypeApp","contents":[{"tag":"TypeApp","contents":[{"tag":"TypeConstructor","contents":[["Control","Monad","Cont","Trans"],"ContT"]},{"tag":"TypeConstructor","contents":[["Data","Unit"],"Unit"]}]},{"tag":"TypeVar","contents":"m"}]}],"edInstanceConstraints":[{"constraintClass":[["Control","Monad","Eff","Class"],"MonadEff"],"constraintArgs":[{"tag":"TypeVar","contents":"eff"},{"tag":"TypeVar","contents":"m"}],"constraintData":null}]}}],"efSourceSpan":{"start":[1,1],"name":"/home/stpl/Desktop/purs/MainRebuilt/bower_components/purescript-parallel/src/Control/Parallel/Class.purs","end":[123,17]}}