{"efVersion":"0.11.7","efModuleName":["Data","Traversable"],"efExports":[{"ReExportRef":[{"start":[1,1],"name":"/home/stpl/Desktop/purs/Main-Project/bower_components/purescript-foldable-traversable/src/Data/Traversable.purs","end":[190,69]},["Data","Traversable","Accum"],{"TypeRef":[{"start":[1,1],"name":"/home/stpl/Desktop/purs/Main-Project/bower_components/purescript-foldable-traversable/src/Data/Traversable.purs","end":[190,69]},"Accum",[]]}]},{"ReExportRef":[{"start":[1,1],"name":"/home/stpl/Desktop/purs/Main-Project/bower_components/purescript-foldable-traversable/src/Data/Traversable.purs","end":[190,69]},["Data","Foldable"],{"TypeClassRef":[{"start":[1,1],"name":"/home/stpl/Desktop/purs/Main-Project/bower_components/purescript-foldable-traversable/src/Data/Traversable.purs","end":[190,69]},"Foldable"]}]},{"ReExportRef":[{"start":[1,1],"name":"/home/stpl/Desktop/purs/Main-Project/bower_components/purescript-foldable-traversable/src/Data/Traversable.purs","end":[190,69]},["Data","Foldable"],{"ValueRef":[{"start":[1,1],"name":"/home/stpl/Desktop/purs/Main-Project/bower_components/purescript-foldable-traversable/src/Data/Traversable.purs","end":[190,69]},{"Ident":"all"}]}]},{"ReExportRef":[{"start":[1,1],"name":"/home/stpl/Desktop/purs/Main-Project/bower_components/purescript-foldable-traversable/src/Data/Traversable.purs","end":[190,69]},["Data","Foldable"],{"ValueRef":[{"start":[1,1],"name":"/home/stpl/Desktop/purs/Main-Project/bower_components/purescript-foldable-traversable/src/Data/Traversable.purs","end":[190,69]},{"Ident":"and"}]}]},{"ReExportRef":[{"start":[1,1],"name":"/home/stpl/Desktop/purs/Main-Project/bower_components/purescript-foldable-traversable/src/Data/Traversable.purs","end":[190,69]},["Data","Foldable"],{"ValueRef":[{"start":[1,1],"name":"/home/stpl/Desktop/purs/Main-Project/bower_components/purescript-foldable-traversable/src/Data/Traversable.purs","end":[190,69]},{"Ident":"any"}]}]},{"ReExportRef":[{"start":[1,1],"name":"/home/stpl/Desktop/purs/Main-Project/bower_components/purescript-foldable-traversable/src/Data/Traversable.purs","end":[190,69]},["Data","Foldable"],{"ValueRef":[{"start":[1,1],"name":"/home/stpl/Desktop/purs/Main-Project/bower_components/purescript-foldable-traversable/src/Data/Traversable.purs","end":[190,69]},{"Ident":"elem"}]}]},{"ReExportRef":[{"start":[1,1],"name":"/home/stpl/Desktop/purs/Main-Project/bower_components/purescript-foldable-traversable/src/Data/Traversable.purs","end":[190,69]},["Data","Foldable"],{"ValueRef":[{"start":[1,1],"name":"/home/stpl/Desktop/purs/Main-Project/bower_components/purescript-foldable-traversable/src/Data/Traversable.purs","end":[190,69]},{"Ident":"find"}]}]},{"ReExportRef":[{"start":[1,1],"name":"/home/stpl/Desktop/purs/Main-Project/bower_components/purescript-foldable-traversable/src/Data/Traversable.purs","end":[190,69]},["Data","Foldable"],{"ValueRef":[{"start":[1,1],"name":"/home/stpl/Desktop/purs/Main-Project/bower_components/purescript-foldable-traversable/src/Data/Traversable.purs","end":[190,69]},{"Ident":"fold"}]}]},{"ReExportRef":[{"start":[1,1],"name":"/home/stpl/Desktop/purs/Main-Project/bower_components/purescript-foldable-traversable/src/Data/Traversable.purs","end":[190,69]},["Data","Foldable"],{"ValueRef":[{"start":[1,1],"name":"/home/stpl/Desktop/purs/Main-Project/bower_components/purescript-foldable-traversable/src/Data/Traversable.purs","end":[190,69]},{"Ident":"foldMap"}]}]},{"ReExportRef":[{"start":[1,1],"name":"/home/stpl/Desktop/purs/Main-Project/bower_components/purescript-foldable-traversable/src/Data/Traversable.purs","end":[190,69]},["Data","Foldable"],{"ValueRef":[{"start":[1,1],"name":"/home/stpl/Desktop/purs/Main-Project/bower_components/purescript-foldable-traversable/src/Data/Traversable.purs","end":[190,69]},{"Ident":"foldMapDefaultL"}]}]},{"ReExportRef":[{"start":[1,1],"name":"/home/stpl/Desktop/purs/Main-Project/bower_components/purescript-foldable-traversable/src/Data/Traversable.purs","end":[190,69]},["Data","Foldable"],{"ValueRef":[{"start":[1,1],"name":"/home/stpl/Desktop/purs/Main-Project/bower_components/purescript-foldable-traversable/src/Data/Traversable.purs","end":[190,69]},{"Ident":"foldMapDefaultR"}]}]},{"ReExportRef":[{"start":[1,1],"name":"/home/stpl/Desktop/purs/Main-Project/bower_components/purescript-foldable-traversable/src/Data/Traversable.purs","end":[190,69]},["Data","Foldable"],{"ValueRef":[{"start":[1,1],"name":"/home/stpl/Desktop/purs/Main-Project/bower_components/purescript-foldable-traversable/src/Data/Traversable.purs","end":[190,69]},{"Ident":"foldl"}]}]},{"ReExportRef":[{"start":[1,1],"name":"/home/stpl/Desktop/purs/Main-Project/bower_components/purescript-foldable-traversable/src/Data/Traversable.purs","end":[190,69]},["Data","Foldable"],{"ValueRef":[{"start":[1,1],"name":"/home/stpl/Desktop/purs/Main-Project/bower_components/purescript-foldable-traversable/src/Data/Traversable.purs","end":[190,69]},{"Ident":"foldlDefault"}]}]},{"ReExportRef":[{"start":[1,1],"name":"/home/stpl/Desktop/purs/Main-Project/bower_components/purescript-foldable-traversable/src/Data/Traversable.purs","end":[190,69]},["Data","Foldable"],{"ValueRef":[{"start":[1,1],"name":"/home/stpl/Desktop/purs/Main-Project/bower_components/purescript-foldable-traversable/src/Data/Traversable.purs","end":[190,69]},{"Ident":"foldr"}]}]},{"ReExportRef":[{"start":[1,1],"name":"/home/stpl/Desktop/purs/Main-Project/bower_components/purescript-foldable-traversable/src/Data/Traversable.purs","end":[190,69]},["Data","Foldable"],{"ValueRef":[{"start":[1,1],"name":"/home/stpl/Desktop/purs/Main-Project/bower_components/purescript-foldable-traversable/src/Data/Traversable.purs","end":[190,69]},{"Ident":"foldrDefault"}]}]},{"ReExportRef":[{"start":[1,1],"name":"/home/stpl/Desktop/purs/Main-Project/bower_components/purescript-foldable-traversable/src/Data/Traversable.purs","end":[190,69]},["Data","Foldable"],{"ValueRef":[{"start":[1,1],"name":"/home/stpl/Desktop/purs/Main-Project/bower_components/purescript-foldable-traversable/src/Data/Traversable.purs","end":[190,69]},{"Ident":"for_"}]}]},{"ReExportRef":[{"start":[1,1],"name":"/home/stpl/Desktop/purs/Main-Project/bower_components/purescript-foldable-traversable/src/Data/Traversable.purs","end":[190,69]},["Data","Foldable"],{"ValueRef":[{"start":[1,1],"name":"/home/stpl/Desktop/purs/Main-Project/bower_components/purescript-foldable-traversable/src/Data/Traversable.purs","end":[190,69]},{"Ident":"intercalate"}]}]},{"ReExportRef":[{"start":[1,1],"name":"/home/stpl/Desktop/purs/Main-Project/bower_components/purescript-foldable-traversable/src/Data/Traversable.purs","end":[190,69]},["Data","Foldable"],{"ValueRef":[{"start":[1,1],"name":"/home/stpl/Desktop/purs/Main-Project/bower_components/purescript-foldable-traversable/src/Data/Traversable.purs","end":[190,69]},{"Ident":"maximum"}]}]},{"ReExportRef":[{"start":[1,1],"name":"/home/stpl/Desktop/purs/Main-Project/bower_components/purescript-foldable-traversable/src/Data/Traversable.purs","end":[190,69]},["Data","Foldable"],{"ValueRef":[{"start":[1,1],"name":"/home/stpl/Desktop/purs/Main-Project/bower_components/purescript-foldable-traversable/src/Data/Traversable.purs","end":[190,69]},{"Ident":"maximumBy"}]}]},{"ReExportRef":[{"start":[1,1],"name":"/home/stpl/Desktop/purs/Main-Project/bower_components/purescript-foldable-traversable/src/Data/Traversable.purs","end":[190,69]},["Data","Foldable"],{"ValueRef":[{"start":[1,1],"name":"/home/stpl/Desktop/purs/Main-Project/bower_components/purescript-foldable-traversable/src/Data/Traversable.purs","end":[190,69]},{"Ident":"minimum"}]}]},{"ReExportRef":[{"start":[1,1],"name":"/home/stpl/Desktop/purs/Main-Project/bower_components/purescript-foldable-traversable/src/Data/Traversable.purs","end":[190,69]},["Data","Foldable"],{"ValueRef":[{"start":[1,1],"name":"/home/stpl/Desktop/purs/Main-Project/bower_components/purescript-foldable-traversable/src/Data/Traversable.purs","end":[190,69]},{"Ident":"minimumBy"}]}]},{"ReExportRef":[{"start":[1,1],"name":"/home/stpl/Desktop/purs/Main-Project/bower_components/purescript-foldable-traversable/src/Data/Traversable.purs","end":[190,69]},["Data","Foldable"],{"ValueRef":[{"start":[1,1],"name":"/home/stpl/Desktop/purs/Main-Project/bower_components/purescript-foldable-traversable/src/Data/Traversable.purs","end":[190,69]},{"Ident":"notElem"}]}]},{"ReExportRef":[{"start":[1,1],"name":"/home/stpl/Desktop/purs/Main-Project/bower_components/purescript-foldable-traversable/src/Data/Traversable.purs","end":[190,69]},["Data","Foldable"],{"ValueRef":[{"start":[1,1],"name":"/home/stpl/Desktop/purs/Main-Project/bower_components/purescript-foldable-traversable/src/Data/Traversable.purs","end":[190,69]},{"Ident":"oneOf"}]}]},{"ReExportRef":[{"start":[1,1],"name":"/home/stpl/Desktop/purs/Main-Project/bower_components/purescript-foldable-traversable/src/Data/Traversable.purs","end":[190,69]},["Data","Foldable"],{"ValueRef":[{"start":[1,1],"name":"/home/stpl/Desktop/purs/Main-Project/bower_components/purescript-foldable-traversable/src/Data/Traversable.purs","end":[190,69]},{"Ident":"or"}]}]},{"ReExportRef":[{"start":[1,1],"name":"/home/stpl/Desktop/purs/Main-Project/bower_components/purescript-foldable-traversable/src/Data/Traversable.purs","end":[190,69]},["Data","Foldable"],{"ValueRef":[{"start":[1,1],"name":"/home/stpl/Desktop/purs/Main-Project/bower_components/purescript-foldable-traversable/src/Data/Traversable.purs","end":[190,69]},{"Ident":"product"}]}]},{"ReExportRef":[{"start":[1,1],"name":"/home/stpl/Desktop/purs/Main-Project/bower_components/purescript-foldable-traversable/src/Data/Traversable.purs","end":[190,69]},["Data","Foldable"],{"ValueRef":[{"start":[1,1],"name":"/home/stpl/Desktop/purs/Main-Project/bower_components/purescript-foldable-traversable/src/Data/Traversable.purs","end":[190,69]},{"Ident":"sequence_"}]}]},{"ReExportRef":[{"start":[1,1],"name":"/home/stpl/Desktop/purs/Main-Project/bower_components/purescript-foldable-traversable/src/Data/Traversable.purs","end":[190,69]},["Data","Foldable"],{"ValueRef":[{"start":[1,1],"name":"/home/stpl/Desktop/purs/Main-Project/bower_components/purescript-foldable-traversable/src/Data/Traversable.purs","end":[190,69]},{"Ident":"sum"}]}]},{"ReExportRef":[{"start":[1,1],"name":"/home/stpl/Desktop/purs/Main-Project/bower_components/purescript-foldable-traversable/src/Data/Traversable.purs","end":[190,69]},["Data","Foldable"],{"ValueRef":[{"start":[1,1],"name":"/home/stpl/Desktop/purs/Main-Project/bower_components/purescript-foldable-traversable/src/Data/Traversable.purs","end":[190,69]},{"Ident":"traverse_"}]}]},{"TypeClassRef":[{"start":[1,1],"name":"/home/stpl/Desktop/purs/Main-Project/bower_components/purescript-foldable-traversable/src/Data/Traversable.purs","end":[190,69]},"Traversable"]},{"ValueRef":[{"start":[1,1],"name":"/home/stpl/Desktop/purs/Main-Project/bower_components/purescript-foldable-traversable/src/Data/Traversable.purs","end":[190,69]},{"Ident":"traverse"}]},{"ValueRef":[{"start":[1,1],"name":"/home/stpl/Desktop/purs/Main-Project/bower_components/purescript-foldable-traversable/src/Data/Traversable.purs","end":[190,69]},{"Ident":"sequence"}]},{"ValueRef":[{"start":[1,1],"name":"/home/stpl/Desktop/purs/Main-Project/bower_components/purescript-foldable-traversable/src/Data/Traversable.purs","end":[190,69]},{"Ident":"traverseDefault"}]},{"ValueRef":[{"start":[1,1],"name":"/home/stpl/Desktop/purs/Main-Project/bower_components/purescript-foldable-traversable/src/Data/Traversable.purs","end":[190,69]},{"Ident":"sequenceDefault"}]},{"ValueRef":[{"start":[1,1],"name":"/home/stpl/Desktop/purs/Main-Project/bower_components/purescript-foldable-traversable/src/Data/Traversable.purs","end":[190,69]},{"Ident":"for"}]},{"ValueRef":[{"start":[1,1],"name":"/home/stpl/Desktop/purs/Main-Project/bower_components/purescript-foldable-traversable/src/Data/Traversable.purs","end":[190,69]},{"Ident":"scanl"}]},{"ValueRef":[{"start":[1,1],"name":"/home/stpl/Desktop/purs/Main-Project/bower_components/purescript-foldable-traversable/src/Data/Traversable.purs","end":[190,69]},{"Ident":"scanr"}]},{"ValueRef":[{"start":[1,1],"name":"/home/stpl/Desktop/purs/Main-Project/bower_components/purescript-foldable-traversable/src/Data/Traversable.purs","end":[190,69]},{"Ident":"mapAccumL"}]},{"ValueRef":[{"start":[1,1],"name":"/home/stpl/Desktop/purs/Main-Project/bower_components/purescript-foldable-traversable/src/Data/Traversable.purs","end":[190,69]},{"Ident":"mapAccumR"}]},{"ModuleRef":[{"start":[9,5],"name":"/home/stpl/Desktop/purs/Main-Project/bower_components/purescript-foldable-traversable/src/Data/Traversable.purs","end":[9,25]},["Data","Foldable"]]},{"ModuleRef":[{"start":[10,5],"name":"/home/stpl/Desktop/purs/Main-Project/bower_components/purescript-foldable-traversable/src/Data/Traversable.purs","end":[10,34]},["Data","Traversable","Accum"]]},{"TypeInstanceRef":[{"start":[0,0],"name":"<generated>","end":[0,0]},{"Ident":"traversableArray"}]},{"TypeInstanceRef":[{"start":[0,0],"name":"<generated>","end":[0,0]},{"Ident":"traversableMaybe"}]},{"TypeInstanceRef":[{"start":[0,0],"name":"<generated>","end":[0,0]},{"Ident":"traversableFirst"}]},{"TypeInstanceRef":[{"start":[0,0],"name":"<generated>","end":[0,0]},{"Ident":"traversableLast"}]},{"TypeInstanceRef":[{"start":[0,0],"name":"<generated>","end":[0,0]},{"Ident":"traversableAdditive"}]},{"TypeInstanceRef":[{"start":[0,0],"name":"<generated>","end":[0,0]},{"Ident":"traversableDual"}]},{"TypeInstanceRef":[{"start":[0,0],"name":"<generated>","end":[0,0]},{"Ident":"traversableConj"}]},{"TypeInstanceRef":[{"start":[0,0],"name":"<generated>","end":[0,0]},{"Ident":"traversableDisj"}]},{"TypeInstanceRef":[{"start":[0,0],"name":"<generated>","end":[0,0]},{"Ident":"traversableMultiplicative"}]}],"efImports":[{"eiModule":["Prim"],"eiImportType":{"Implicit":[]},"eiImportedAs":["Prim"]},{"eiModule":["Prim"],"eiImportType":{"Implicit":[]},"eiImportedAs":null},{"eiModule":["Prelude"],"eiImportType":{"Implicit":[]},"eiImportedAs":null},{"eiModule":["Data","Foldable"],"eiImportType":{"Explicit":[{"TypeClassRef":[{"start":[15,23],"name":"/home/stpl/Desktop/purs/Main-Project/bower_components/purescript-foldable-traversable/src/Data/Traversable.purs","end":[15,37]},"Foldable"]},{"ValueRef":[{"start":[15,39],"name":"/home/stpl/Desktop/purs/Main-Project/bower_components/purescript-foldable-traversable/src/Data/Traversable.purs","end":[15,42]},{"Ident":"all"}]},{"ValueRef":[{"start":[15,44],"name":"/home/stpl/Desktop/purs/Main-Project/bower_components/purescript-foldable-traversable/src/Data/Traversable.purs","end":[15,47]},{"Ident":"and"}]},{"ValueRef":[{"start":[15,49],"name":"/home/stpl/Desktop/purs/Main-Project/bower_components/purescript-foldable-traversable/src/Data/Traversable.purs","end":[15,52]},{"Ident":"any"}]},{"ValueRef":[{"start":[15,54],"name":"/home/stpl/Desktop/purs/Main-Project/bower_components/purescript-foldable-traversable/src/Data/Traversable.purs","end":[15,58]},{"Ident":"elem"}]},{"ValueRef":[{"start":[15,60],"name":"/home/stpl/Desktop/purs/Main-Project/bower_components/purescript-foldable-traversable/src/Data/Traversable.purs","end":[15,64]},{"Ident":"find"}]},{"ValueRef":[{"start":[15,66],"name":"/home/stpl/Desktop/purs/Main-Project/bower_components/purescript-foldable-traversable/src/Data/Traversable.purs","end":[15,70]},{"Ident":"fold"}]},{"ValueRef":[{"start":[15,72],"name":"/home/stpl/Desktop/purs/Main-Project/bower_components/purescript-foldable-traversable/src/Data/Traversable.purs","end":[15,79]},{"Ident":"foldMap"}]},{"ValueRef":[{"start":[15,81],"name":"/home/stpl/Desktop/purs/Main-Project/bower_components/purescript-foldable-traversable/src/Data/Traversable.purs","end":[15,96]},{"Ident":"foldMapDefaultL"}]},{"ValueRef":[{"start":[15,98],"name":"/home/stpl/Desktop/purs/Main-Project/bower_components/purescript-foldable-traversable/src/Data/Traversable.purs","end":[15,113]},{"Ident":"foldMapDefaultR"}]},{"ValueRef":[{"start":[15,115],"name":"/home/stpl/Desktop/purs/Main-Project/bower_components/purescript-foldable-traversable/src/Data/Traversable.purs","end":[15,120]},{"Ident":"foldl"}]},{"ValueRef":[{"start":[15,122],"name":"/home/stpl/Desktop/purs/Main-Project/bower_components/purescript-foldable-traversable/src/Data/Traversable.purs","end":[15,134]},{"Ident":"foldlDefault"}]},{"ValueRef":[{"start":[15,136],"name":"/home/stpl/Desktop/purs/Main-Project/bower_components/purescript-foldable-traversable/src/Data/Traversable.purs","end":[15,141]},{"Ident":"foldr"}]},{"ValueRef":[{"start":[15,143],"name":"/home/stpl/Desktop/purs/Main-Project/bower_components/purescript-foldable-traversable/src/Data/Traversable.purs","end":[15,155]},{"Ident":"foldrDefault"}]},{"ValueRef":[{"start":[15,157],"name":"/home/stpl/Desktop/purs/Main-Project/bower_components/purescript-foldable-traversable/src/Data/Traversable.purs","end":[15,161]},{"Ident":"for_"}]},{"ValueRef":[{"start":[15,163],"name":"/home/stpl/Desktop/purs/Main-Project/bower_components/purescript-foldable-traversable/src/Data/Traversable.purs","end":[15,174]},{"Ident":"intercalate"}]},{"ValueRef":[{"start":[15,176],"name":"/home/stpl/Desktop/purs/Main-Project/bower_components/purescript-foldable-traversable/src/Data/Traversable.purs","end":[15,183]},{"Ident":"maximum"}]},{"ValueRef":[{"start":[15,185],"name":"/home/stpl/Desktop/purs/Main-Project/bower_components/purescript-foldable-traversable/src/Data/Traversable.purs","end":[15,194]},{"Ident":"maximumBy"}]},{"ValueRef":[{"start":[15,196],"name":"/home/stpl/Desktop/purs/Main-Project/bower_components/purescript-foldable-traversable/src/Data/Traversable.purs","end":[15,203]},{"Ident":"minimum"}]},{"ValueRef":[{"start":[15,205],"name":"/home/stpl/Desktop/purs/Main-Project/bower_components/purescript-foldable-traversable/src/Data/Traversable.purs","end":[15,214]},{"Ident":"minimumBy"}]},{"ValueRef":[{"start":[15,216],"name":"/home/stpl/Desktop/purs/Main-Project/bower_components/purescript-foldable-traversable/src/Data/Traversable.purs","end":[15,223]},{"Ident":"notElem"}]},{"ValueRef":[{"start":[15,225],"name":"/home/stpl/Desktop/purs/Main-Project/bower_components/purescript-foldable-traversable/src/Data/Traversable.purs","end":[15,230]},{"Ident":"oneOf"}]},{"ValueRef":[{"start":[15,232],"name":"/home/stpl/Desktop/purs/Main-Project/bower_components/purescript-foldable-traversable/src/Data/Traversable.purs","end":[15,234]},{"Ident":"or"}]},{"ValueRef":[{"start":[15,236],"name":"/home/stpl/Desktop/purs/Main-Project/bower_components/purescript-foldable-traversable/src/Data/Traversable.purs","end":[15,243]},{"Ident":"product"}]},{"ValueRef":[{"start":[15,245],"name":"/home/stpl/Desktop/purs/Main-Project/bower_components/purescript-foldable-traversable/src/Data/Traversable.purs","end":[15,254]},{"Ident":"sequence_"}]},{"ValueRef":[{"start":[15,256],"name":"/home/stpl/Desktop/purs/Main-Project/bower_components/purescript-foldable-traversable/src/Data/Traversable.purs","end":[15,259]},{"Ident":"sum"}]},{"ValueRef":[{"start":[15,261],"name":"/home/stpl/Desktop/purs/Main-Project/bower_components/purescript-foldable-traversable/src/Data/Traversable.purs","end":[15,270]},{"Ident":"traverse_"}]}]},"eiImportedAs":null},{"eiModule":["Data","Maybe"],"eiImportType":{"Explicit":[{"TypeRef":[{"start":[16,20],"name":"/home/stpl/Desktop/purs/Main-Project/bower_components/purescript-foldable-traversable/src/Data/Traversable.purs","end":[16,29]},"Maybe",null]}]},"eiImportedAs":null},{"eiModule":["Data","Maybe","First"],"eiImportType":{"Explicit":[{"TypeRef":[{"start":[17,26],"name":"/home/stpl/Desktop/purs/Main-Project/bower_components/purescript-foldable-traversable/src/Data/Traversable.purs","end":[17,35]},"First",null]}]},"eiImportedAs":null},{"eiModule":["Data","Maybe","Last"],"eiImportType":{"Explicit":[{"TypeRef":[{"start":[18,25],"name":"/home/stpl/Desktop/purs/Main-Project/bower_components/purescript-foldable-traversable/src/Data/Traversable.purs","end":[18,33]},"Last",null]}]},"eiImportedAs":null},{"eiModule":["Data","Monoid","Additive"],"eiImportType":{"Explicit":[{"TypeRef":[{"start":[19,30],"name":"/home/stpl/Desktop/purs/Main-Project/bower_components/purescript-foldable-traversable/src/Data/Traversable.purs","end":[19,42]},"Additive",null]}]},"eiImportedAs":null},{"eiModule":["Data","Monoid","Conj"],"eiImportType":{"Explicit":[{"TypeRef":[{"start":[20,26],"name":"/home/stpl/Desktop/purs/Main-Project/bower_components/purescript-foldable-traversable/src/Data/Traversable.purs","end":[20,34]},"Conj",null]}]},"eiImportedAs":null},{"eiModule":["Data","Monoid","Disj"],"eiImportType":{"Explicit":[{"TypeRef":[{"start":[21,26],"name":"/home/stpl/Desktop/purs/Main-Project/bower_components/purescript-foldable-traversable/src/Data/Traversable.purs","end":[21,34]},"Disj",null]}]},"eiImportedAs":null},{"eiModule":["Data","Monoid","Dual"],"eiImportType":{"Explicit":[{"TypeRef":[{"start":[22,26],"name":"/home/stpl/Desktop/purs/Main-Project/bower_components/purescript-foldable-traversable/src/Data/Traversable.purs","end":[22,34]},"Dual",null]}]},"eiImportedAs":null},{"eiModule":["Data","Monoid","Multiplicative"],"eiImportType":{"Explicit":[{"TypeRef":[{"start":[23,36],"name":"/home/stpl/Desktop/purs/Main-Project/bower_components/purescript-foldable-traversable/src/Data/Traversable.purs","end":[23,54]},"Multiplicative",null]}]},"eiImportedAs":null},{"eiModule":["Data","Traversable","Accum"],"eiImportType":{"Explicit":[{"TypeRef":[{"start":[24,32],"name":"/home/stpl/Desktop/purs/Main-Project/bower_components/purescript-foldable-traversable/src/Data/Traversable.purs","end":[24,37]},"Accum",[]]}]},"eiImportedAs":null},{"eiModule":["Data","Traversable","Accum","Internal"],"eiImportType":{"Explicit":[{"TypeRef":[{"start":[25,41],"name":"/home/stpl/Desktop/purs/Main-Project/bower_components/purescript-foldable-traversable/src/Data/Traversable.purs","end":[25,51]},"StateL",null]},{"TypeRef":[{"start":[25,53],"name":"/home/stpl/Desktop/purs/Main-Project/bower_components/purescript-foldable-traversable/src/Data/Traversable.purs","end":[25,63]},"StateR",null]},{"ValueRef":[{"start":[25,65],"name":"/home/stpl/Desktop/purs/Main-Project/bower_components/purescript-foldable-traversable/src/Data/Traversable.purs","end":[25,71]},{"Ident":"stateL"}]},{"ValueRef":[{"start":[25,73],"name":"/home/stpl/Desktop/purs/Main-Project/bower_components/purescript-foldable-traversable/src/Data/Traversable.purs","end":[25,79]},{"Ident":"stateR"}]}]},"eiImportedAs":null}],"efFixities":[],"efTypeFixities":[],"efDeclarations":[{"EDType":{"edTypeName":"Traversable","edTypeKind":{"tag":"FunKind","contents":[{"tag":"FunKind","contents":[{"tag":"NamedKind","contents":[["Prim"],"Type"]},{"tag":"NamedKind","contents":[["Prim"],"Type"]}]},{"tag":"NamedKind","contents":[["Prim"],"Type"]}]},"edTypeDeclarationKind":"TypeSynonym"}},{"EDTypeSynonym":{"edTypeSynonymName":"Traversable","edTypeSynonymArguments":[["t",null]],"edTypeSynonymType":{"tag":"TypeApp","contents":[{"tag":"TypeConstructor","contents":[["Prim"],"Record"]},{"tag":"RCons","contents":["traverse",{"tag":"ForAll","contents":["m",{"tag":"ForAll","contents":["b",{"tag":"ForAll","contents":["a",{"tag":"ConstrainedType","contents":[{"constraintClass":[["Control","Applicative"],"Applicative"],"constraintArgs":[{"tag":"TypeVar","contents":"m"}],"constraintData":null},{"tag":"TypeApp","contents":[{"tag":"TypeApp","contents":[{"tag":"TypeConstructor","contents":[["Prim"],"Function"]},{"tag":"TypeApp","contents":[{"tag":"TypeApp","contents":[{"tag":"TypeConstructor","contents":[["Prim"],"Function"]},{"tag":"TypeVar","contents":"a"}]},{"tag":"TypeApp","contents":[{"tag":"TypeVar","contents":"m"},{"tag":"TypeVar","contents":"b"}]}]}]},{"tag":"TypeApp","contents":[{"tag":"TypeApp","contents":[{"tag":"TypeConstructor","contents":[["Prim"],"Function"]},{"tag":"TypeApp","contents":[{"tag":"TypeVar","contents":"t"},{"tag":"TypeVar","contents":"a"}]}]},{"tag":"TypeApp","contents":[{"tag":"TypeVar","contents":"m"},{"tag":"TypeApp","contents":[{"tag":"TypeVar","contents":"t"},{"tag":"TypeVar","contents":"b"}]}]}]}]}]},null]},null]},null]},{"tag":"RCons","contents":["sequence",{"tag":"ForAll","contents":["m",{"tag":"ForAll","contents":["a",{"tag":"ConstrainedType","contents":[{"constraintClass":[["Control","Applicative"],"Applicative"],"constraintArgs":[{"tag":"TypeVar","contents":"m"}],"constraintData":null},{"tag":"TypeApp","contents":[{"tag":"TypeApp","contents":[{"tag":"TypeConstructor","contents":[["Prim"],"Function"]},{"tag":"TypeApp","contents":[{"tag":"TypeVar","contents":"t"},{"tag":"TypeApp","contents":[{"tag":"TypeVar","contents":"m"},{"tag":"TypeVar","contents":"a"}]}]}]},{"tag":"TypeApp","contents":[{"tag":"TypeVar","contents":"m"},{"tag":"TypeApp","contents":[{"tag":"TypeVar","contents":"t"},{"tag":"TypeVar","contents":"a"}]}]}]}]},null]},null]},{"tag":"RCons","contents":["Functor0",{"tag":"TypeApp","contents":[{"tag":"TypeApp","contents":[{"tag":"TypeConstructor","contents":[["Prim"],"Function"]},{"tag":"TypeApp","contents":[{"tag":"TypeConstructor","contents":[["Prim"],"Record"]},{"tag":"REmpty"}]}]},{"tag":"TypeApp","contents":[{"tag":"TypeConstructor","contents":[["Data","Functor"],"Functor"]},{"tag":"TypeVar","contents":"t"}]}]},{"tag":"RCons","contents":["Foldable1",{"tag":"TypeApp","contents":[{"tag":"TypeApp","contents":[{"tag":"TypeConstructor","contents":[["Prim"],"Function"]},{"tag":"TypeApp","contents":[{"tag":"TypeConstructor","contents":[["Prim"],"Record"]},{"tag":"REmpty"}]}]},{"tag":"TypeApp","contents":[{"tag":"TypeConstructor","contents":[["Data","Foldable"],"Foldable"]},{"tag":"TypeVar","contents":"t"}]}]},{"tag":"REmpty"}]}]}]}]}]}}},{"EDClass":{"edClassName":"Traversable","edClassTypeArguments":[["t",null]],"edClassMembers":[[{"Ident":"traverse"},{"tag":"ForAll","contents":["m",{"tag":"ForAll","contents":["b",{"tag":"ForAll","contents":["a",{"tag":"ConstrainedType","contents":[{"constraintClass":[["Control","Applicative"],"Applicative"],"constraintArgs":[{"tag":"TypeVar","contents":"m"}],"constraintData":null},{"tag":"TypeApp","contents":[{"tag":"TypeApp","contents":[{"tag":"TypeConstructor","contents":[["Prim"],"Function"]},{"tag":"TypeApp","contents":[{"tag":"TypeApp","contents":[{"tag":"TypeConstructor","contents":[["Prim"],"Function"]},{"tag":"TypeVar","contents":"a"}]},{"tag":"TypeApp","contents":[{"tag":"TypeVar","contents":"m"},{"tag":"TypeVar","contents":"b"}]}]}]},{"tag":"TypeApp","contents":[{"tag":"TypeApp","contents":[{"tag":"TypeConstructor","contents":[["Prim"],"Function"]},{"tag":"TypeApp","contents":[{"tag":"TypeVar","contents":"t"},{"tag":"TypeVar","contents":"a"}]}]},{"tag":"TypeApp","contents":[{"tag":"TypeVar","contents":"m"},{"tag":"TypeApp","contents":[{"tag":"TypeVar","contents":"t"},{"tag":"TypeVar","contents":"b"}]}]}]}]}]},null]},null]},null]}],[{"Ident":"sequence"},{"tag":"ForAll","contents":["m",{"tag":"ForAll","contents":["a",{"tag":"ConstrainedType","contents":[{"constraintClass":[["Control","Applicative"],"Applicative"],"constraintArgs":[{"tag":"TypeVar","contents":"m"}],"constraintData":null},{"tag":"TypeApp","contents":[{"tag":"TypeApp","contents":[{"tag":"TypeConstructor","contents":[["Prim"],"Function"]},{"tag":"TypeApp","contents":[{"tag":"TypeVar","contents":"t"},{"tag":"TypeApp","contents":[{"tag":"TypeVar","contents":"m"},{"tag":"TypeVar","contents":"a"}]}]}]},{"tag":"TypeApp","contents":[{"tag":"TypeVar","contents":"m"},{"tag":"TypeApp","contents":[{"tag":"TypeVar","contents":"t"},{"tag":"TypeVar","contents":"a"}]}]}]}]},null]},null]}]],"edClassConstraints":[{"constraintClass":[["Data","Functor"],"Functor"],"constraintArgs":[{"tag":"TypeVar","contents":"t"}],"constraintData":null},{"constraintClass":[["Data","Foldable"],"Foldable"],"constraintArgs":[{"tag":"TypeVar","contents":"t"}],"constraintData":null}],"edFunctionalDependencies":[]}},{"EDValue":{"edValueName":{"Ident":"traverse"},"edValueType":{"tag":"ForAll","contents":["t",{"tag":"ForAll","contents":["m",{"tag":"ForAll","contents":["b",{"tag":"ForAll","contents":["a",{"tag":"ConstrainedType","contents":[{"constraintClass":[["Data","Traversable"],"Traversable"],"constraintArgs":[{"tag":"TypeVar","contents":"t"}],"constraintData":null},{"tag":"ConstrainedType","contents":[{"constraintClass":[["Control","Applicative"],"Applicative"],"constraintArgs":[{"tag":"TypeVar","contents":"m"}],"constraintData":null},{"tag":"TypeApp","contents":[{"tag":"TypeApp","contents":[{"tag":"TypeConstructor","contents":[["Prim"],"Function"]},{"tag":"TypeApp","contents":[{"tag":"TypeApp","contents":[{"tag":"TypeConstructor","contents":[["Prim"],"Function"]},{"tag":"TypeVar","contents":"a"}]},{"tag":"TypeApp","contents":[{"tag":"TypeVar","contents":"m"},{"tag":"TypeVar","contents":"b"}]}]}]},{"tag":"TypeApp","contents":[{"tag":"TypeApp","contents":[{"tag":"TypeConstructor","contents":[["Prim"],"Function"]},{"tag":"TypeApp","contents":[{"tag":"TypeVar","contents":"t"},{"tag":"TypeVar","contents":"a"}]}]},{"tag":"TypeApp","contents":[{"tag":"TypeVar","contents":"m"},{"tag":"TypeApp","contents":[{"tag":"TypeVar","contents":"t"},{"tag":"TypeVar","contents":"b"}]}]}]}]}]}]},0]},1]},2]},3]}}},{"EDValue":{"edValueName":{"Ident":"sequence"},"edValueType":{"tag":"ForAll","contents":["t",{"tag":"ForAll","contents":["m",{"tag":"ForAll","contents":["a",{"tag":"ConstrainedType","contents":[{"constraintClass":[["Data","Traversable"],"Traversable"],"constraintArgs":[{"tag":"TypeVar","contents":"t"}],"constraintData":null},{"tag":"ConstrainedType","contents":[{"constraintClass":[["Control","Applicative"],"Applicative"],"constraintArgs":[{"tag":"TypeVar","contents":"m"}],"constraintData":null},{"tag":"TypeApp","contents":[{"tag":"TypeApp","contents":[{"tag":"TypeConstructor","contents":[["Prim"],"Function"]},{"tag":"TypeApp","contents":[{"tag":"TypeVar","contents":"t"},{"tag":"TypeApp","contents":[{"tag":"TypeVar","contents":"m"},{"tag":"TypeVar","contents":"a"}]}]}]},{"tag":"TypeApp","contents":[{"tag":"TypeVar","contents":"m"},{"tag":"TypeApp","contents":[{"tag":"TypeVar","contents":"t"},{"tag":"TypeVar","contents":"a"}]}]}]}]}]},151]},152]},153]}}},{"EDValue":{"edValueName":{"Ident":"traverseDefault"},"edValueType":{"tag":"ForAll","contents":["m",{"tag":"ForAll","contents":["b",{"tag":"ForAll","contents":["a",{"tag":"ForAll","contents":["t",{"tag":"ConstrainedType","contents":[{"constraintClass":[["Data","Traversable"],"Traversable"],"constraintArgs":[{"tag":"TypeVar","contents":"t"}],"constraintData":null},{"tag":"ConstrainedType","contents":[{"constraintClass":[["Control","Applicative"],"Applicative"],"constraintArgs":[{"tag":"TypeVar","contents":"m"}],"constraintData":null},{"tag":"TypeApp","contents":[{"tag":"TypeApp","contents":[{"tag":"TypeConstructor","contents":[["Prim"],"Function"]},{"tag":"TypeApp","contents":[{"tag":"TypeApp","contents":[{"tag":"TypeConstructor","contents":[["Prim"],"Function"]},{"tag":"TypeVar","contents":"a"}]},{"tag":"TypeApp","contents":[{"tag":"TypeVar","contents":"m"},{"tag":"TypeVar","contents":"b"}]}]}]},{"tag":"TypeApp","contents":[{"tag":"TypeApp","contents":[{"tag":"TypeConstructor","contents":[["Prim"],"Function"]},{"tag":"TypeApp","contents":[{"tag":"TypeVar","contents":"t"},{"tag":"TypeVar","contents":"a"}]}]},{"tag":"TypeApp","contents":[{"tag":"TypeVar","contents":"m"},{"tag":"TypeApp","contents":[{"tag":"TypeVar","contents":"t"},{"tag":"TypeVar","contents":"b"}]}]}]}]}]}]},194]},195]},196]},197]}}},{"EDValue":{"edValueName":{"Ident":"sequenceDefault"},"edValueType":{"tag":"ForAll","contents":["m",{"tag":"ForAll","contents":["a",{"tag":"ForAll","contents":["t",{"tag":"ConstrainedType","contents":[{"constraintClass":[["Data","Traversable"],"Traversable"],"constraintArgs":[{"tag":"TypeVar","contents":"t"}],"constraintData":null},{"tag":"ConstrainedType","contents":[{"constraintClass":[["Control","Applicative"],"Applicative"],"constraintArgs":[{"tag":"TypeVar","contents":"m"}],"constraintData":null},{"tag":"TypeApp","contents":[{"tag":"TypeApp","contents":[{"tag":"TypeConstructor","contents":[["Prim"],"Function"]},{"tag":"TypeApp","contents":[{"tag":"TypeVar","contents":"t"},{"tag":"TypeApp","contents":[{"tag":"TypeVar","contents":"m"},{"tag":"TypeVar","contents":"a"}]}]}]},{"tag":"TypeApp","contents":[{"tag":"TypeVar","contents":"m"},{"tag":"TypeApp","contents":[{"tag":"TypeVar","contents":"t"},{"tag":"TypeVar","contents":"a"}]}]}]}]}]},124]},125]},126]}}},{"EDValue":{"edValueName":{"Ident":"for"},"edValueType":{"tag":"ForAll","contents":["t",{"tag":"ForAll","contents":["m",{"tag":"ForAll","contents":["b",{"tag":"ForAll","contents":["a",{"tag":"ConstrainedType","contents":[{"constraintClass":[["Control","Applicative"],"Applicative"],"constraintArgs":[{"tag":"TypeVar","contents":"m"}],"constraintData":null},{"tag":"ConstrainedType","contents":[{"constraintClass":[["Data","Traversable"],"Traversable"],"constraintArgs":[{"tag":"TypeVar","contents":"t"}],"constraintData":null},{"tag":"TypeApp","contents":[{"tag":"TypeApp","contents":[{"tag":"TypeConstructor","contents":[["Prim"],"Function"]},{"tag":"TypeApp","contents":[{"tag":"TypeVar","contents":"t"},{"tag":"TypeVar","contents":"a"}]}]},{"tag":"TypeApp","contents":[{"tag":"TypeApp","contents":[{"tag":"TypeConstructor","contents":[["Prim"],"Function"]},{"tag":"TypeApp","contents":[{"tag":"TypeApp","contents":[{"tag":"TypeConstructor","contents":[["Prim"],"Function"]},{"tag":"TypeVar","contents":"a"}]},{"tag":"TypeApp","contents":[{"tag":"TypeVar","contents":"m"},{"tag":"TypeVar","contents":"b"}]}]}]},{"tag":"TypeApp","contents":[{"tag":"TypeVar","contents":"m"},{"tag":"TypeApp","contents":[{"tag":"TypeVar","contents":"t"},{"tag":"TypeVar","contents":"b"}]}]}]}]}]}]},230]},231]},232]},233]}}},{"EDValue":{"edValueName":{"Ident":"scanl"},"edValueType":{"tag":"ForAll","contents":["f",{"tag":"ForAll","contents":["b",{"tag":"ForAll","contents":["a",{"tag":"ConstrainedType","contents":[{"constraintClass":[["Data","Traversable"],"Traversable"],"constraintArgs":[{"tag":"TypeVar","contents":"f"}],"constraintData":null},{"tag":"TypeApp","contents":[{"tag":"TypeApp","contents":[{"tag":"TypeConstructor","contents":[["Prim"],"Function"]},{"tag":"TypeApp","contents":[{"tag":"TypeApp","contents":[{"tag":"TypeConstructor","contents":[["Prim"],"Function"]},{"tag":"TypeVar","contents":"b"}]},{"tag":"TypeApp","contents":[{"tag":"TypeApp","contents":[{"tag":"TypeConstructor","contents":[["Prim"],"Function"]},{"tag":"TypeVar","contents":"a"}]},{"tag":"TypeVar","contents":"b"}]}]}]},{"tag":"TypeApp","contents":[{"tag":"TypeApp","contents":[{"tag":"TypeConstructor","contents":[["Prim"],"Function"]},{"tag":"TypeVar","contents":"b"}]},{"tag":"TypeApp","contents":[{"tag":"TypeApp","contents":[{"tag":"TypeConstructor","contents":[["Prim"],"Function"]},{"tag":"TypeApp","contents":[{"tag":"TypeVar","contents":"f"},{"tag":"TypeVar","contents":"a"}]}]},{"tag":"TypeApp","contents":[{"tag":"TypeVar","contents":"f"},{"tag":"TypeVar","contents":"b"}]}]}]}]}]},224]},225]},226]}}},{"EDValue":{"edValueName":{"Ident":"scanr"},"edValueType":{"tag":"ForAll","contents":["f",{"tag":"ForAll","contents":["b",{"tag":"ForAll","contents":["a",{"tag":"ConstrainedType","contents":[{"constraintClass":[["Data","Traversable"],"Traversable"],"constraintArgs":[{"tag":"TypeVar","contents":"f"}],"constraintData":null},{"tag":"TypeApp","contents":[{"tag":"TypeApp","contents":[{"tag":"TypeConstructor","contents":[["Prim"],"Function"]},{"tag":"TypeApp","contents":[{"tag":"TypeApp","contents":[{"tag":"TypeConstructor","contents":[["Prim"],"Function"]},{"tag":"TypeVar","contents":"a"}]},{"tag":"TypeApp","contents":[{"tag":"TypeApp","contents":[{"tag":"TypeConstructor","contents":[["Prim"],"Function"]},{"tag":"TypeVar","contents":"b"}]},{"tag":"TypeVar","contents":"b"}]}]}]},{"tag":"TypeApp","contents":[{"tag":"TypeApp","contents":[{"tag":"TypeConstructor","contents":[["Prim"],"Function"]},{"tag":"TypeVar","contents":"b"}]},{"tag":"TypeApp","contents":[{"tag":"TypeApp","contents":[{"tag":"TypeConstructor","contents":[["Prim"],"Function"]},{"tag":"TypeApp","contents":[{"tag":"TypeVar","contents":"f"},{"tag":"TypeVar","contents":"a"}]}]},{"tag":"TypeApp","contents":[{"tag":"TypeVar","contents":"f"},{"tag":"TypeVar","contents":"b"}]}]}]}]}]},210]},211]},212]}}},{"EDValue":{"edValueName":{"Ident":"mapAccumL"},"edValueType":{"tag":"ForAll","contents":["f",{"tag":"ForAll","contents":["s",{"tag":"ForAll","contents":["b",{"tag":"ForAll","contents":["a",{"tag":"ConstrainedType","contents":[{"constraintClass":[["Data","Traversable"],"Traversable"],"constraintArgs":[{"tag":"TypeVar","contents":"f"}],"constraintData":null},{"tag":"TypeApp","contents":[{"tag":"TypeApp","contents":[{"tag":"TypeConstructor","contents":[["Prim"],"Function"]},{"tag":"TypeApp","contents":[{"tag":"TypeApp","contents":[{"tag":"TypeConstructor","contents":[["Prim"],"Function"]},{"tag":"TypeVar","contents":"s"}]},{"tag":"TypeApp","contents":[{"tag":"TypeApp","contents":[{"tag":"TypeConstructor","contents":[["Prim"],"Function"]},{"tag":"TypeVar","contents":"a"}]},{"tag":"TypeApp","contents":[{"tag":"TypeConstructor","contents":[["Prim"],"Record"]},{"tag":"RCons","contents":["accum",{"tag":"TypeVar","contents":"s"},{"tag":"RCons","contents":["value",{"tag":"TypeVar","contents":"b"},{"tag":"REmpty"}]}]}]}]}]}]},{"tag":"TypeApp","contents":[{"tag":"TypeApp","contents":[{"tag":"TypeConstructor","contents":[["Prim"],"Function"]},{"tag":"TypeVar","contents":"s"}]},{"tag":"TypeApp","contents":[{"tag":"TypeApp","contents":[{"tag":"TypeConstructor","contents":[["Prim"],"Function"]},{"tag":"TypeApp","contents":[{"tag":"TypeVar","contents":"f"},{"tag":"TypeVar","contents":"a"}]}]},{"tag":"TypeApp","contents":[{"tag":"TypeConstructor","contents":[["Prim"],"Record"]},{"tag":"RCons","contents":["accum",{"tag":"TypeVar","contents":"s"},{"tag":"RCons","contents":["value",{"tag":"TypeApp","contents":[{"tag":"TypeVar","contents":"f"},{"tag":"TypeVar","contents":"b"}]},{"tag":"REmpty"}]}]}]}]}]}]}]},216]},217]},218]},219]}}},{"EDValue":{"edValueName":{"Ident":"mapAccumR"},"edValueType":{"tag":"ForAll","contents":["f",{"tag":"ForAll","contents":["s",{"tag":"ForAll","contents":["b",{"tag":"ForAll","contents":["a",{"tag":"ConstrainedType","contents":[{"constraintClass":[["Data","Traversable"],"Traversable"],"constraintArgs":[{"tag":"TypeVar","contents":"f"}],"constraintData":null},{"tag":"TypeApp","contents":[{"tag":"TypeApp","contents":[{"tag":"TypeConstructor","contents":[["Prim"],"Function"]},{"tag":"TypeApp","contents":[{"tag":"TypeApp","contents":[{"tag":"TypeConstructor","contents":[["Prim"],"Function"]},{"tag":"TypeVar","contents":"s"}]},{"tag":"TypeApp","contents":[{"tag":"TypeApp","contents":[{"tag":"TypeConstructor","contents":[["Prim"],"Function"]},{"tag":"TypeVar","contents":"a"}]},{"tag":"TypeApp","contents":[{"tag":"TypeConstructor","contents":[["Prim"],"Record"]},{"tag":"RCons","contents":["accum",{"tag":"TypeVar","contents":"s"},{"tag":"RCons","contents":["value",{"tag":"TypeVar","contents":"b"},{"tag":"REmpty"}]}]}]}]}]}]},{"tag":"TypeApp","contents":[{"tag":"TypeApp","contents":[{"tag":"TypeConstructor","contents":[["Prim"],"Function"]},{"tag":"TypeVar","contents":"s"}]},{"tag":"TypeApp","contents":[{"tag":"TypeApp","contents":[{"tag":"TypeConstructor","contents":[["Prim"],"Function"]},{"tag":"TypeApp","contents":[{"tag":"TypeVar","contents":"f"},{"tag":"TypeVar","contents":"a"}]}]},{"tag":"TypeApp","contents":[{"tag":"TypeConstructor","contents":[["Prim"],"Record"]},{"tag":"RCons","contents":["accum",{"tag":"TypeVar","contents":"s"},{"tag":"RCons","contents":["value",{"tag":"TypeApp","contents":[{"tag":"TypeVar","contents":"f"},{"tag":"TypeVar","contents":"b"}]},{"tag":"REmpty"}]}]}]}]}]}]}]},202]},203]},204]},205]}}},{"EDInstance":{"edInstanceClassName":[["Data","Traversable"],"Traversable"],"edInstanceName":{"Ident":"traversableArray"},"edInstanceTypes":[{"tag":"TypeConstructor","contents":[["Prim"],"Array"]}],"edInstanceConstraints":[]}},{"EDInstance":{"edInstanceClassName":[["Data","Traversable"],"Traversable"],"edInstanceName":{"Ident":"traversableMaybe"},"edInstanceTypes":[{"tag":"TypeConstructor","contents":[["Data","Maybe"],"Maybe"]}],"edInstanceConstraints":[]}},{"EDInstance":{"edInstanceClassName":[["Data","Traversable"],"Traversable"],"edInstanceName":{"Ident":"traversableFirst"},"edInstanceTypes":[{"tag":"TypeConstructor","contents":[["Data","Maybe","First"],"First"]}],"edInstanceConstraints":[]}},{"EDInstance":{"edInstanceClassName":[["Data","Traversable"],"Traversable"],"edInstanceName":{"Ident":"traversableLast"},"edInstanceTypes":[{"tag":"TypeConstructor","contents":[["Data","Maybe","Last"],"Last"]}],"edInstanceConstraints":[]}},{"EDInstance":{"edInstanceClassName":[["Data","Traversable"],"Traversable"],"edInstanceName":{"Ident":"traversableAdditive"},"edInstanceTypes":[{"tag":"TypeConstructor","contents":[["Data","Monoid","Additive"],"Additive"]}],"edInstanceConstraints":[]}},{"EDInstance":{"edInstanceClassName":[["Data","Traversable"],"Traversable"],"edInstanceName":{"Ident":"traversableDual"},"edInstanceTypes":[{"tag":"TypeConstructor","contents":[["Data","Monoid","Dual"],"Dual"]}],"edInstanceConstraints":[]}},{"EDInstance":{"edInstanceClassName":[["Data","Traversable"],"Traversable"],"edInstanceName":{"Ident":"traversableConj"},"edInstanceTypes":[{"tag":"TypeConstructor","contents":[["Data","Monoid","Conj"],"Conj"]}],"edInstanceConstraints":[]}},{"EDInstance":{"edInstanceClassName":[["Data","Traversable"],"Traversable"],"edInstanceName":{"Ident":"traversableDisj"},"edInstanceTypes":[{"tag":"TypeConstructor","contents":[["Data","Monoid","Disj"],"Disj"]}],"edInstanceConstraints":[]}},{"EDInstance":{"edInstanceClassName":[["Data","Traversable"],"Traversable"],"edInstanceName":{"Ident":"traversableMultiplicative"},"edInstanceTypes":[{"tag":"TypeConstructor","contents":[["Data","Monoid","Multiplicative"],"Multiplicative"]}],"edInstanceConstraints":[]}}],"efSourceSpan":{"start":[1,1],"name":"/home/stpl/Desktop/purs/Main-Project/bower_components/purescript-foldable-traversable/src/Data/Traversable.purs","end":[190,69]}}