{"efVersion":"0.11.7","efModuleName":["Control","Alt"],"efExports":[{"ReExportRef":[{"start":[1,1],"name":"/home/stpl/Desktop/purs/Main-Project/bower_components/purescript-control/src/Control/Alt.purs","end":[27,9]},["Data","Functor"],{"TypeClassRef":[{"start":[1,1],"name":"/home/stpl/Desktop/purs/Main-Project/bower_components/purescript-control/src/Control/Alt.purs","end":[27,9]},"Functor"]}]},{"ReExportRef":[{"start":[1,1],"name":"/home/stpl/Desktop/purs/Main-Project/bower_components/purescript-control/src/Control/Alt.purs","end":[27,9]},["Data","Functor"],{"ValueRef":[{"start":[1,1],"name":"/home/stpl/Desktop/purs/Main-Project/bower_components/purescript-control/src/Control/Alt.purs","end":[27,9]},{"Ident":"map"}]}]},{"ReExportRef":[{"start":[1,1],"name":"/home/stpl/Desktop/purs/Main-Project/bower_components/purescript-control/src/Control/Alt.purs","end":[27,9]},["Data","Functor"],{"ValueRef":[{"start":[1,1],"name":"/home/stpl/Desktop/purs/Main-Project/bower_components/purescript-control/src/Control/Alt.purs","end":[27,9]},{"Ident":"void"}]}]},{"ReExportRef":[{"start":[1,1],"name":"/home/stpl/Desktop/purs/Main-Project/bower_components/purescript-control/src/Control/Alt.purs","end":[27,9]},["Data","Functor"],{"ValueOpRef":[{"start":[1,1],"name":"/home/stpl/Desktop/purs/Main-Project/bower_components/purescript-control/src/Control/Alt.purs","end":[27,9]},"$>"]}]},{"ReExportRef":[{"start":[1,1],"name":"/home/stpl/Desktop/purs/Main-Project/bower_components/purescript-control/src/Control/Alt.purs","end":[27,9]},["Data","Functor"],{"ValueOpRef":[{"start":[1,1],"name":"/home/stpl/Desktop/purs/Main-Project/bower_components/purescript-control/src/Control/Alt.purs","end":[27,9]},"<#>"]}]},{"ReExportRef":[{"start":[1,1],"name":"/home/stpl/Desktop/purs/Main-Project/bower_components/purescript-control/src/Control/Alt.purs","end":[27,9]},["Data","Functor"],{"ValueOpRef":[{"start":[1,1],"name":"/home/stpl/Desktop/purs/Main-Project/bower_components/purescript-control/src/Control/Alt.purs","end":[27,9]},"<$"]}]},{"ReExportRef":[{"start":[1,1],"name":"/home/stpl/Desktop/purs/Main-Project/bower_components/purescript-control/src/Control/Alt.purs","end":[27,9]},["Data","Functor"],{"ValueOpRef":[{"start":[1,1],"name":"/home/stpl/Desktop/purs/Main-Project/bower_components/purescript-control/src/Control/Alt.purs","end":[27,9]},"<$>"]}]},{"TypeClassRef":[{"start":[1,1],"name":"/home/stpl/Desktop/purs/Main-Project/bower_components/purescript-control/src/Control/Alt.purs","end":[27,9]},"Alt"]},{"ValueRef":[{"start":[1,1],"name":"/home/stpl/Desktop/purs/Main-Project/bower_components/purescript-control/src/Control/Alt.purs","end":[27,9]},{"Ident":"alt"}]},{"ValueOpRef":[{"start":[1,1],"name":"/home/stpl/Desktop/purs/Main-Project/bower_components/purescript-control/src/Control/Alt.purs","end":[27,9]},"<|>"]},{"ModuleRef":[{"start":[3,5],"name":"/home/stpl/Desktop/purs/Main-Project/bower_components/purescript-control/src/Control/Alt.purs","end":[3,24]},["Data","Functor"]]},{"TypeInstanceRef":[{"start":[0,0],"name":"<generated>","end":[0,0]},{"Ident":"altArray"}]}],"efImports":[{"eiModule":["Prim"],"eiImportType":{"Implicit":[]},"eiImportedAs":["Prim"]},{"eiModule":["Prim"],"eiImportType":{"Implicit":[]},"eiImportedAs":null},{"eiModule":["Data","Functor"],"eiImportType":{"Explicit":[{"TypeClassRef":[{"start":[6,22],"name":"/home/stpl/Desktop/purs/Main-Project/bower_components/purescript-control/src/Control/Alt.purs","end":[6,35]},"Functor"]},{"ValueRef":[{"start":[6,37],"name":"/home/stpl/Desktop/purs/Main-Project/bower_components/purescript-control/src/Control/Alt.purs","end":[6,40]},{"Ident":"map"}]},{"ValueRef":[{"start":[6,42],"name":"/home/stpl/Desktop/purs/Main-Project/bower_components/purescript-control/src/Control/Alt.purs","end":[6,46]},{"Ident":"void"}]},{"ValueOpRef":[{"start":[6,48],"name":"/home/stpl/Desktop/purs/Main-Project/bower_components/purescript-control/src/Control/Alt.purs","end":[6,52]},"$>"]},{"ValueOpRef":[{"start":[6,54],"name":"/home/stpl/Desktop/purs/Main-Project/bower_components/purescript-control/src/Control/Alt.purs","end":[6,59]},"<#>"]},{"ValueOpRef":[{"start":[6,61],"name":"/home/stpl/Desktop/purs/Main-Project/bower_components/purescript-control/src/Control/Alt.purs","end":[6,65]},"<$"]},{"ValueOpRef":[{"start":[6,67],"name":"/home/stpl/Desktop/purs/Main-Project/bower_components/purescript-control/src/Control/Alt.purs","end":[6,72]},"<$>"]}]},"eiImportedAs":null},{"eiModule":["Data","Semigroup"],"eiImportType":{"Explicit":[{"ValueRef":[{"start":[7,24],"name":"/home/stpl/Desktop/purs/Main-Project/bower_components/purescript-control/src/Control/Alt.purs","end":[7,30]},{"Ident":"append"}]}]},"eiImportedAs":null}],"efFixities":[{"efAssociativity":"infixl","efPrecedence":3,"efOperator":"<|>","efAlias":[["Control","Alt"],{"Left":{"Ident":"alt"}}]}],"efTypeFixities":[],"efDeclarations":[{"EDType":{"edTypeName":"Alt","edTypeKind":{"tag":"FunKind","contents":[{"tag":"FunKind","contents":[{"tag":"NamedKind","contents":[["Prim"],"Type"]},{"tag":"NamedKind","contents":[["Prim"],"Type"]}]},{"tag":"NamedKind","contents":[["Prim"],"Type"]}]},"edTypeDeclarationKind":"TypeSynonym"}},{"EDTypeSynonym":{"edTypeSynonymName":"Alt","edTypeSynonymArguments":[["f",null]],"edTypeSynonymType":{"tag":"TypeApp","contents":[{"tag":"TypeConstructor","contents":[["Prim"],"Record"]},{"tag":"RCons","contents":["alt",{"tag":"ForAll","contents":["a",{"tag":"TypeApp","contents":[{"tag":"TypeApp","contents":[{"tag":"TypeConstructor","contents":[["Prim"],"Function"]},{"tag":"TypeApp","contents":[{"tag":"TypeVar","contents":"f"},{"tag":"TypeVar","contents":"a"}]}]},{"tag":"TypeApp","contents":[{"tag":"TypeApp","contents":[{"tag":"TypeConstructor","contents":[["Prim"],"Function"]},{"tag":"TypeApp","contents":[{"tag":"TypeVar","contents":"f"},{"tag":"TypeVar","contents":"a"}]}]},{"tag":"TypeApp","contents":[{"tag":"TypeVar","contents":"f"},{"tag":"TypeVar","contents":"a"}]}]}]},null]},{"tag":"RCons","contents":["Functor0",{"tag":"TypeApp","contents":[{"tag":"TypeApp","contents":[{"tag":"TypeConstructor","contents":[["Prim"],"Function"]},{"tag":"TypeApp","contents":[{"tag":"TypeConstructor","contents":[["Prim"],"Record"]},{"tag":"REmpty"}]}]},{"tag":"TypeApp","contents":[{"tag":"TypeConstructor","contents":[["Data","Functor"],"Functor"]},{"tag":"TypeVar","contents":"f"}]}]},{"tag":"REmpty"}]}]}]}}},{"EDClass":{"edClassName":"Alt","edClassTypeArguments":[["f",null]],"edClassMembers":[[{"Ident":"alt"},{"tag":"ForAll","contents":["a",{"tag":"TypeApp","contents":[{"tag":"TypeApp","contents":[{"tag":"TypeConstructor","contents":[["Prim"],"Function"]},{"tag":"TypeApp","contents":[{"tag":"TypeVar","contents":"f"},{"tag":"TypeVar","contents":"a"}]}]},{"tag":"TypeApp","contents":[{"tag":"TypeApp","contents":[{"tag":"TypeConstructor","contents":[["Prim"],"Function"]},{"tag":"TypeApp","contents":[{"tag":"TypeVar","contents":"f"},{"tag":"TypeVar","contents":"a"}]}]},{"tag":"TypeApp","contents":[{"tag":"TypeVar","contents":"f"},{"tag":"TypeVar","contents":"a"}]}]}]},null]}]],"edClassConstraints":[{"constraintClass":[["Data","Functor"],"Functor"],"constraintArgs":[{"tag":"TypeVar","contents":"f"}],"constraintData":null}],"edFunctionalDependencies":[]}},{"EDValue":{"edValueName":{"Ident":"alt"},"edValueType":{"tag":"ForAll","contents":["f",{"tag":"ForAll","contents":["a",{"tag":"ConstrainedType","contents":[{"constraintClass":[["Control","Alt"],"Alt"],"constraintArgs":[{"tag":"TypeVar","contents":"f"}],"constraintData":null},{"tag":"TypeApp","contents":[{"tag":"TypeApp","contents":[{"tag":"TypeConstructor","contents":[["Prim"],"Function"]},{"tag":"TypeApp","contents":[{"tag":"TypeVar","contents":"f"},{"tag":"TypeVar","contents":"a"}]}]},{"tag":"TypeApp","contents":[{"tag":"TypeApp","contents":[{"tag":"TypeConstructor","contents":[["Prim"],"Function"]},{"tag":"TypeApp","contents":[{"tag":"TypeVar","contents":"f"},{"tag":"TypeVar","contents":"a"}]}]},{"tag":"TypeApp","contents":[{"tag":"TypeVar","contents":"f"},{"tag":"TypeVar","contents":"a"}]}]}]}]},4]},5]}}},{"EDInstance":{"edInstanceClassName":[["Control","Alt"],"Alt"],"edInstanceName":{"Ident":"altArray"},"edInstanceTypes":[{"tag":"TypeConstructor","contents":[["Prim"],"Array"]}],"edInstanceConstraints":[]}}],"efSourceSpan":{"start":[1,1],"name":"/home/stpl/Desktop/purs/Main-Project/bower_components/purescript-control/src/Control/Alt.purs","end":[27,9]}}