{"efVersion":"0.11.7","efModuleName":["Data","Time","Duration"],"efExports":[{"ValueRef":[{"start":[1,1],"name":"/home/stpl/Desktop/purs/MainRebuilt/bower_components/purescript-datetime/src/Data/Time/Duration.purs","end":[100,49]},{"Ident":"fromDuration"}]},{"ValueRef":[{"start":[1,1],"name":"/home/stpl/Desktop/purs/MainRebuilt/bower_components/purescript-datetime/src/Data/Time/Duration.purs","end":[100,49]},{"Ident":"toDuration"}]},{"TypeRef":[{"start":[1,1],"name":"/home/stpl/Desktop/purs/MainRebuilt/bower_components/purescript-datetime/src/Data/Time/Duration.purs","end":[100,49]},"Milliseconds",["Milliseconds"]]},{"TypeRef":[{"start":[1,1],"name":"/home/stpl/Desktop/purs/MainRebuilt/bower_components/purescript-datetime/src/Data/Time/Duration.purs","end":[100,49]},"Seconds",["Seconds"]]},{"TypeRef":[{"start":[1,1],"name":"/home/stpl/Desktop/purs/MainRebuilt/bower_components/purescript-datetime/src/Data/Time/Duration.purs","end":[100,49]},"Minutes",["Minutes"]]},{"TypeRef":[{"start":[1,1],"name":"/home/stpl/Desktop/purs/MainRebuilt/bower_components/purescript-datetime/src/Data/Time/Duration.purs","end":[100,49]},"Hours",["Hours"]]},{"TypeRef":[{"start":[1,1],"name":"/home/stpl/Desktop/purs/MainRebuilt/bower_components/purescript-datetime/src/Data/Time/Duration.purs","end":[100,49]},"Days",["Days"]]},{"TypeClassRef":[{"start":[1,1],"name":"/home/stpl/Desktop/purs/MainRebuilt/bower_components/purescript-datetime/src/Data/Time/Duration.purs","end":[100,49]},"Duration"]},{"ValueRef":[{"start":[1,1],"name":"/home/stpl/Desktop/purs/MainRebuilt/bower_components/purescript-datetime/src/Data/Time/Duration.purs","end":[100,49]},{"Ident":"convertDuration"}]},{"TypeInstanceRef":[{"start":[0,0],"name":"<generated>","end":[0,0]},{"Ident":"newtypeMilliseconds"}]},{"TypeInstanceRef":[{"start":[0,0],"name":"<generated>","end":[0,0]},{"Ident":"genericMilliseconds"}]},{"TypeInstanceRef":[{"start":[0,0],"name":"<generated>","end":[0,0]},{"Ident":"eqMilliseconds"}]},{"TypeInstanceRef":[{"start":[0,0],"name":"<generated>","end":[0,0]},{"Ident":"ordMilliseconds"}]},{"TypeInstanceRef":[{"start":[0,0],"name":"<generated>","end":[0,0]},{"Ident":"semiringMilliseconds"}]},{"TypeInstanceRef":[{"start":[0,0],"name":"<generated>","end":[0,0]},{"Ident":"ringMilliseconds"}]},{"TypeInstanceRef":[{"start":[0,0],"name":"<generated>","end":[0,0]},{"Ident":"showMilliseconds"}]},{"TypeInstanceRef":[{"start":[0,0],"name":"<generated>","end":[0,0]},{"Ident":"newtypeSeconds"}]},{"TypeInstanceRef":[{"start":[0,0],"name":"<generated>","end":[0,0]},{"Ident":"genericSeconds"}]},{"TypeInstanceRef":[{"start":[0,0],"name":"<generated>","end":[0,0]},{"Ident":"eqSeconds"}]},{"TypeInstanceRef":[{"start":[0,0],"name":"<generated>","end":[0,0]},{"Ident":"ordSeconds"}]},{"TypeInstanceRef":[{"start":[0,0],"name":"<generated>","end":[0,0]},{"Ident":"semiringSeconds"}]},{"TypeInstanceRef":[{"start":[0,0],"name":"<generated>","end":[0,0]},{"Ident":"ringSeconds"}]},{"TypeInstanceRef":[{"start":[0,0],"name":"<generated>","end":[0,0]},{"Ident":"showSeconds"}]},{"TypeInstanceRef":[{"start":[0,0],"name":"<generated>","end":[0,0]},{"Ident":"newtypeMinutes"}]},{"TypeInstanceRef":[{"start":[0,0],"name":"<generated>","end":[0,0]},{"Ident":"genericMinutes"}]},{"TypeInstanceRef":[{"start":[0,0],"name":"<generated>","end":[0,0]},{"Ident":"eqMinutes"}]},{"TypeInstanceRef":[{"start":[0,0],"name":"<generated>","end":[0,0]},{"Ident":"ordMinutes"}]},{"TypeInstanceRef":[{"start":[0,0],"name":"<generated>","end":[0,0]},{"Ident":"semiringMinutes"}]},{"TypeInstanceRef":[{"start":[0,0],"name":"<generated>","end":[0,0]},{"Ident":"ringMinutes"}]},{"TypeInstanceRef":[{"start":[0,0],"name":"<generated>","end":[0,0]},{"Ident":"showMinutes"}]},{"TypeInstanceRef":[{"start":[0,0],"name":"<generated>","end":[0,0]},{"Ident":"newtypeHours"}]},{"TypeInstanceRef":[{"start":[0,0],"name":"<generated>","end":[0,0]},{"Ident":"genericHours"}]},{"TypeInstanceRef":[{"start":[0,0],"name":"<generated>","end":[0,0]},{"Ident":"eqHours"}]},{"TypeInstanceRef":[{"start":[0,0],"name":"<generated>","end":[0,0]},{"Ident":"ordHours"}]},{"TypeInstanceRef":[{"start":[0,0],"name":"<generated>","end":[0,0]},{"Ident":"semiringHours"}]},{"TypeInstanceRef":[{"start":[0,0],"name":"<generated>","end":[0,0]},{"Ident":"ringHours"}]},{"TypeInstanceRef":[{"start":[0,0],"name":"<generated>","end":[0,0]},{"Ident":"showHours"}]},{"TypeInstanceRef":[{"start":[0,0],"name":"<generated>","end":[0,0]},{"Ident":"newtypeDays"}]},{"TypeInstanceRef":[{"start":[0,0],"name":"<generated>","end":[0,0]},{"Ident":"genericDays"}]},{"TypeInstanceRef":[{"start":[0,0],"name":"<generated>","end":[0,0]},{"Ident":"eqDays"}]},{"TypeInstanceRef":[{"start":[0,0],"name":"<generated>","end":[0,0]},{"Ident":"ordDays"}]},{"TypeInstanceRef":[{"start":[0,0],"name":"<generated>","end":[0,0]},{"Ident":"semiringDays"}]},{"TypeInstanceRef":[{"start":[0,0],"name":"<generated>","end":[0,0]},{"Ident":"ringDays"}]},{"TypeInstanceRef":[{"start":[0,0],"name":"<generated>","end":[0,0]},{"Ident":"showDays"}]},{"TypeInstanceRef":[{"start":[0,0],"name":"<generated>","end":[0,0]},{"Ident":"durationMilliseconds"}]},{"TypeInstanceRef":[{"start":[0,0],"name":"<generated>","end":[0,0]},{"Ident":"durationSeconds"}]},{"TypeInstanceRef":[{"start":[0,0],"name":"<generated>","end":[0,0]},{"Ident":"durationMinutes"}]},{"TypeInstanceRef":[{"start":[0,0],"name":"<generated>","end":[0,0]},{"Ident":"durationHours"}]},{"TypeInstanceRef":[{"start":[0,0],"name":"<generated>","end":[0,0]},{"Ident":"durationDays"}]}],"efImports":[{"eiModule":["Prim"],"eiImportType":{"Implicit":[]},"eiImportedAs":["Prim"]},{"eiModule":["Prim"],"eiImportType":{"Implicit":[]},"eiImportedAs":null},{"eiModule":["Prelude"],"eiImportType":{"Implicit":[]},"eiImportedAs":null},{"eiModule":["Data","Generic"],"eiImportType":{"Explicit":[{"TypeClassRef":[{"start":[5,22],"name":"/home/stpl/Desktop/purs/MainRebuilt/bower_components/purescript-datetime/src/Data/Time/Duration.purs","end":[5,35]},"Generic"]}]},"eiImportedAs":null},{"eiModule":["Data","Newtype"],"eiImportType":{"Explicit":[{"TypeClassRef":[{"start":[6,22],"name":"/home/stpl/Desktop/purs/MainRebuilt/bower_components/purescript-datetime/src/Data/Time/Duration.purs","end":[6,35]},"Newtype"]},{"ValueRef":[{"start":[6,37],"name":"/home/stpl/Desktop/purs/MainRebuilt/bower_components/purescript-datetime/src/Data/Time/Duration.purs","end":[6,41]},{"Ident":"over"}]}]},"eiImportedAs":null}],"efFixities":[],"efTypeFixities":[],"efDeclarations":[{"EDValue":{"edValueName":{"Ident":"fromDuration"},"edValueType":{"tag":"ForAll","contents":["a",{"tag":"ConstrainedType","contents":[{"constraintClass":[["Data","Time","Duration"],"Duration"],"constraintArgs":[{"tag":"TypeVar","contents":"a"}],"constraintData":null},{"tag":"TypeApp","contents":[{"tag":"TypeApp","contents":[{"tag":"TypeConstructor","contents":[["Prim"],"Function"]},{"tag":"TypeVar","contents":"a"}]},{"tag":"TypeConstructor","contents":[["Data","Time","Duration"],"Milliseconds"]}]}]},6]}}},{"EDValue":{"edValueName":{"Ident":"toDuration"},"edValueType":{"tag":"ForAll","contents":["a",{"tag":"ConstrainedType","contents":[{"constraintClass":[["Data","Time","Duration"],"Duration"],"constraintArgs":[{"tag":"TypeVar","contents":"a"}],"constraintData":null},{"tag":"TypeApp","contents":[{"tag":"TypeApp","contents":[{"tag":"TypeConstructor","contents":[["Prim"],"Function"]},{"tag":"TypeConstructor","contents":[["Data","Time","Duration"],"Milliseconds"]}]},{"tag":"TypeVar","contents":"a"}]}]},0]}}},{"EDType":{"edTypeName":"Milliseconds","edTypeKind":{"tag":"NamedKind","contents":[["Prim"],"Type"]},"edTypeDeclarationKind":{"DataType":{"args":[],"ctors":[["Milliseconds",[{"tag":"TypeConstructor","contents":[["Prim"],"Number"]}]]]}}}},{"EDDataConstructor":{"edDataCtorName":"Milliseconds","edDataCtorOrigin":"newtype","edDataCtorTypeCtor":"Milliseconds","edDataCtorType":{"tag":"TypeApp","contents":[{"tag":"TypeApp","contents":[{"tag":"TypeConstructor","contents":[["Prim"],"Function"]},{"tag":"TypeConstructor","contents":[["Prim"],"Number"]}]},{"tag":"TypeConstructor","contents":[["Data","Time","Duration"],"Milliseconds"]}]},"edDataCtorFields":[{"Ident":"value0"}]}},{"EDType":{"edTypeName":"Seconds","edTypeKind":{"tag":"NamedKind","contents":[["Prim"],"Type"]},"edTypeDeclarationKind":{"DataType":{"args":[],"ctors":[["Seconds",[{"tag":"TypeConstructor","contents":[["Prim"],"Number"]}]]]}}}},{"EDDataConstructor":{"edDataCtorName":"Seconds","edDataCtorOrigin":"newtype","edDataCtorTypeCtor":"Seconds","edDataCtorType":{"tag":"TypeApp","contents":[{"tag":"TypeApp","contents":[{"tag":"TypeConstructor","contents":[["Prim"],"Function"]},{"tag":"TypeConstructor","contents":[["Prim"],"Number"]}]},{"tag":"TypeConstructor","contents":[["Data","Time","Duration"],"Seconds"]}]},"edDataCtorFields":[{"Ident":"value0"}]}},{"EDType":{"edTypeName":"Minutes","edTypeKind":{"tag":"NamedKind","contents":[["Prim"],"Type"]},"edTypeDeclarationKind":{"DataType":{"args":[],"ctors":[["Minutes",[{"tag":"TypeConstructor","contents":[["Prim"],"Number"]}]]]}}}},{"EDDataConstructor":{"edDataCtorName":"Minutes","edDataCtorOrigin":"newtype","edDataCtorTypeCtor":"Minutes","edDataCtorType":{"tag":"TypeApp","contents":[{"tag":"TypeApp","contents":[{"tag":"TypeConstructor","contents":[["Prim"],"Function"]},{"tag":"TypeConstructor","contents":[["Prim"],"Number"]}]},{"tag":"TypeConstructor","contents":[["Data","Time","Duration"],"Minutes"]}]},"edDataCtorFields":[{"Ident":"value0"}]}},{"EDType":{"edTypeName":"Hours","edTypeKind":{"tag":"NamedKind","contents":[["Prim"],"Type"]},"edTypeDeclarationKind":{"DataType":{"args":[],"ctors":[["Hours",[{"tag":"TypeConstructor","contents":[["Prim"],"Number"]}]]]}}}},{"EDDataConstructor":{"edDataCtorName":"Hours","edDataCtorOrigin":"newtype","edDataCtorTypeCtor":"Hours","edDataCtorType":{"tag":"TypeApp","contents":[{"tag":"TypeApp","contents":[{"tag":"TypeConstructor","contents":[["Prim"],"Function"]},{"tag":"TypeConstructor","contents":[["Prim"],"Number"]}]},{"tag":"TypeConstructor","contents":[["Data","Time","Duration"],"Hours"]}]},"edDataCtorFields":[{"Ident":"value0"}]}},{"EDType":{"edTypeName":"Days","edTypeKind":{"tag":"NamedKind","contents":[["Prim"],"Type"]},"edTypeDeclarationKind":{"DataType":{"args":[],"ctors":[["Days",[{"tag":"TypeConstructor","contents":[["Prim"],"Number"]}]]]}}}},{"EDDataConstructor":{"edDataCtorName":"Days","edDataCtorOrigin":"newtype","edDataCtorTypeCtor":"Days","edDataCtorType":{"tag":"TypeApp","contents":[{"tag":"TypeApp","contents":[{"tag":"TypeConstructor","contents":[["Prim"],"Function"]},{"tag":"TypeConstructor","contents":[["Prim"],"Number"]}]},{"tag":"TypeConstructor","contents":[["Data","Time","Duration"],"Days"]}]},"edDataCtorFields":[{"Ident":"value0"}]}},{"EDType":{"edTypeName":"Duration","edTypeKind":{"tag":"FunKind","contents":[{"tag":"NamedKind","contents":[["Prim"],"Type"]},{"tag":"NamedKind","contents":[["Prim"],"Type"]}]},"edTypeDeclarationKind":"TypeSynonym"}},{"EDTypeSynonym":{"edTypeSynonymName":"Duration","edTypeSynonymArguments":[["a",null]],"edTypeSynonymType":{"tag":"TypeApp","contents":[{"tag":"TypeConstructor","contents":[["Prim"],"Record"]},{"tag":"RCons","contents":["fromDuration",{"tag":"TypeApp","contents":[{"tag":"TypeApp","contents":[{"tag":"TypeConstructor","contents":[["Prim"],"Function"]},{"tag":"TypeVar","contents":"a"}]},{"tag":"TypeConstructor","contents":[["Data","Time","Duration"],"Milliseconds"]}]},{"tag":"RCons","contents":["toDuration",{"tag":"TypeApp","contents":[{"tag":"TypeApp","contents":[{"tag":"TypeConstructor","contents":[["Prim"],"Function"]},{"tag":"TypeConstructor","contents":[["Data","Time","Duration"],"Milliseconds"]}]},{"tag":"TypeVar","contents":"a"}]},{"tag":"REmpty"}]}]}]}}},{"EDClass":{"edClassName":"Duration","edClassTypeArguments":[["a",null]],"edClassMembers":[[{"Ident":"fromDuration"},{"tag":"TypeApp","contents":[{"tag":"TypeApp","contents":[{"tag":"TypeConstructor","contents":[["Prim"],"Function"]},{"tag":"TypeVar","contents":"a"}]},{"tag":"TypeConstructor","contents":[["Data","Time","Duration"],"Milliseconds"]}]}],[{"Ident":"toDuration"},{"tag":"TypeApp","contents":[{"tag":"TypeApp","contents":[{"tag":"TypeConstructor","contents":[["Prim"],"Function"]},{"tag":"TypeConstructor","contents":[["Data","Time","Duration"],"Milliseconds"]}]},{"tag":"TypeVar","contents":"a"}]}]],"edClassConstraints":[],"edFunctionalDependencies":[]}},{"EDValue":{"edValueName":{"Ident":"convertDuration"},"edValueType":{"tag":"ForAll","contents":["b",{"tag":"ForAll","contents":["a",{"tag":"ConstrainedType","contents":[{"constraintClass":[["Data","Time","Duration"],"Duration"],"constraintArgs":[{"tag":"TypeVar","contents":"a"}],"constraintData":null},{"tag":"ConstrainedType","contents":[{"constraintClass":[["Data","Time","Duration"],"Duration"],"constraintArgs":[{"tag":"TypeVar","contents":"b"}],"constraintData":null},{"tag":"TypeApp","contents":[{"tag":"TypeApp","contents":[{"tag":"TypeConstructor","contents":[["Prim"],"Function"]},{"tag":"TypeVar","contents":"a"}]},{"tag":"TypeVar","contents":"b"}]}]}]},7]},8]}}},{"EDInstance":{"edInstanceClassName":[["Data","Newtype"],"Newtype"],"edInstanceName":{"Ident":"newtypeMilliseconds"},"edInstanceTypes":[{"tag":"TypeConstructor","contents":[["Data","Time","Duration"],"Milliseconds"]},{"tag":"TypeConstructor","contents":[["Prim"],"Number"]}],"edInstanceConstraints":[]}},{"EDInstance":{"edInstanceClassName":[["Data","Generic"],"Generic"],"edInstanceName":{"Ident":"genericMilliseconds"},"edInstanceTypes":[{"tag":"TypeConstructor","contents":[["Data","Time","Duration"],"Milliseconds"]}],"edInstanceConstraints":[]}},{"EDInstance":{"edInstanceClassName":[["Data","Eq"],"Eq"],"edInstanceName":{"Ident":"eqMilliseconds"},"edInstanceTypes":[{"tag":"TypeConstructor","contents":[["Data","Time","Duration"],"Milliseconds"]}],"edInstanceConstraints":[]}},{"EDInstance":{"edInstanceClassName":[["Data","Ord"],"Ord"],"edInstanceName":{"Ident":"ordMilliseconds"},"edInstanceTypes":[{"tag":"TypeConstructor","contents":[["Data","Time","Duration"],"Milliseconds"]}],"edInstanceConstraints":[]}},{"EDInstance":{"edInstanceClassName":[["Data","Semiring"],"Semiring"],"edInstanceName":{"Ident":"semiringMilliseconds"},"edInstanceTypes":[{"tag":"TypeConstructor","contents":[["Data","Time","Duration"],"Milliseconds"]}],"edInstanceConstraints":[]}},{"EDInstance":{"edInstanceClassName":[["Data","Ring"],"Ring"],"edInstanceName":{"Ident":"ringMilliseconds"},"edInstanceTypes":[{"tag":"TypeConstructor","contents":[["Data","Time","Duration"],"Milliseconds"]}],"edInstanceConstraints":[]}},{"EDInstance":{"edInstanceClassName":[["Data","Show"],"Show"],"edInstanceName":{"Ident":"showMilliseconds"},"edInstanceTypes":[{"tag":"TypeConstructor","contents":[["Data","Time","Duration"],"Milliseconds"]}],"edInstanceConstraints":[]}},{"EDInstance":{"edInstanceClassName":[["Data","Newtype"],"Newtype"],"edInstanceName":{"Ident":"newtypeSeconds"},"edInstanceTypes":[{"tag":"TypeConstructor","contents":[["Data","Time","Duration"],"Seconds"]},{"tag":"TypeConstructor","contents":[["Prim"],"Number"]}],"edInstanceConstraints":[]}},{"EDInstance":{"edInstanceClassName":[["Data","Generic"],"Generic"],"edInstanceName":{"Ident":"genericSeconds"},"edInstanceTypes":[{"tag":"TypeConstructor","contents":[["Data","Time","Duration"],"Seconds"]}],"edInstanceConstraints":[]}},{"EDInstance":{"edInstanceClassName":[["Data","Eq"],"Eq"],"edInstanceName":{"Ident":"eqSeconds"},"edInstanceTypes":[{"tag":"TypeConstructor","contents":[["Data","Time","Duration"],"Seconds"]}],"edInstanceConstraints":[]}},{"EDInstance":{"edInstanceClassName":[["Data","Ord"],"Ord"],"edInstanceName":{"Ident":"ordSeconds"},"edInstanceTypes":[{"tag":"TypeConstructor","contents":[["Data","Time","Duration"],"Seconds"]}],"edInstanceConstraints":[]}},{"EDInstance":{"edInstanceClassName":[["Data","Semiring"],"Semiring"],"edInstanceName":{"Ident":"semiringSeconds"},"edInstanceTypes":[{"tag":"TypeConstructor","contents":[["Data","Time","Duration"],"Seconds"]}],"edInstanceConstraints":[]}},{"EDInstance":{"edInstanceClassName":[["Data","Ring"],"Ring"],"edInstanceName":{"Ident":"ringSeconds"},"edInstanceTypes":[{"tag":"TypeConstructor","contents":[["Data","Time","Duration"],"Seconds"]}],"edInstanceConstraints":[]}},{"EDInstance":{"edInstanceClassName":[["Data","Show"],"Show"],"edInstanceName":{"Ident":"showSeconds"},"edInstanceTypes":[{"tag":"TypeConstructor","contents":[["Data","Time","Duration"],"Seconds"]}],"edInstanceConstraints":[]}},{"EDInstance":{"edInstanceClassName":[["Data","Newtype"],"Newtype"],"edInstanceName":{"Ident":"newtypeMinutes"},"edInstanceTypes":[{"tag":"TypeConstructor","contents":[["Data","Time","Duration"],"Minutes"]},{"tag":"TypeConstructor","contents":[["Prim"],"Number"]}],"edInstanceConstraints":[]}},{"EDInstance":{"edInstanceClassName":[["Data","Generic"],"Generic"],"edInstanceName":{"Ident":"genericMinutes"},"edInstanceTypes":[{"tag":"TypeConstructor","contents":[["Data","Time","Duration"],"Minutes"]}],"edInstanceConstraints":[]}},{"EDInstance":{"edInstanceClassName":[["Data","Eq"],"Eq"],"edInstanceName":{"Ident":"eqMinutes"},"edInstanceTypes":[{"tag":"TypeConstructor","contents":[["Data","Time","Duration"],"Minutes"]}],"edInstanceConstraints":[]}},{"EDInstance":{"edInstanceClassName":[["Data","Ord"],"Ord"],"edInstanceName":{"Ident":"ordMinutes"},"edInstanceTypes":[{"tag":"TypeConstructor","contents":[["Data","Time","Duration"],"Minutes"]}],"edInstanceConstraints":[]}},{"EDInstance":{"edInstanceClassName":[["Data","Semiring"],"Semiring"],"edInstanceName":{"Ident":"semiringMinutes"},"edInstanceTypes":[{"tag":"TypeConstructor","contents":[["Data","Time","Duration"],"Minutes"]}],"edInstanceConstraints":[]}},{"EDInstance":{"edInstanceClassName":[["Data","Ring"],"Ring"],"edInstanceName":{"Ident":"ringMinutes"},"edInstanceTypes":[{"tag":"TypeConstructor","contents":[["Data","Time","Duration"],"Minutes"]}],"edInstanceConstraints":[]}},{"EDInstance":{"edInstanceClassName":[["Data","Show"],"Show"],"edInstanceName":{"Ident":"showMinutes"},"edInstanceTypes":[{"tag":"TypeConstructor","contents":[["Data","Time","Duration"],"Minutes"]}],"edInstanceConstraints":[]}},{"EDInstance":{"edInstanceClassName":[["Data","Newtype"],"Newtype"],"edInstanceName":{"Ident":"newtypeHours"},"edInstanceTypes":[{"tag":"TypeConstructor","contents":[["Data","Time","Duration"],"Hours"]},{"tag":"TypeConstructor","contents":[["Prim"],"Number"]}],"edInstanceConstraints":[]}},{"EDInstance":{"edInstanceClassName":[["Data","Generic"],"Generic"],"edInstanceName":{"Ident":"genericHours"},"edInstanceTypes":[{"tag":"TypeConstructor","contents":[["Data","Time","Duration"],"Hours"]}],"edInstanceConstraints":[]}},{"EDInstance":{"edInstanceClassName":[["Data","Eq"],"Eq"],"edInstanceName":{"Ident":"eqHours"},"edInstanceTypes":[{"tag":"TypeConstructor","contents":[["Data","Time","Duration"],"Hours"]}],"edInstanceConstraints":[]}},{"EDInstance":{"edInstanceClassName":[["Data","Ord"],"Ord"],"edInstanceName":{"Ident":"ordHours"},"edInstanceTypes":[{"tag":"TypeConstructor","contents":[["Data","Time","Duration"],"Hours"]}],"edInstanceConstraints":[]}},{"EDInstance":{"edInstanceClassName":[["Data","Semiring"],"Semiring"],"edInstanceName":{"Ident":"semiringHours"},"edInstanceTypes":[{"tag":"TypeConstructor","contents":[["Data","Time","Duration"],"Hours"]}],"edInstanceConstraints":[]}},{"EDInstance":{"edInstanceClassName":[["Data","Ring"],"Ring"],"edInstanceName":{"Ident":"ringHours"},"edInstanceTypes":[{"tag":"TypeConstructor","contents":[["Data","Time","Duration"],"Hours"]}],"edInstanceConstraints":[]}},{"EDInstance":{"edInstanceClassName":[["Data","Show"],"Show"],"edInstanceName":{"Ident":"showHours"},"edInstanceTypes":[{"tag":"TypeConstructor","contents":[["Data","Time","Duration"],"Hours"]}],"edInstanceConstraints":[]}},{"EDInstance":{"edInstanceClassName":[["Data","Newtype"],"Newtype"],"edInstanceName":{"Ident":"newtypeDays"},"edInstanceTypes":[{"tag":"TypeConstructor","contents":[["Data","Time","Duration"],"Days"]},{"tag":"TypeConstructor","contents":[["Prim"],"Number"]}],"edInstanceConstraints":[]}},{"EDInstance":{"edInstanceClassName":[["Data","Generic"],"Generic"],"edInstanceName":{"Ident":"genericDays"},"edInstanceTypes":[{"tag":"TypeConstructor","contents":[["Data","Time","Duration"],"Days"]}],"edInstanceConstraints":[]}},{"EDInstance":{"edInstanceClassName":[["Data","Eq"],"Eq"],"edInstanceName":{"Ident":"eqDays"},"edInstanceTypes":[{"tag":"TypeConstructor","contents":[["Data","Time","Duration"],"Days"]}],"edInstanceConstraints":[]}},{"EDInstance":{"edInstanceClassName":[["Data","Ord"],"Ord"],"edInstanceName":{"Ident":"ordDays"},"edInstanceTypes":[{"tag":"TypeConstructor","contents":[["Data","Time","Duration"],"Days"]}],"edInstanceConstraints":[]}},{"EDInstance":{"edInstanceClassName":[["Data","Semiring"],"Semiring"],"edInstanceName":{"Ident":"semiringDays"},"edInstanceTypes":[{"tag":"TypeConstructor","contents":[["Data","Time","Duration"],"Days"]}],"edInstanceConstraints":[]}},{"EDInstance":{"edInstanceClassName":[["Data","Ring"],"Ring"],"edInstanceName":{"Ident":"ringDays"},"edInstanceTypes":[{"tag":"TypeConstructor","contents":[["Data","Time","Duration"],"Days"]}],"edInstanceConstraints":[]}},{"EDInstance":{"edInstanceClassName":[["Data","Show"],"Show"],"edInstanceName":{"Ident":"showDays"},"edInstanceTypes":[{"tag":"TypeConstructor","contents":[["Data","Time","Duration"],"Days"]}],"edInstanceConstraints":[]}},{"EDInstance":{"edInstanceClassName":[["Data","Time","Duration"],"Duration"],"edInstanceName":{"Ident":"durationMilliseconds"},"edInstanceTypes":[{"tag":"TypeConstructor","contents":[["Data","Time","Duration"],"Milliseconds"]}],"edInstanceConstraints":[]}},{"EDInstance":{"edInstanceClassName":[["Data","Time","Duration"],"Duration"],"edInstanceName":{"Ident":"durationSeconds"},"edInstanceTypes":[{"tag":"TypeConstructor","contents":[["Data","Time","Duration"],"Seconds"]}],"edInstanceConstraints":[]}},{"EDInstance":{"edInstanceClassName":[["Data","Time","Duration"],"Duration"],"edInstanceName":{"Ident":"durationMinutes"},"edInstanceTypes":[{"tag":"TypeConstructor","contents":[["Data","Time","Duration"],"Minutes"]}],"edInstanceConstraints":[]}},{"EDInstance":{"edInstanceClassName":[["Data","Time","Duration"],"Duration"],"edInstanceName":{"Ident":"durationHours"},"edInstanceTypes":[{"tag":"TypeConstructor","contents":[["Data","Time","Duration"],"Hours"]}],"edInstanceConstraints":[]}},{"EDInstance":{"edInstanceClassName":[["Data","Time","Duration"],"Duration"],"edInstanceName":{"Ident":"durationDays"},"edInstanceTypes":[{"tag":"TypeConstructor","contents":[["Data","Time","Duration"],"Days"]}],"edInstanceConstraints":[]}}],"efSourceSpan":{"start":[1,1],"name":"/home/stpl/Desktop/purs/MainRebuilt/bower_components/purescript-datetime/src/Data/Time/Duration.purs","end":[100,49]}}